Date,Product,Category,Region,Channel,Units,Price,Revenue,Returns,Rating
2025-03-09,Mouse Pad,Accessories,Pattaya,Online,28,149,4172,1,4.7
2025-10-26,Phone Stand,Accessories,Khon Kaen,In-Store,9,890,8010,1,3.0
2025-02-09,Phone Stand,Accessories,Khon Kaen,In-Store,16,890,14240,0,3.8
2025-09-30,Mouse Pad,Accessories,Bangkok,In-Store,8,299,2392,0,3.1
2025-11-06,Wireless Charger,Electronics,Phuket,In-Store,31,199,6169,1,3.8
2025-12-22,Phone Stand,Accessories,Chiang Mai,In-Store,39,299,11661,0,3.8
2025-01-08,Power Bank,Electronics,Khon Kaen,In-Store,48,1290,61920,2,3.1
2025-03-13,Keyboard Cover,Accessories,Bangkok,Marketplace,44,149,6556,1,3.5
2025-05-01,Keyboard Cover,Accessories,Khon Kaen,Marketplace,31,149,4619,3,4.6
2025-12-28,Mouse Pad,Accessories,Bangkok,Marketplace,13,890,11570,0,3.9
2025-01-06,Laptop Bag,Bags,Chiang Mai,In-Store,14,349,4886,0,3.2
2025-10-17,Wireless Charger,Electronics,Chiang Mai,In-Store,22,1590,34980,2,4.2
2025-02-21,Screen Protector,Accessories,Bangkok,In-Store,10,890,8900,0,3.6
2025-12-06,Screen Protector,Accessories,Phuket,In-Store,47,349,16403,1,4.4
2025-09-28,Phone Stand,Accessories,Khon Kaen,In-Store,40,1290,51600,4,4.0
2025-09-05,Phone Stand,Accessories,Khon Kaen,Marketplace,7,599,4193,1,3.4
2025-08-12,Power Bank,Electronics,Phuket,Online,5,199,995,0,4.3
2025-05-17,Bluetooth Earbuds,Electronics,Phuket,Online,47,599,28153,3,3.6
2025-02-01,Wireless Charger,Electronics,Khon Kaen,In-Store,46,299,13754,3,4.5
2025-02-09,Wireless Charger,Electronics,Khon Kaen,Marketplace,26,299,7774,2,3.8
2025-02-10,Mouse Pad,Accessories,Phuket,In-Store,31,99,3069,1,4.7
2025-09-27,Bluetooth Earbuds,Electronics,Chiang Mai,Online,39,1290,50310,0,4.5
2025-02-15,Keyboard Cover,Accessories,Bangkok,Marketplace,12,599,7188,0,4.3
2025-11-02,Keyboard Cover,Accessories,Chiang Mai,In-Store,17,1590,27030,0,3.0
2025-04-18,iPhone Case,Accessories,Phuket,Online,46,199,9154,4,4.0
2025-01-09,Mouse Pad,Accessories,Bangkok,Online,50,599,29950,2,5.0
2025-12-26,USB-C Cable,Accessories,Bangkok,Marketplace,46,1290,59340,1,3.2
2025-02-17,Screen Protector,Accessories,Pattaya,Marketplace,2,99,198,1,3.6
2025-06-14,Screen Protector,Accessories,Chiang Mai,Online,26,199,5174,2,3.2
2025-06-28,Keyboard Cover,Accessories,Pattaya,In-Store,7,349,2443,0,4.1
2025-04-09,Laptop Bag,Bags,Phuket,Marketplace,46,99,4554,1,4.1
2025-03-17,Keyboard Cover,Accessories,Khon Kaen,Marketplace,48,99,4752,1,4.7
2025-03-23,iPhone Case,Accessories,Bangkok,In-Store,19,1590,30210,0,4.9
2025-11-19,iPhone Case,Accessories,Khon Kaen,In-Store,12,599,7188,1,3.7
2025-11-16,Bluetooth Earbuds,Electronics,Chiang Mai,Marketplace,41,299,12259,4,3.2
2025-11-03,Laptop Bag,Bags,Chiang Mai,Online,5,349,1745,1,4.8
2025-01-07,Bluetooth Earbuds,Electronics,Phuket,In-Store,28,1290,36120,1,4.5
2025-07-21,Power Bank,Electronics,Bangkok,In-Store,33,1590,52470,2,4.9
2025-12-08,Bluetooth Earbuds,Electronics,Chiang Mai,Marketplace,45,199,8955,0,4.6
2025-08-11,Keyboard Cover,Accessories,Phuket,Marketplace,27,890,24030,1,4.0
2025-11-16,Bluetooth Earbuds,Electronics,Khon Kaen,Online,44,1290,56760,2,3.1
2025-07-14,Phone Stand,Accessories,Pattaya,Online,5,199,995,0,3.4
2025-10-18,Laptop Bag,Bags,Pattaya,Marketplace,21,199,4179,1,4.8
2025-03-05,Keyboard Cover,Accessories,Bangkok,Online,18,149,2682,0,3.1
2025-01-06,Wireless Charger,Electronics,Phuket,In-Store,18,1590,28620,1,3.7
2025-01-19,iPhone Case,Accessories,Chiang Mai,Marketplace,45,299,13455,1,3.3
2025-09-21,Laptop Bag,Bags,Pattaya,In-Store,46,599,27554,3,3.0
2025-02-01,Screen Protector,Accessories,Bangkok,In-Store,36,1590,57240,0,4.3
2025-10-03,USB-C Cable,Accessories,Phuket,In-Store,12,99,1188,1,4.1
2025-06-29,USB-C Cable,Accessories,Phuket,Marketplace,39,299,11661,1,4.6
2025-03-07,Mouse Pad,Accessories,Chiang Mai,In-Store,17,299,5083,1,3.4
2025-09-19,Power Bank,Electronics,Phuket,Marketplace,40,199,7960,1,4.9
2025-07-18,Phone Stand,Accessories,Pattaya,Online,33,890,29370,1,4.2
2025-11-27,Screen Protector,Accessories,Phuket,In-Store,47,890,41830,1,4.6
2025-01-06,Laptop Bag,Bags,Phuket,Online,30,99,2970,0,3.4
2025-12-08,Bluetooth Earbuds,Electronics,Phuket,In-Store,30,599,17970,0,3.8
2025-04-28,Keyboard Cover,Accessories,Khon Kaen,Online,7,1590,11130,1,3.0
2025-08-13,Screen Protector,Accessories,Phuket,Online,32,599,19168,3,4.7
2025-04-11,Power Bank,Electronics,Khon Kaen,Marketplace,13,1290,16770,1,5.0
2025-03-12,Wireless Charger,Electronics,Pattaya,Online,48,1590,76320,3,3.5
2025-12-10,Keyboard Cover,Accessories,Pattaya,Marketplace,24,99,2376,2,3.3
2025-11-05,Power Bank,Electronics,Phuket,Online,44,349,15356,2,4.8
2025-03-07,Mouse Pad,Accessories,Phuket,In-Store,10,149,1490,0,3.7
2025-07-05,Laptop Bag,Bags,Phuket,Marketplace,26,349,9074,0,3.8
2025-10-11,Power Bank,Electronics,Chiang Mai,Online,6,149,894,1,4.9
2025-12-11,Wireless Charger,Electronics,Chiang Mai,Marketplace,32,890,28480,2,3.2
2025-06-24,Wireless Charger,Electronics,Bangkok,Marketplace,30,199,5970,0,4.1
2025-10-26,Keyboard Cover,Accessories,Bangkok,In-Store,3,99,297,0,4.5
2025-03-07,Power Bank,Electronics,Pattaya,Marketplace,25,349,8725,0,4.8
2025-12-26,Bluetooth Earbuds,Electronics,Phuket,Marketplace,23,1290,29670,1,3.8
2025-08-07,Mouse Pad,Accessories,Khon Kaen,In-Store,24,599,14376,2,4.9
2025-12-25,Power Bank,Electronics,Khon Kaen,Online,49,299,14651,1,3.5
2025-06-07,Wireless Charger,Electronics,Bangkok,Marketplace,7,199,1393,0,3.2
2025-12-01,Mouse Pad,Accessories,Bangkok,Online,32,99,3168,3,4.0
2025-04-27,Laptop Bag,Bags,Pattaya,In-Store,20,890,17800,0,4.3
2025-12-16,iPhone Case,Accessories,Phuket,Online,3,599,1797,1,5.0
2025-12-11,Laptop Bag,Bags,Phuket,In-Store,43,890,38270,3,3.6
2025-06-27,Mouse Pad,Accessories,Khon Kaen,Online,11,149,1639,1,4.9
2025-12-10,Bluetooth Earbuds,Electronics,Pattaya,In-Store,35,1590,55650,0,4.2
2025-05-30,Laptop Bag,Bags,Pattaya,Marketplace,20,1590,31800,2,3.3
2025-11-10,iPhone Case,Accessories,Phuket,Marketplace,42,299,12558,2,4.5
2025-08-12,Laptop Bag,Bags,Chiang Mai,Marketplace,1,199,199,1,3.6
2025-02-23,iPhone Case,Accessories,Phuket,Marketplace,47,1590,74730,0,3.9
2025-06-20,Power Bank,Electronics,Bangkok,In-Store,10,599,5990,1,4.1
2025-12-13,Phone Stand,Accessories,Khon Kaen,Marketplace,2,890,1780,1,4.6
2025-10-23,Phone Stand,Accessories,Bangkok,Marketplace,22,599,13178,1,4.1
2025-04-30,iPhone Case,Accessories,Bangkok,Online,46,1590,73140,0,4.2
2025-05-30,Power Bank,Electronics,Phuket,Online,30,299,8970,0,3.8
2025-07-01,Screen Protector,Accessories,Phuket,In-Store,8,349,2792,1,4.4
2025-05-22,Bluetooth Earbuds,Electronics,Khon Kaen,Marketplace,30,299,8970,0,3.1
2025-03-18,Laptop Bag,Bags,Pattaya,Marketplace,23,149,3427,1,5.0
2025-09-15,Wireless Charger,Electronics,Bangkok,Online,15,99,1485,0,4.2
2025-10-18,Screen Protector,Accessories,Phuket,Online,2,1590,3180,1,3.4
2025-07-01,Wireless Charger,Electronics,Phuket,Online,18,890,16020,1,4.4
2025-02-21,Wireless Charger,Electronics,Phuket,In-Store,12,1290,15480,0,3.2
2025-12-11,Mouse Pad,Accessories,Khon Kaen,In-Store,22,99,2178,2,3.7
2025-06-06,Keyboard Cover,Accessories,Chiang Mai,Online,3,299,897,0,4.8
2025-10-27,Bluetooth Earbuds,Electronics,Chiang Mai,In-Store,39,599,23361,3,3.9
2025-08-23,Phone Stand,Accessories,Khon Kaen,Marketplace,10,1590,15900,0,4.9
2025-12-16,USB-C Cable,Accessories,Phuket,In-Store,43,1590,68370,3,3.4
2025-09-29,USB-C Cable,Accessories,Khon Kaen,In-Store,22,599,13178,0,3.2
2025-04-29,Mouse Pad,Accessories,Khon Kaen,In-Store,2,299,598,1,4.1
2025-05-29,Wireless Charger,Electronics,Khon Kaen,In-Store,23,1590,36570,0,4.0
2025-05-01,Phone Stand,Accessories,Phuket,Marketplace,34,1290,43860,0,3.5
2025-11-18,iPhone Case,Accessories,Bangkok,Online,8,1290,10320,1,3.7
2025-01-29,iPhone Case,Accessories,Bangkok,In-Store,47,149,7003,0,4.7
2025-11-30,Wireless Charger,Electronics,Phuket,Online,25,199,4975,1,3.5
2025-02-28,Bluetooth Earbuds,Electronics,Chiang Mai,Online,38,349,13262,2,4.4
2025-04-25,Power Bank,Electronics,Chiang Mai,Online,41,1290,52890,1,3.6
2025-04-30,Power Bank,Electronics,Pattaya,Marketplace,28,1590,44520,1,3.5
2025-07-27,Laptop Bag,Bags,Bangkok,In-Store,44,890,39160,0,3.7
2025-01-27,Laptop Bag,Bags,Chiang Mai,Online,2,1290,2580,0,3.5
2025-09-13,Bluetooth Earbuds,Electronics,Pattaya,In-Store,23,1590,36570,1,3.9
2025-02-11,iPhone Case,Accessories,Chiang Mai,Online,17,599,10183,0,3.1
2025-10-10,Power Bank,Electronics,Bangkok,Online,32,299,9568,2,4.3
2025-12-12,Power Bank,Electronics,Chiang Mai,Online,35,349,12215,3,4.7
2025-12-18,Keyboard Cover,Accessories,Phuket,Marketplace,22,99,2178,0,4.8
2025-06-07,Phone Stand,Accessories,Pattaya,In-Store,25,1590,39750,2,4.9
2025-10-13,Phone Stand,Accessories,Khon Kaen,In-Store,31,299,9269,0,3.2
2025-09-10,Phone Stand,Accessories,Bangkok,Marketplace,20,299,5980,0,4.9
2025-12-18,USB-C Cable,Accessories,Khon Kaen,Marketplace,48,349,16752,1,4.3
2025-01-24,Wireless Charger,Electronics,Bangkok,In-Store,40,349,13960,1,3.4
2025-07-12,Screen Protector,Accessories,Pattaya,In-Store,33,1590,52470,2,4.2
2025-06-28,Screen Protector,Accessories,Chiang Mai,Marketplace,36,199,7164,3,3.5
2025-07-10,iPhone Case,Accessories,Chiang Mai,Online,16,599,9584,1,4.1
2025-10-14,Power Bank,Electronics,Khon Kaen,Online,27,599,16173,0,4.9
2025-11-01,Keyboard Cover,Accessories,Chiang Mai,In-Store,3,299,897,1,4.2
2025-05-31,Phone Stand,Accessories,Pattaya,Marketplace,13,349,4537,0,3.3
2025-08-28,Bluetooth Earbuds,Electronics,Phuket,In-Store,21,890,18690,0,3.6
2025-06-12,Mouse Pad,Accessories,Bangkok,Online,17,599,10183,1,4.0
2025-12-02,Power Bank,Electronics,Khon Kaen,In-Store,8,599,4792,1,4.1
2025-07-18,USB-C Cable,Accessories,Pattaya,Marketplace,1,99,99,1,4.4
2025-11-23,Mouse Pad,Accessories,Bangkok,Marketplace,30,99,2970,3,3.5
2025-12-21,Laptop Bag,Bags,Khon Kaen,Marketplace,26,199,5174,2,4.2
2025-11-14,Phone Stand,Accessories,Chiang Mai,In-Store,43,149,6407,0,4.2
2025-05-09,Screen Protector,Accessories,Khon Kaen,Marketplace,41,890,36490,3,3.1
2025-12-18,USB-C Cable,Accessories,Phuket,Marketplace,9,349,3141,1,3.5
2025-01-07,Screen Protector,Accessories,Khon Kaen,Marketplace,33,99,3267,1,3.7
2025-07-10,Mouse Pad,Accessories,Khon Kaen,Online,32,890,28480,0,4.1
2025-03-26,Screen Protector,Accessories,Bangkok,Marketplace,37,199,7363,2,4.0
2025-05-31,Wireless Charger,Electronics,Chiang Mai,Marketplace,43,199,8557,2,4.6
2025-02-14,USB-C Cable,Accessories,Phuket,In-Store,48,199,9552,4,3.0
2025-03-01,Laptop Bag,Bags,Phuket,Marketplace,36,99,3564,2,4.4
2025-12-02,Bluetooth Earbuds,Electronics,Khon Kaen,In-Store,33,99,3267,3,3.2
2025-03-06,Mouse Pad,Accessories,Phuket,In-Store,12,149,1788,0,3.5
2025-05-28,Mouse Pad,Accessories,Phuket,Marketplace,21,890,18690,0,3.3
2025-07-14,Screen Protector,Accessories,Pattaya,In-Store,49,599,29351,4,3.5
2025-03-16,Mouse Pad,Accessories,Chiang Mai,In-Store,8,99,792,0,3.2
2025-03-22,Phone Stand,Accessories,Pattaya,Marketplace,22,1290,28380,2,4.0
2025-07-20,Wireless Charger,Electronics,Bangkok,Online,7,1290,9030,1,4.6
2025-09-23,Wireless Charger,Electronics,Bangkok,Marketplace,34,1590,54060,3,4.8
2025-04-08,iPhone Case,Accessories,Chiang Mai,Online,26,890,23140,0,3.5
2025-12-31,Phone Stand,Accessories,Bangkok,Online,4,890,3560,0,4.7
2025-08-30,Laptop Bag,Bags,Chiang Mai,In-Store,36,890,32040,2,3.2
2025-08-16,Bluetooth Earbuds,Electronics,Phuket,In-Store,22,99,2178,1,3.9
2025-04-27,Wireless Charger,Electronics,Bangkok,Online,35,890,31150,0,3.2
2025-07-27,Power Bank,Electronics,Bangkok,In-Store,42,349,14658,1,4.7
2025-06-15,Power Bank,Electronics,Phuket,In-Store,47,149,7003,3,4.9
2025-08-30,Bluetooth Earbuds,Electronics,Chiang Mai,In-Store,20,299,5980,1,3.6
2025-02-10,Wireless Charger,Electronics,Bangkok,Marketplace,14,599,8386,0,3.5
2025-07-24,Power Bank,Electronics,Pattaya,In-Store,29,599,17371,2,4.5
2025-03-24,Screen Protector,Accessories,Chiang Mai,Online,48,199,9552,4,3.5
2025-05-20,Wireless Charger,Electronics,Bangkok,Marketplace,28,199,5572,1,3.9
2025-02-14,Phone Stand,Accessories,Khon Kaen,Marketplace,44,149,6556,1,4.8
2025-10-25,Laptop Bag,Bags,Phuket,In-Store,30,199,5970,1,4.8
2025-11-15,Bluetooth Earbuds,Electronics,Chiang Mai,Marketplace,50,1590,79500,1,3.6
2025-10-09,Bluetooth Earbuds,Electronics,Chiang Mai,In-Store,11,1290,14190,0,4.3
2025-05-05,Keyboard Cover,Accessories,Phuket,In-Store,47,1590,74730,2,3.8
2025-04-22,Wireless Charger,Electronics,Pattaya,Marketplace,13,149,1937,1,4.9
2025-11-12,Keyboard Cover,Accessories,Chiang Mai,Online,39,99,3861,3,3.4
2025-05-20,Wireless Charger,Electronics,Chiang Mai,Marketplace,10,99,990,1,3.7
2025-06-16,Phone Stand,Accessories,Bangkok,Online,4,99,396,0,3.8
2025-05-26,Wireless Charger,Electronics,Khon Kaen,Online,20,349,6980,1,4.1
2025-06-29,Phone Stand,Accessories,Bangkok,In-Store,4,890,3560,0,3.8
2025-03-10,Power Bank,Electronics,Pattaya,In-Store,50,199,9950,1,3.7
2025-01-12,Power Bank,Electronics,Khon Kaen,Marketplace,14,1590,22260,1,3.7
2025-04-25,Keyboard Cover,Accessories,Khon Kaen,In-Store,16,890,14240,1,3.1
2025-04-14,Phone Stand,Accessories,Chiang Mai,Marketplace,39,299,11661,3,4.3
2025-07-16,Phone Stand,Accessories,Pattaya,Marketplace,27,1290,34830,1,3.6
2025-06-11,USB-C Cable,Accessories,Bangkok,In-Store,15,99,1485,0,3.9
2025-09-10,iPhone Case,Accessories,Khon Kaen,In-Store,29,299,8671,1,4.6
2025-03-23,Wireless Charger,Electronics,Khon Kaen,Online,29,199,5771,0,4.3
2025-05-31,Bluetooth Earbuds,Electronics,Chiang Mai,In-Store,46,149,6854,1,4.9
2025-11-11,Wireless Charger,Electronics,Phuket,Online,36,1590,57240,0,3.1
2025-02-14,Bluetooth Earbuds,Electronics,Phuket,Marketplace,36,349,12564,1,3.7
2025-11-13,Bluetooth Earbuds,Electronics,Pattaya,Online,48,199,9552,0,3.8
2025-07-22,Wireless Charger,Electronics,Pattaya,In-Store,33,299,9867,0,4.8
2025-08-20,Keyboard Cover,Accessories,Khon Kaen,In-Store,26,1590,41340,1,3.5
2025-11-11,Bluetooth Earbuds,Electronics,Phuket,Online,11,199,2189,1,4.3
2025-06-12,Bluetooth Earbuds,Electronics,Phuket,Online,3,1290,3870,1,3.6
2025-12-20,Power Bank,Electronics,Chiang Mai,Online,9,1290,11610,1,4.4
2025-04-07,Bluetooth Earbuds,Electronics,Khon Kaen,Marketplace,48,1290,61920,4,4.9
2025-11-26,Bluetooth Earbuds,Electronics,Chiang Mai,Marketplace,42,890,37380,1,4.6
2025-06-07,Laptop Bag,Bags,Pattaya,In-Store,26,1590,41340,2,4.3
2025-09-20,USB-C Cable,Accessories,Pattaya,Online,25,149,3725,1,3.6
2025-09-26,Laptop Bag,Bags,Phuket,In-Store,35,1590,55650,3,3.8
2025-12-11,Mouse Pad,Accessories,Bangkok,Marketplace,3,299,897,1,3.6
2025-09-12,iPhone Case,Accessories,Chiang Mai,In-Store,5,349,1745,1,4.8
2025-10-09,USB-C Cable,Accessories,Pattaya,In-Store,5,599,2995,1,3.5
2025-10-08,Wireless Charger,Electronics,Khon Kaen,Online,24,349,8376,2,4.1
2025-05-13,Screen Protector,Accessories,Bangkok,In-Store,17,99,1683,0,3.3
2025-11-16,Power Bank,Electronics,Bangkok,Marketplace,35,99,3465,1,3.9
2025-11-20,Bluetooth Earbuds,Electronics,Pattaya,In-Store,11,890,9790,1,4.6
2025-07-22,Wireless Charger,Electronics,Pattaya,Marketplace,37,149,5513,0,3.8
2025-05-30,iPhone Case,Accessories,Bangkok,Online,28,599,16772,2,4.3
2025-09-25,iPhone Case,Accessories,Pattaya,Online,26,1590,41340,0,4.3
2025-01-31,Power Bank,Electronics,Chiang Mai,Online,6,99,594,0,3.8
2025-05-14,Mouse Pad,Accessories,Bangkok,In-Store,48,149,7152,4,4.4
2025-09-06,Keyboard Cover,Accessories,Chiang Mai,Online,31,299,9269,1,4.4
2025-09-07,Keyboard Cover,Accessories,Bangkok,In-Store,1,299,299,0,3.4
2025-09-14,iPhone Case,Accessories,Khon Kaen,In-Store,44,599,26356,3,3.3
2025-03-01,USB-C Cable,Accessories,Phuket,Online,42,599,25158,3,3.7
2025-02-27,Power Bank,Electronics,Phuket,Marketplace,35,1290,45150,1,4.3
2025-12-19,Phone Stand,Accessories,Phuket,In-Store,6,199,1194,1,4.7
2025-08-04,Power Bank,Electronics,Pattaya,Marketplace,32,149,4768,2,3.4
2025-08-22,Screen Protector,Accessories,Chiang Mai,Online,2,890,1780,1,3.5
2025-09-18,Mouse Pad,Accessories,Chiang Mai,Online,1,599,599,1,5.0
2025-05-16,Power Bank,Electronics,Phuket,Marketplace,23,149,3427,0,4.0
2025-05-18,Power Bank,Electronics,Bangkok,Online,8,349,2792,0,4.6
2025-02-28,Bluetooth Earbuds,Electronics,Bangkok,Online,49,1290,63210,1,4.1
2025-01-10,Power Bank,Electronics,Chiang Mai,Marketplace,3,1590,4770,1,4.3
2025-04-05,Wireless Charger,Electronics,Phuket,In-Store,1,199,199,1,3.6
2025-01-14,Laptop Bag,Bags,Chiang Mai,Marketplace,48,349,16752,2,3.8
2025-05-27,Screen Protector,Accessories,Pattaya,In-Store,13,149,1937,1,4.4
2025-07-25,Wireless Charger,Electronics,Bangkok,Online,3,890,2670,0,3.9
2025-03-04,Mouse Pad,Accessories,Pattaya,Online,22,890,19580,2,4.3
2025-08-21,Power Bank,Electronics,Phuket,In-Store,48,890,42720,2,4.8
2025-07-07,USB-C Cable,Accessories,Bangkok,In-Store,20,890,17800,1,4.7
2025-06-25,USB-C Cable,Accessories,Khon Kaen,Marketplace,43,1290,55470,3,3.4
2025-02-27,Bluetooth Earbuds,Electronics,Chiang Mai,In-Store,27,349,9423,1,3.9
2025-01-06,Keyboard Cover,Accessories,Pattaya,Online,34,599,20366,3,3.2
2025-04-08,iPhone Case,Accessories,Khon Kaen,In-Store,26,1290,33540,2,3.3
2025-01-23,Phone Stand,Accessories,Chiang Mai,In-Store,17,599,10183,0,4.1
2025-10-31,iPhone Case,Accessories,Pattaya,In-Store,7,149,1043,0,4.0
2025-11-30,Bluetooth Earbuds,Electronics,Bangkok,In-Store,27,1590,42930,2,3.8
2025-03-30,Laptop Bag,Bags,Bangkok,In-Store,41,199,8159,3,4.7
2025-11-26,Screen Protector,Accessories,Pattaya,Online,21,890,18690,2,3.9
2025-01-22,Power Bank,Electronics,Pattaya,Marketplace,37,349,12913,1,3.8
2025-02-02,Laptop Bag,Bags,Phuket,Online,42,199,8358,0,3.2
2025-10-28,Laptop Bag,Bags,Bangkok,Online,4,1590,6360,1,3.5
2025-04-10,iPhone Case,Accessories,Bangkok,Marketplace,8,149,1192,0,3.1
2025-10-27,Laptop Bag,Bags,Pattaya,Online,1,199,199,1,4.1
2025-07-01,Screen Protector,Accessories,Phuket,Online,7,149,1043,0,3.4
2025-04-27,Power Bank,Electronics,Chiang Mai,In-Store,8,99,792,0,3.6
2025-04-11,Mouse Pad,Accessories,Khon Kaen,Online,8,299,2392,1,5.0
2025-12-01,Screen Protector,Accessories,Pattaya,Online,5,99,495,1,4.5
2025-02-07,Power Bank,Electronics,Bangkok,Online,12,99,1188,1,3.6
2025-09-01,Bluetooth Earbuds,Electronics,Bangkok,In-Store,23,1290,29670,2,4.6
2025-04-28,iPhone Case,Accessories,Khon Kaen,In-Store,14,199,2786,0,3.8
2025-01-28,Bluetooth Earbuds,Electronics,Phuket,Marketplace,29,199,5771,1,4.7
2025-12-07,Mouse Pad,Accessories,Pattaya,Marketplace,3,99,297,0,3.7
2025-11-23,USB-C Cable,Accessories,Bangkok,Online,44,1590,69960,1,3.3
2025-07-23,Power Bank,Electronics,Bangkok,In-Store,17,99,1683,0,3.4
2025-08-14,Phone Stand,Accessories,Phuket,Online,33,349,11517,2,3.4
2025-01-02,Power Bank,Electronics,Pattaya,Marketplace,2,1290,2580,1,4.0
2025-05-13,Screen Protector,Accessories,Chiang Mai,Marketplace,32,1590,50880,0,3.7
2025-05-05,Laptop Bag,Bags,Pattaya,Online,47,599,28153,2,4.8
2025-06-28,Bluetooth Earbuds,Electronics,Khon Kaen,Online,7,349,2443,0,4.7
2025-09-09,Mouse Pad,Accessories,Chiang Mai,In-Store,5,199,995,0,4.8
2025-05-26,Laptop Bag,Bags,Khon Kaen,Marketplace,23,599,13777,1,4.9
2025-04-04,Phone Stand,Accessories,Bangkok,In-Store,25,149,3725,2,3.7
2025-05-02,Mouse Pad,Accessories,Phuket,Online,5,299,1495,0,3.5
2025-02-27,Bluetooth Earbuds,Electronics,Pattaya,Online,49,1590,77910,1,4.3
2025-08-12,Wireless Charger,Electronics,Phuket,Marketplace,13,349,4537,1,4.4
2025-04-10,USB-C Cable,Accessories,Bangkok,Online,40,890,35600,4,3.6
2025-03-25,iPhone Case,Accessories,Khon Kaen,In-Store,17,299,5083,0,3.0
2025-06-14,iPhone Case,Accessories,Khon Kaen,In-Store,49,99,4851,4,4.7
2025-05-05,Phone Stand,Accessories,Phuket,Marketplace,46,1290,59340,4,4.1
2025-03-16,iPhone Case,Accessories,Pattaya,Marketplace,42,199,8358,2,4.0
2025-01-31,USB-C Cable,Accessories,Pattaya,Marketplace,10,890,8900,1,4.0
2025-05-29,USB-C Cable,Accessories,Pattaya,Online,36,1290,46440,1,4.1
2025-02-19,Screen Protector,Accessories,Pattaya,In-Store,46,599,27554,0,3.1
2025-03-07,Phone Stand,Accessories,Pattaya,Marketplace,23,1290,29670,1,4.4
2025-05-04,iPhone Case,Accessories,Khon Kaen,In-Store,25,349,8725,0,4.1
2025-04-17,Wireless Charger,Electronics,Pattaya,Marketplace,16,1290,20640,1,5.0
2025-09-09,Keyboard Cover,Accessories,Phuket,In-Store,46,890,40940,4,3.9
2025-02-26,Bluetooth Earbuds,Electronics,Bangkok,Marketplace,13,199,2587,1,4.8
2025-09-30,Power Bank,Electronics,Pattaya,Marketplace,17,349,5933,0,3.4
2025-06-14,Keyboard Cover,Accessories,Phuket,Marketplace,4,299,1196,1,4.7
2025-12-08,Power Bank,Electronics,Khon Kaen,Marketplace,33,890,29370,1,4.5
2025-07-11,Power Bank,Electronics,Phuket,Marketplace,32,149,4768,3,4.4
2025-06-28,USB-C Cable,Accessories,Phuket,Marketplace,31,1290,39990,1,3.9
2025-10-18,Keyboard Cover,Accessories,Chiang Mai,In-Store,12,349,4188,0,3.6
2025-02-06,Screen Protector,Accessories,Chiang Mai,Online,8,299,2392,1,4.7
2025-04-27,Bluetooth Earbuds,Electronics,Pattaya,Online,35,599,20965,0,3.1
2025-05-29,Laptop Bag,Bags,Bangkok,Online,47,99,4653,2,4.5
2025-08-30,Wireless Charger,Electronics,Chiang Mai,In-Store,43,199,8557,1,3.8
2025-05-29,iPhone Case,Accessories,Chiang Mai,Online,6,1590,9540,1,4.2
2025-12-24,Wireless Charger,Electronics,Pattaya,Online,45,1590,71550,4,3.7
2025-04-13,Laptop Bag,Bags,Chiang Mai,Marketplace,45,1290,58050,1,4.0
2025-08-07,Keyboard Cover,Accessories,Bangkok,In-Store,40,599,23960,3,3.7
2025-10-01,Keyboard Cover,Accessories,Pattaya,Marketplace,26,890,23140,1,3.2
2025-01-26,Wireless Charger,Electronics,Bangkok,Online,11,199,2189,0,4.3
2025-06-05,Screen Protector,Accessories,Khon Kaen,Online,27,890,24030,1,4.0
2025-02-03,Screen Protector,Accessories,Khon Kaen,Marketplace,24,299,7176,0,4.3
2025-05-25,Laptop Bag,Bags,Pattaya,In-Store,20,890,17800,2,3.2
2025-09-30,Power Bank,Electronics,Pattaya,In-Store,3,1590,4770,0,4.6
2025-03-31,Mouse Pad,Accessories,Khon Kaen,Marketplace,8,890,7120,1,4.8
2025-07-22,Power Bank,Electronics,Bangkok,In-Store,34,1290,43860,3,3.4
2025-02-25,USB-C Cable,Accessories,Chiang Mai,In-Store,12,299,3588,0,3.4
2025-05-14,Wireless Charger,Electronics,Khon Kaen,Marketplace,38,1290,49020,2,3.2
2025-04-05,iPhone Case,Accessories,Chiang Mai,Online,13,299,3887,1,3.3
2025-09-14,Laptop Bag,Bags,Bangkok,Marketplace,39,1290,50310,2,3.1
2025-08-30,Screen Protector,Accessories,Pattaya,In-Store,26,1590,41340,1,4.6
2025-08-31,Mouse Pad,Accessories,Pattaya,Online,6,199,1194,1,4.0
2025-11-29,Wireless Charger,Electronics,Pattaya,Online,13,1290,16770,1,3.4
2025-04-11,Bluetooth Earbuds,Electronics,Khon Kaen,In-Store,10,599,5990,0,3.3
2025-07-07,USB-C Cable,Accessories,Pattaya,In-Store,7,299,2093,0,4.4
2025-05-10,Phone Stand,Accessories,Chiang Mai,Online,8,99,792,1,4.7
2025-06-10,Power Bank,Electronics,Chiang Mai,In-Store,35,349,12215,3,3.1
2025-06-06,Screen Protector,Accessories,Chiang Mai,Marketplace,30,349,10470,1,4.2
2025-05-29,Keyboard Cover,Accessories,Phuket,Marketplace,28,1590,44520,1,4.8
2025-11-29,Power Bank,Electronics,Phuket,In-Store,32,99,3168,3,3.3
2025-05-05,Phone Stand,Accessories,Phuket,Online,41,99,4059,2,3.1
2025-03-10,Screen Protector,Accessories,Khon Kaen,Online,2,299,598,1,5.0
2025-06-07,Screen Protector,Accessories,Chiang Mai,Marketplace,43,199,8557,1,3.9
2025-11-16,Screen Protector,Accessories,Pattaya,In-Store,40,199,7960,0,4.2
2025-09-05,Wireless Charger,Electronics,Pattaya,Marketplace,50,149,7450,3,3.5
2025-10-24,Wireless Charger,Electronics,Bangkok,Online,46,349,16054,3,4.4
2025-11-08,Mouse Pad,Accessories,Khon Kaen,In-Store,44,599,26356,1,4.5
2025-10-22,iPhone Case,Accessories,Chiang Mai,Online,11,149,1639,1,4.5
2025-05-20,Screen Protector,Accessories,Bangkok,In-Store,6,299,1794,1,3.4
2025-07-21,iPhone Case,Accessories,Pattaya,Marketplace,22,299,6578,1,3.3
2025-02-19,iPhone Case,Accessories,Khon Kaen,Online,30,299,8970,3,3.3
2025-11-09,Power Bank,Electronics,Phuket,Marketplace,13,299,3887,1,4.1
2025-02-21,Power Bank,Electronics,Khon Kaen,Marketplace,37,299,11063,2,4.5
2025-09-04,Keyboard Cover,Accessories,Bangkok,Marketplace,11,1590,17490,1,4.5
2025-04-10,Power Bank,Electronics,Pattaya,Marketplace,16,149,2384,1,4.8
2025-12-22,Keyboard Cover,Accessories,Phuket,Marketplace,49,299,14651,1,4.4
2025-07-23,iPhone Case,Accessories,Bangkok,In-Store,15,1590,23850,0,4.3
2025-03-24,iPhone Case,Accessories,Phuket,Online,32,349,11168,1,3.9
2025-09-20,Keyboard Cover,Accessories,Pattaya,Online,36,349,12564,1,4.1
2025-06-18,Wireless Charger,Electronics,Chiang Mai,Marketplace,38,299,11362,0,4.4
2025-04-23,Laptop Bag,Bags,Phuket,In-Store,40,99,3960,4,3.1
2025-09-19,Laptop Bag,Bags,Pattaya,Marketplace,22,149,3278,0,4.8
2025-12-22,Mouse Pad,Accessories,Pattaya,In-Store,47,599,28153,4,4.3
2025-08-17,Phone Stand,Accessories,Phuket,Marketplace,25,199,4975,0,3.1
2025-08-10,Laptop Bag,Bags,Pattaya,Online,10,1290,12900,1,4.4
2025-09-14,Screen Protector,Accessories,Pattaya,In-Store,7,599,4193,1,4.2
2025-08-25,iPhone Case,Accessories,Chiang Mai,Online,42,1590,66780,0,4.0
2025-12-29,Phone Stand,Accessories,Bangkok,Marketplace,39,199,7761,3,3.6
2025-02-25,Screen Protector,Accessories,Bangkok,In-Store,20,349,6980,0,4.5
2025-01-26,Bluetooth Earbuds,Electronics,Khon Kaen,Online,38,890,33820,2,4.6
2025-10-04,iPhone Case,Accessories,Pattaya,Marketplace,34,99,3366,1,4.4
2025-09-02,Bluetooth Earbuds,Electronics,Phuket,In-Store,9,199,1791,0,4.6
2025-03-21,Power Bank,Electronics,Pattaya,In-Store,30,99,2970,1,3.4
2025-08-18,Wireless Charger,Electronics,Khon Kaen,Marketplace,6,599,3594,0,4.7
2025-10-10,Screen Protector,Accessories,Khon Kaen,Online,32,199,6368,1,3.1
2025-05-06,Phone Stand,Accessories,Phuket,In-Store,5,349,1745,1,4.0
2025-05-01,USB-C Cable,Accessories,Bangkok,Marketplace,18,349,6282,0,3.6
2025-05-13,Bluetooth Earbuds,Electronics,Pattaya,Online,15,199,2985,0,3.2
2025-04-12,Laptop Bag,Bags,Chiang Mai,Marketplace,4,99,396,1,3.8
2025-05-25,Bluetooth Earbuds,Electronics,Bangkok,Marketplace,36,1590,57240,1,3.4
2025-08-17,iPhone Case,Accessories,Bangkok,Online,26,99,2574,0,4.0
2025-07-28,Phone Stand,Accessories,Khon Kaen,Marketplace,19,890,16910,1,3.7
2025-09-11,Keyboard Cover,Accessories,Phuket,In-Store,18,299,5382,0,4.9
2025-11-10,Wireless Charger,Electronics,Khon Kaen,Online,35,890,31150,2,4.1
2025-07-20,Keyboard Cover,Accessories,Khon Kaen,In-Store,7,149,1043,0,3.1
2025-11-07,Phone Stand,Accessories,Bangkok,Online,21,890,18690,0,4.2
2025-12-22,Bluetooth Earbuds,Electronics,Pattaya,Marketplace,8,149,1192,1,3.3
2025-03-06,Phone Stand,Accessories,Phuket,Online,26,99,2574,1,4.5
2025-08-21,Bluetooth Earbuds,Electronics,Khon Kaen,Marketplace,45,299,13455,2,3.3
2025-07-21,iPhone Case,Accessories,Pattaya,Online,23,890,20470,0,4.6
2025-04-02,iPhone Case,Accessories,Phuket,Online,30,199,5970,3,3.9
2025-08-28,Phone Stand,Accessories,Pattaya,Online,19,149,2831,0,4.5
2025-11-06,Screen Protector,Accessories,Khon Kaen,Marketplace,1,149,149,1,4.4
2025-07-06,Bluetooth Earbuds,Electronics,Khon Kaen,Online,50,349,17450,5,3.2
2025-01-04,Keyboard Cover,Accessories,Pattaya,Marketplace,38,349,13262,2,3.6
2025-07-07,Mouse Pad,Accessories,Phuket,Online,25,890,22250,0,3.4
2025-10-24,Power Bank,Electronics,Bangkok,Marketplace,49,599,29351,1,3.7
2025-11-12,Power Bank,Electronics,Bangkok,In-Store,4,599,2396,1,4.4
2025-01-01,Phone Stand,Accessories,Pattaya,Marketplace,39,99,3861,0,4.9
2025-10-16,Mouse Pad,Accessories,Chiang Mai,Online,19,349,6631,0,4.8
2025-01-13,Wireless Charger,Electronics,Khon Kaen,In-Store,5,1590,7950,0,3.9
2025-01-13,Power Bank,Electronics,Khon Kaen,Online,41,99,4059,4,4.2
2025-05-31,Laptop Bag,Bags,Pattaya,Online,26,349,9074,1,3.6
2025-07-30,Keyboard Cover,Accessories,Bangkok,Marketplace,6,299,1794,0,4.6
2025-08-28,Phone Stand,Accessories,Phuket,Marketplace,4,1590,6360,1,4.8
2025-12-23,Screen Protector,Accessories,Pattaya,Marketplace,31,99,3069,3,3.6
2025-04-08,iPhone Case,Accessories,Phuket,In-Store,46,1290,59340,1,4.7
2025-03-07,Bluetooth Earbuds,Electronics,Chiang Mai,In-Store,44,890,39160,0,5.0
2025-04-12,Keyboard Cover,Accessories,Khon Kaen,Marketplace,34,890,30260,1,3.6
2025-07-02,Bluetooth Earbuds,Electronics,Pattaya,Marketplace,25,99,2475,2,3.1
2025-07-21,Phone Stand,Accessories,Phuket,In-Store,41,149,6109,3,4.3
2025-01-07,Wireless Charger,Electronics,Chiang Mai,Marketplace,43,1590,68370,0,3.9
2025-11-14,Screen Protector,Accessories,Bangkok,In-Store,9,1590,14310,0,4.6
2025-05-09,Phone Stand,Accessories,Bangkok,In-Store,3,99,297,1,3.3
2025-09-23,Power Bank,Electronics,Phuket,Marketplace,14,599,8386,1,4.3
2025-05-10,iPhone Case,Accessories,Bangkok,Marketplace,39,349,13611,1,4.0
2025-01-08,Power Bank,Electronics,Phuket,Online,36,349,12564,3,3.9
2025-08-27,Power Bank,Electronics,Khon Kaen,In-Store,3,99,297,0,4.4
2025-01-29,iPhone Case,Accessories,Phuket,In-Store,50,890,44500,3,3.3
2025-09-08,Screen Protector,Accessories,Pattaya,Online,12,149,1788,0,4.9
2025-03-07,Mouse Pad,Accessories,Khon Kaen,In-Store,26,199,5174,1,4.3
2025-09-07,Mouse Pad,Accessories,Bangkok,In-Store,44,299,13156,2,3.1
2025-06-23,iPhone Case,Accessories,Pattaya,Marketplace,24,349,8376,2,4.8
2025-08-10,iPhone Case,Accessories,Chiang Mai,In-Store,25,199,4975,0,3.1
2025-10-12,USB-C Cable,Accessories,Pattaya,Online,29,99,2871,2,4.6
2025-11-07,Power Bank,Electronics,Pattaya,Online,3,890,2670,0,3.9
2025-03-06,Wireless Charger,Electronics,Phuket,Marketplace,27,890,24030,2,4.2
2025-07-30,USB-C Cable,Accessories,Bangkok,Marketplace,19,890,16910,1,3.9
2025-01-22,Screen Protector,Accessories,Khon Kaen,In-Store,35,99,3465,3,3.4
2025-01-05,USB-C Cable,Accessories,Chiang Mai,Online,46,199,9154,2,3.1
2025-03-15,Screen Protector,Accessories,Pattaya,In-Store,21,349,7329,1,4.6
2025-12-31,Bluetooth Earbuds,Electronics,Bangkok,Marketplace,25,299,7475,1,3.0
2025-09-26,USB-C Cable,Accessories,Bangkok,Online,31,99,3069,1,3.8
2025-02-03,Wireless Charger,Electronics,Phuket,Marketplace,2,299,598,1,4.0
2025-03-30,Power Bank,Electronics,Chiang Mai,In-Store,31,890,27590,2,4.6
2025-04-28,Keyboard Cover,Accessories,Phuket,Marketplace,30,299,8970,1,3.7
2025-07-19,Laptop Bag,Bags,Bangkok,In-Store,42,299,12558,1,3.6
2025-02-04,Keyboard Cover,Accessories,Bangkok,Marketplace,3,599,1797,0,3.1
2025-01-06,Screen Protector,Accessories,Pattaya,Online,16,299,4784,1,4.2
2025-04-09,USB-C Cable,Accessories,Khon Kaen,Marketplace,3,99,297,1,3.8
2025-02-22,iPhone Case,Accessories,Phuket,Online,11,890,9790,1,3.0
2025-05-02,Phone Stand,Accessories,Khon Kaen,In-Store,37,1290,47730,0,3.7
2025-11-05,Phone Stand,Accessories,Pattaya,Online,38,99,3762,1,3.2
2025-12-24,Keyboard Cover,Accessories,Khon Kaen,In-Store,12,299,3588,1,3.1
2025-10-20,Mouse Pad,Accessories,Pattaya,In-Store,49,890,43610,2,4.4
2025-11-01,Keyboard Cover,Accessories,Phuket,Marketplace,35,1290,45150,1,4.5
2025-01-04,Mouse Pad,Accessories,Khon Kaen,Online,33,349,11517,1,3.5
2025-01-30,Mouse Pad,Accessories,Phuket,Marketplace,11,99,1089,1,4.6
2025-03-11,Wireless Charger,Electronics,Pattaya,Marketplace,40,890,35600,4,4.4
2025-06-29,Power Bank,Electronics,Bangkok,In-Store,34,349,11866,0,4.7
2025-10-12,Laptop Bag,Bags,Pattaya,Marketplace,45,299,13455,1,4.7
2025-05-23,Phone Stand,Accessories,Phuket,In-Store,18,890,16020,0,5.0
2025-10-01,Laptop Bag,Bags,Pattaya,Online,15,149,2235,0,4.1
2025-11-20,Wireless Charger,Electronics,Chiang Mai,Online,50,149,7450,0,3.6
2025-10-12,Phone Stand,Accessories,Chiang Mai,Marketplace,47,149,7003,3,3.6
2025-08-12,Screen Protector,Accessories,Pattaya,Online,25,599,14975,0,3.4
2025-05-13,Phone Stand,Accessories,Pattaya,In-Store,19,890,16910,0,3.9
2025-03-26,iPhone Case,Accessories,Pattaya,In-Store,30,299,8970,1,3.5
2025-07-22,iPhone Case,Accessories,Pattaya,In-Store,30,349,10470,1,3.7
2025-06-21,Wireless Charger,Electronics,Chiang Mai,Online,47,299,14053,4,4.1
2025-02-26,iPhone Case,Accessories,Pattaya,In-Store,30,890,26700,0,4.8
2025-10-31,Laptop Bag,Bags,Chiang Mai,Marketplace,10,149,1490,0,3.2
2025-02-14,Mouse Pad,Accessories,Khon Kaen,In-Store,16,1290,20640,1,3.6
2025-06-15,Screen Protector,Accessories,Chiang Mai,In-Store,45,1290,58050,0,4.2
2025-02-09,Screen Protector,Accessories,Pattaya,Online,28,299,8372,1,4.6
2025-10-19,Bluetooth Earbuds,Electronics,Pattaya,In-Store,4,99,396,0,3.9
2025-10-11,Keyboard Cover,Accessories,Phuket,Online,13,599,7787,0,3.1
2025-10-14,Wireless Charger,Electronics,Bangkok,Marketplace,34,349,11866,0,4.9
2025-03-03,Keyboard Cover,Accessories,Chiang Mai,In-Store,40,349,13960,3,3.3
2025-06-03,Mouse Pad,Accessories,Pattaya,Marketplace,38,890,33820,1,3.5
2025-04-06,Power Bank,Electronics,Chiang Mai,Marketplace,46,199,9154,2,4.4
2025-06-04,Phone Stand,Accessories,Khon Kaen,Online,25,1590,39750,2,4.3
2025-12-28,Laptop Bag,Bags,Chiang Mai,Marketplace,24,99,2376,0,4.5
2025-05-16,Laptop Bag,Bags,Chiang Mai,Online,22,890,19580,2,3.5
2025-10-11,USB-C Cable,Accessories,Bangkok,Marketplace,16,890,14240,0,4.2
2025-06-04,Keyboard Cover,Accessories,Pattaya,Marketplace,49,890,43610,3,3.8
2025-12-13,Keyboard Cover,Accessories,Phuket,Online,49,1290,63210,2,4.1
2025-10-29,Wireless Charger,Electronics,Phuket,In-Store,9,149,1341,0,3.7
2025-10-28,Screen Protector,Accessories,Phuket,Marketplace,47,349,16403,0,4.0
2025-03-27,Screen Protector,Accessories,Pattaya,In-Store,5,99,495,1,3.3
2025-02-10,Power Bank,Electronics,Pattaya,Online,44,1590,69960,4,3.6
2025-07-31,Wireless Charger,Electronics,Phuket,In-Store,33,299,9867,1,4.2
2025-11-03,Bluetooth Earbuds,Electronics,Pattaya,In-Store,42,299,12558,4,3.5
2025-07-17,Wireless Charger,Electronics,Khon Kaen,Marketplace,32,1290,41280,1,4.5
2025-06-23,Laptop Bag,Bags,Pattaya,Marketplace,6,349,2094,1,3.5
2025-10-18,Keyboard Cover,Accessories,Pattaya,Marketplace,42,599,25158,1,4.0
2025-05-25,iPhone Case,Accessories,Chiang Mai,Marketplace,40,199,7960,3,3.0
2025-10-07,USB-C Cable,Accessories,Bangkok,Marketplace,41,349,14309,2,4.1
2025-06-02,USB-C Cable,Accessories,Khon Kaen,Online,10,349,3490,1,4.8
2025-02-09,Wireless Charger,Electronics,Bangkok,Marketplace,7,349,2443,1,4.0
2025-09-21,Keyboard Cover,Accessories,Pattaya,Online,14,1590,22260,0,4.6
2025-12-16,Mouse Pad,Accessories,Bangkok,Marketplace,22,599,13178,0,3.6
2025-10-10,Phone Stand,Accessories,Bangkok,In-Store,34,349,11866,2,4.5
2025-04-11,Bluetooth Earbuds,Electronics,Chiang Mai,In-Store,13,149,1937,0,4.7
2025-06-04,Screen Protector,Accessories,Khon Kaen,In-Store,31,99,3069,0,4.9
2025-02-21,Screen Protector,Accessories,Chiang Mai,Online,25,1290,32250,0,3.3
2025-03-28,USB-C Cable,Accessories,Chiang Mai,Marketplace,12,599,7188,0,4.9
2025-07-19,Power Bank,Electronics,Pattaya,In-Store,29,599,17371,0,3.1
2025-03-25,Mouse Pad,Accessories,Chiang Mai,Online,32,599,19168,1,4.1
2025-09-17,USB-C Cable,Accessories,Phuket,In-Store,3,890,2670,1,3.9
2025-07-05,Screen Protector,Accessories,Pattaya,In-Store,25,1590,39750,1,3.4
2025-05-31,Screen Protector,Accessories,Bangkok,Marketplace,4,1590,6360,1,3.2
2025-08-01,Screen Protector,Accessories,Pattaya,Online,18,199,3582,1,4.4
2025-11-13,USB-C Cable,Accessories,Pattaya,In-Store,2,1290,2580,1,4.6
2025-12-06,Laptop Bag,Bags,Bangkok,In-Store,21,99,2079,1,3.6
2025-04-24,iPhone Case,Accessories,Chiang Mai,Marketplace,44,349,15356,4,4.8
2025-10-16,Wireless Charger,Electronics,Bangkok,Marketplace,10,1290,12900,0,3.3
2025-06-26,Bluetooth Earbuds,Electronics,Pattaya,In-Store,23,1290,29670,0,4.8
2025-07-12,iPhone Case,Accessories,Pattaya,Marketplace,36,299,10764,1,4.6
2025-02-23,Power Bank,Electronics,Khon Kaen,In-Store,29,149,4321,1,4.4
2025-10-30,Laptop Bag,Bags,Pattaya,Online,11,1590,17490,0,4.4
2025-07-27,Screen Protector,Accessories,Chiang Mai,Marketplace,22,149,3278,0,3.3
2025-07-09,Keyboard Cover,Accessories,Chiang Mai,Marketplace,1,599,599,0,4.7
2025-12-29,iPhone Case,Accessories,Bangkok,Online,48,299,14352,3,4.5
2025-12-11,Phone Stand,Accessories,Pattaya,Marketplace,40,199,7960,4,4.7
2025-05-22,Bluetooth Earbuds,Electronics,Pattaya,In-Store,15,299,4485,1,4.9
2025-04-30,Bluetooth Earbuds,Electronics,Khon Kaen,Online,44,599,26356,1,3.6
2025-05-22,Phone Stand,Accessories,Pattaya,Marketplace,41,1590,65190,2,3.5
2025-09-13,Screen Protector,Accessories,Bangkok,Online,44,599,26356,4,3.2
2025-11-27,Wireless Charger,Electronics,Chiang Mai,In-Store,47,99,4653,1,3.7
2025-06-28,Laptop Bag,Bags,Bangkok,Marketplace,14,890,12460,0,3.7
2025-03-24,Screen Protector,Accessories,Pattaya,In-Store,28,149,4172,0,3.9
2025-04-14,USB-C Cable,Accessories,Pattaya,Marketplace,26,890,23140,0,4.6
2025-06-01,Screen Protector,Accessories,Bangkok,Marketplace,15,1290,19350,1,4.3
2025-07-08,Bluetooth Earbuds,Electronics,Khon Kaen,Marketplace,36,1290,46440,2,4.2
2025-01-15,Bluetooth Earbuds,Electronics,Chiang Mai,In-Store,12,149,1788,0,4.4
2025-12-22,Laptop Bag,Bags,Phuket,In-Store,34,349,11866,3,3.2
2025-01-29,iPhone Case,Accessories,Phuket,In-Store,46,199,9154,0,3.5
2025-01-09,Phone Stand,Accessories,Chiang Mai,Marketplace,38,1590,60420,0,4.2
2025-10-17,Phone Stand,Accessories,Bangkok,Marketplace,22,1290,28380,2,3.8
2025-08-23,Bluetooth Earbuds,Electronics,Chiang Mai,Marketplace,43,1290,55470,0,3.6
2025-10-22,iPhone Case,Accessories,Phuket,Marketplace,34,199,6766,2,3.4
2025-09-06,Bluetooth Earbuds,Electronics,Bangkok,Online,36,299,10764,1,4.5
2025-06-23,Bluetooth Earbuds,Electronics,Bangkok,Online,15,890,13350,1,3.1
2025-03-15,Keyboard Cover,Accessories,Khon Kaen,Online,35,299,10465,0,4.5
2025-09-27,Phone Stand,Accessories,Chiang Mai,In-Store,9,349,3141,1,3.8
2025-09-18,Phone Stand,Accessories,Chiang Mai,Marketplace,15,890,13350,0,4.3
2025-02-23,Keyboard Cover,Accessories,Bangkok,Marketplace,32,599,19168,3,4.5
2025-04-27,Bluetooth Earbuds,Electronics,Pattaya,In-Store,40,890,35600,1,4.6
2025-04-18,Bluetooth Earbuds,Electronics,Khon Kaen,Marketplace,16,890,14240,1,4.9
2025-10-24,Bluetooth Earbuds,Electronics,Pattaya,In-Store,9,149,1341,1,3.6
2025-09-08,Screen Protector,Accessories,Phuket,Marketplace,12,299,3588,0,3.9
2025-08-21,Wireless Charger,Electronics,Pattaya,Online,39,99,3861,1,3.7
2025-03-14,USB-C Cable,Accessories,Pattaya,Online,47,299,14053,1,4.7
2025-01-17,Mouse Pad,Accessories,Pattaya,Marketplace,34,299,10166,3,3.5
2025-11-03,Power Bank,Electronics,Khon Kaen,Marketplace,7,599,4193,1,3.1
2025-12-06,Screen Protector,Accessories,Phuket,Online,34,149,5066,1,4.5
2025-07-04,Wireless Charger,Electronics,Khon Kaen,Online,21,199,4179,1,3.8
2025-12-03,Wireless Charger,Electronics,Chiang Mai,Marketplace,30,349,10470,0,4.0
2025-09-05,Keyboard Cover,Accessories,Chiang Mai,Marketplace,27,1290,34830,0,4.4
2025-10-13,Wireless Charger,Electronics,Pattaya,Online,48,890,42720,1,4.6
2025-08-29,Power Bank,Electronics,Chiang Mai,Marketplace,4,349,1396,0,4.7
2025-03-29,Phone Stand,Accessories,Khon Kaen,Marketplace,1,1290,1290,0,3.7
2025-04-05,Wireless Charger,Electronics,Chiang Mai,Online,19,149,2831,0,4.9
2025-04-16,Keyboard Cover,Accessories,Chiang Mai,Online,43,349,15007,3,3.3
2025-03-19,Wireless Charger,Electronics,Khon Kaen,In-Store,15,99,1485,0,3.4
2025-03-10,Phone Stand,Accessories,Phuket,Marketplace,50,1290,64500,5,4.8
2025-03-20,Laptop Bag,Bags,Khon Kaen,Marketplace,27,890,24030,0,3.1
2025-04-19,Phone Stand,Accessories,Chiang Mai,Online,46,599,27554,4,4.3
2025-03-28,Laptop Bag,Bags,Pattaya,In-Store,27,149,4023,2,3.4
2025-09-25,Bluetooth Earbuds,Electronics,Bangkok,In-Store,12,1590,19080,0,4.3
2025-06-30,iPhone Case,Accessories,Pattaya,In-Store,38,1290,49020,3,3.4
2025-03-25,Mouse Pad,Accessories,Phuket,In-Store,30,199,5970,0,4.8
2025-07-03,Screen Protector,Accessories,Pattaya,In-Store,37,199,7363,1,5.0
2025-08-12,Phone Stand,Accessories,Phuket,In-Store,48,599,28752,0,4.6
2025-07-02,iPhone Case,Accessories,Phuket,In-Store,35,1590,55650,2,4.8
2025-03-27,Phone Stand,Accessories,Pattaya,Marketplace,47,149,7003,3,4.2
2025-08-10,Laptop Bag,Bags,Bangkok,In-Store,40,299,11960,0,3.1
2025-06-27,Power Bank,Electronics,Pattaya,Online,8,199,1592,0,4.8
2025-08-02,Bluetooth Earbuds,Electronics,Khon Kaen,Marketplace,20,349,6980,1,3.9
2025-02-19,USB-C Cable,Accessories,Pattaya,Online,28,1590,44520,2,4.0
2025-01-07,Power Bank,Electronics,Khon Kaen,Online,48,890,42720,0,3.8
2025-05-09,Mouse Pad,Accessories,Khon Kaen,In-Store,9,299,2691,0,3.3
2025-04-23,Screen Protector,Accessories,Bangkok,Marketplace,45,1590,71550,3,4.0
2025-12-05,iPhone Case,Accessories,Bangkok,In-Store,19,199,3781,1,4.6
2025-08-02,Screen Protector,Accessories,Pattaya,In-Store,17,199,3383,1,3.1
2025-06-19,USB-C Cable,Accessories,Chiang Mai,In-Store,36,199,7164,0,4.4
2025-03-10,Bluetooth Earbuds,Electronics,Khon Kaen,In-Store,18,149,2682,0,3.9
2025-10-07,USB-C Cable,Accessories,Khon Kaen,Marketplace,41,149,6109,2,4.7
2025-01-02,Wireless Charger,Electronics,Khon Kaen,Marketplace,11,149,1639,1,3.8
2025-08-31,iPhone Case,Accessories,Khon Kaen,Marketplace,50,199,9950,3,3.1
2025-03-30,Power Bank,Electronics,Khon Kaen,Online,49,890,43610,1,4.8
2025-05-25,Power Bank,Electronics,Khon Kaen,Marketplace,49,1590,77910,3,3.4
2025-02-18,Phone Stand,Accessories,Pattaya,Marketplace,15,349,5235,0,4.4
2025-04-24,Laptop Bag,Bags,Phuket,In-Store,41,299,12259,4,3.5
2025-12-02,Laptop Bag,Bags,Khon Kaen,Marketplace,50,99,4950,1,4.7
2025-09-22,Keyboard Cover,Accessories,Khon Kaen,Marketplace,6,1290,7740,0,3.3
2025-08-23,Wireless Charger,Electronics,Bangkok,Marketplace,18,349,6282,1,3.8
2025-05-29,Laptop Bag,Bags,Khon Kaen,Online,48,99,4752,1,3.2
2025-10-05,Laptop Bag,Bags,Pattaya,Online,43,599,25757,2,3.3
2025-12-31,iPhone Case,Accessories,Khon Kaen,Marketplace,17,599,10183,0,4.9
2025-10-15,USB-C Cable,Accessories,Phuket,Marketplace,34,349,11866,3,3.8
2025-12-06,USB-C Cable,Accessories,Khon Kaen,In-Store,9,99,891,1,3.9
2025-09-20,Mouse Pad,Accessories,Chiang Mai,In-Store,26,1290,33540,1,3.4
2025-07-17,Bluetooth Earbuds,Electronics,Bangkok,Marketplace,39,99,3861,3,3.3
2025-07-05,Phone Stand,Accessories,Phuket,Online,3,149,447,0,3.4
2025-10-28,USB-C Cable,Accessories,Khon Kaen,In-Store,36,890,32040,1,3.8
2025-06-20,Power Bank,Electronics,Pattaya,Marketplace,15,299,4485,1,4.9
2025-11-16,Phone Stand,Accessories,Khon Kaen,Online,36,299,10764,0,4.1
2025-04-29,Screen Protector,Accessories,Phuket,Marketplace,49,1590,77910,0,4.1
2025-06-27,Bluetooth Earbuds,Electronics,Phuket,Marketplace,34,199,6766,1,3.2
2025-10-12,Keyboard Cover,Accessories,Bangkok,Marketplace,49,1290,63210,2,4.8
2025-09-28,Mouse Pad,Accessories,Khon Kaen,In-Store,41,299,12259,3,4.8
2025-08-28,Phone Stand,Accessories,Bangkok,In-Store,20,99,1980,2,4.0
2025-10-15,Laptop Bag,Bags,Khon Kaen,Online,5,199,995,1,3.6
2025-05-11,Keyboard Cover,Accessories,Pattaya,Marketplace,47,890,41830,3,4.1
2025-03-25,Power Bank,Electronics,Pattaya,Online,45,149,6705,4,3.3
2025-03-06,Screen Protector,Accessories,Chiang Mai,Marketplace,39,1290,50310,0,3.8
2025-11-18,Laptop Bag,Bags,Pattaya,Online,8,99,792,0,3.5
2025-09-12,Phone Stand,Accessories,Khon Kaen,In-Store,45,1290,58050,3,3.8
2025-03-09,iPhone Case,Accessories,Pattaya,In-Store,32,299,9568,1,3.7
2025-03-13,Laptop Bag,Bags,Phuket,In-Store,14,1290,18060,0,4.5
2025-04-25,USB-C Cable,Accessories,Chiang Mai,Online,34,1290,43860,1,3.7
2025-06-12,Bluetooth Earbuds,Electronics,Phuket,In-Store,14,349,4886,0,3.3
2025-07-28,Power Bank,Electronics,Pattaya,In-Store,24,99,2376,0,3.2
2025-08-06,Wireless Charger,Electronics,Chiang Mai,In-Store,45,199,8955,0,3.8
2025-09-20,Wireless Charger,Electronics,Pattaya,In-Store,48,1590,76320,1,4.2
2025-07-18,Keyboard Cover,Accessories,Pattaya,Online,13,149,1937,0,3.8
2025-01-23,Phone Stand,Accessories,Pattaya,Online,29,890,25810,2,4.5
2025-06-10,Keyboard Cover,Accessories,Khon Kaen,Online,47,99,4653,2,3.0
2025-06-09,Bluetooth Earbuds,Electronics,Phuket,Marketplace,43,99,4257,1,4.6
2025-08-09,Mouse Pad,Accessories,Phuket,Online,16,1590,25440,1,3.1
2025-10-30,Keyboard Cover,Accessories,Chiang Mai,Marketplace,47,890,41830,4,4.8
2025-02-17,Screen Protector,Accessories,Phuket,Online,33,299,9867,1,4.3
2025-09-26,iPhone Case,Accessories,Phuket,Marketplace,18,890,16020,1,5.0
2025-06-28,Mouse Pad,Accessories,Bangkok,Online,26,149,3874,1,3.4
2025-01-19,Phone Stand,Accessories,Phuket,Online,31,890,27590,1,4.4
2025-02-02,Phone Stand,Accessories,Bangkok,Marketplace,4,99,396,0,3.8
2025-11-02,Mouse Pad,Accessories,Bangkok,Online,16,599,9584,0,4.7
2025-10-17,Wireless Charger,Electronics,Khon Kaen,Marketplace,47,1290,60630,4,3.2
2025-12-05,Laptop Bag,Bags,Phuket,Marketplace,11,1290,14190,0,3.1
2025-10-01,Wireless Charger,Electronics,Phuket,In-Store,16,599,9584,0,4.9
2025-08-17,Wireless Charger,Electronics,Khon Kaen,Online,16,99,1584,1,4.4
2025-08-14,Screen Protector,Accessories,Bangkok,In-Store,33,199,6567,2,4.0
2025-05-09,Keyboard Cover,Accessories,Chiang Mai,Marketplace,31,99,3069,1,4.1
2025-05-08,Phone Stand,Accessories,Phuket,Marketplace,38,890,33820,0,5.0
2025-08-21,Laptop Bag,Bags,Chiang Mai,Online,2,299,598,0,3.9
2025-12-15,iPhone Case,Accessories,Bangkok,Marketplace,24,199,4776,0,3.9
2025-07-08,Bluetooth Earbuds,Electronics,Bangkok,Online,26,149,3874,2,4.4
2025-05-17,Screen Protector,Accessories,Pattaya,Marketplace,17,199,3383,0,4.1
2025-09-23,USB-C Cable,Accessories,Chiang Mai,Marketplace,33,349,11517,3,3.0
2025-08-20,Laptop Bag,Bags,Khon Kaen,Online,45,890,40050,0,3.6
2025-07-06,Laptop Bag,Bags,Bangkok,Online,15,1290,19350,1,4.1
2025-01-17,Mouse Pad,Accessories,Khon Kaen,In-Store,23,1290,29670,1,5.0
2025-06-13,Laptop Bag,Bags,Pattaya,Marketplace,41,199,8159,3,4.6
2025-04-02,Mouse Pad,Accessories,Khon Kaen,In-Store,30,299,8970,1,4.6
2025-12-11,Keyboard Cover,Accessories,Khon Kaen,Online,40,1290,51600,0,4.8
2025-06-13,Wireless Charger,Electronics,Pattaya,Online,21,890,18690,0,3.5
2025-10-02,iPhone Case,Accessories,Pattaya,Marketplace,38,299,11362,0,3.3
2025-11-26,Bluetooth Earbuds,Electronics,Chiang Mai,Online,13,1290,16770,1,3.7
2025-10-05,Screen Protector,Accessories,Khon Kaen,Marketplace,37,149,5513,2,4.3
2025-04-27,iPhone Case,Accessories,Bangkok,Online,31,199,6169,0,3.2
2025-11-17,Wireless Charger,Electronics,Phuket,Marketplace,7,890,6230,0,4.4
2025-01-19,iPhone Case,Accessories,Chiang Mai,Online,38,1590,60420,3,4.5
2025-05-23,Keyboard Cover,Accessories,Phuket,Online,6,890,5340,0,3.6
2025-01-08,Mouse Pad,Accessories,Khon Kaen,In-Store,23,199,4577,0,4.4
2025-06-06,Screen Protector,Accessories,Khon Kaen,Marketplace,18,599,10782,1,3.3
2025-04-13,iPhone Case,Accessories,Chiang Mai,In-Store,41,199,8159,4,3.8
2025-07-31,Keyboard Cover,Accessories,Bangkok,Online,9,599,5391,0,4.0
2025-07-17,Power Bank,Electronics,Chiang Mai,Online,22,1590,34980,0,3.8
2025-12-24,Power Bank,Electronics,Chiang Mai,In-Store,7,299,2093,0,3.2
2025-04-03,Mouse Pad,Accessories,Pattaya,Online,16,199,3184,1,3.4
2025-07-17,Mouse Pad,Accessories,Chiang Mai,Marketplace,14,349,4886,0,3.3
2025-02-27,Laptop Bag,Bags,Phuket,Online,26,99,2574,0,3.3
2025-02-06,Wireless Charger,Electronics,Pattaya,In-Store,40,1290,51600,2,3.9
2025-10-18,USB-C Cable,Accessories,Phuket,In-Store,30,299,8970,2,3.5
2025-03-03,iPhone Case,Accessories,Khon Kaen,Marketplace,34,99,3366,3,3.4
2025-05-18,Bluetooth Earbuds,Electronics,Chiang Mai,Marketplace,44,99,4356,1,3.9
2025-06-19,Wireless Charger,Electronics,Pattaya,Online,32,349,11168,1,4.9
2025-03-13,Mouse Pad,Accessories,Khon Kaen,Online,46,99,4554,4,3.6
2025-01-04,Bluetooth Earbuds,Electronics,Phuket,Marketplace,47,199,9353,2,4.1
2025-05-30,iPhone Case,Accessories,Chiang Mai,Online,35,1590,55650,2,3.8
2025-07-13,Laptop Bag,Bags,Khon Kaen,In-Store,37,149,5513,1,4.1
2025-08-28,USB-C Cable,Accessories,Khon Kaen,In-Store,35,599,20965,2,4.8
2025-04-25,Phone Stand,Accessories,Bangkok,Marketplace,31,1590,49290,3,3.8
2025-01-23,Phone Stand,Accessories,Bangkok,Online,22,299,6578,0,4.7
2025-01-19,Screen Protector,Accessories,Khon Kaen,Online,30,99,2970,0,4.3
2025-03-12,iPhone Case,Accessories,Pattaya,Marketplace,10,349,3490,0,3.7
2025-10-08,Power Bank,Electronics,Chiang Mai,Online,18,149,2682,1,3.5
2025-10-12,Wireless Charger,Electronics,Pattaya,Online,4,99,396,1,4.8
2025-11-04,Laptop Bag,Bags,Pattaya,In-Store,34,1590,54060,2,4.5
2025-11-23,Keyboard Cover,Accessories,Bangkok,In-Store,11,149,1639,0,4.9
2025-09-14,iPhone Case,Accessories,Khon Kaen,In-Store,10,599,5990,0,4.2
2025-03-24,USB-C Cable,Accessories,Khon Kaen,Online,42,349,14658,0,3.9
2025-06-15,Laptop Bag,Bags,Phuket,In-Store,17,299,5083,0,3.9
2025-07-30,USB-C Cable,Accessories,Phuket,In-Store,28,299,8372,0,4.6
2025-08-20,Bluetooth Earbuds,Electronics,Pattaya,Online,31,599,18569,3,4.2
2025-08-15,Keyboard Cover,Accessories,Pattaya,In-Store,6,99,594,1,3.9
2025-09-20,Power Bank,Electronics,Phuket,Marketplace,50,1590,79500,3,3.4
2025-02-03,Laptop Bag,Bags,Pattaya,Marketplace,28,149,4172,1,4.7
2025-09-08,Keyboard Cover,Accessories,Chiang Mai,In-Store,38,890,33820,2,4.8
2025-07-11,Laptop Bag,Bags,Phuket,Marketplace,46,199,9154,4,3.8
2025-04-21,Mouse Pad,Accessories,Pattaya,Online,50,599,29950,2,4.4
2025-01-28,Screen Protector,Accessories,Chiang Mai,Online,6,299,1794,0,3.5
2025-11-17,Phone Stand,Accessories,Bangkok,In-Store,11,599,6589,0,3.5
2025-03-16,iPhone Case,Accessories,Bangkok,Marketplace,43,1290,55470,1,4.7
2025-06-29,Wireless Charger,Electronics,Pattaya,In-Store,42,349,14658,2,4.5
2025-03-14,Keyboard Cover,Accessories,Pattaya,Marketplace,41,1590,65190,2,4.9
2025-07-26,USB-C Cable,Accessories,Chiang Mai,Marketplace,24,1290,30960,2,4.4
2025-09-15,USB-C Cable,Accessories,Bangkok,Online,25,1290,32250,2,4.7
2025-03-25,USB-C Cable,Accessories,Bangkok,Marketplace,12,299,3588,0,3.5
2025-01-02,Screen Protector,Accessories,Phuket,Online,30,199,5970,0,4.3
2025-08-20,Wireless Charger,Electronics,Bangkok,Online,38,890,33820,3,4.8
2025-08-12,Wireless Charger,Electronics,Bangkok,Marketplace,13,349,4537,0,3.7
2025-05-21,Power Bank,Electronics,Bangkok,In-Store,20,1590,31800,1,4.4
2025-03-14,Phone Stand,Accessories,Khon Kaen,In-Store,18,349,6282,1,3.7
2025-03-21,Power Bank,Electronics,Phuket,Online,23,890,20470,2,3.9
2025-06-07,Screen Protector,Accessories,Khon Kaen,Online,12,299,3588,0,3.9
2025-03-31,USB-C Cable,Accessories,Khon Kaen,Marketplace,43,149,6407,4,4.3
2025-05-05,USB-C Cable,Accessories,Chiang Mai,In-Store,24,349,8376,1,3.5
2025-07-18,Power Bank,Electronics,Phuket,In-Store,23,199,4577,2,3.6
2025-01-28,Wireless Charger,Electronics,Phuket,Marketplace,49,99,4851,3,3.4
2025-12-05,Wireless Charger,Electronics,Chiang Mai,Marketplace,19,99,1881,1,4.9
2025-07-24,Keyboard Cover,Accessories,Phuket,Online,6,599,3594,0,3.1
2025-05-09,USB-C Cable,Accessories,Chiang Mai,In-Store,42,1590,66780,1,3.5
2025-07-01,Laptop Bag,Bags,Bangkok,In-Store,31,1290,39990,1,3.7
2025-06-24,Power Bank,Electronics,Chiang Mai,Marketplace,42,149,6258,1,4.5
2025-10-26,Laptop Bag,Bags,Bangkok,Marketplace,47,299,14053,2,3.3
2025-06-26,Keyboard Cover,Accessories,Chiang Mai,Online,17,599,10183,0,3.4
2025-03-11,USB-C Cable,Accessories,Pattaya,Marketplace,20,599,11980,1,4.5
2025-11-19,Phone Stand,Accessories,Bangkok,In-Store,29,99,2871,2,4.3
2025-09-24,Power Bank,Electronics,Pattaya,Online,32,149,4768,3,3.6
2025-05-02,iPhone Case,Accessories,Bangkok,In-Store,43,299,12857,3,4.9
2025-09-11,Phone Stand,Accessories,Bangkok,Online,43,299,12857,1,3.9
2025-06-19,Laptop Bag,Bags,Phuket,In-Store,43,1290,55470,2,3.6
2025-11-21,Mouse Pad,Accessories,Chiang Mai,Online,3,99,297,0,4.5
2025-07-29,Bluetooth Earbuds,Electronics,Chiang Mai,Marketplace,45,1590,71550,4,4.8
2025-07-28,Laptop Bag,Bags,Bangkok,Online,33,99,3267,3,3.9
2025-09-15,Mouse Pad,Accessories,Khon Kaen,In-Store,14,1290,18060,1,3.1
2025-03-03,Wireless Charger,Electronics,Chiang Mai,Marketplace,29,599,17371,2,4.1
2025-06-02,Screen Protector,Accessories,Khon Kaen,Online,1,299,299,0,3.4
2025-07-25,Mouse Pad,Accessories,Pattaya,In-Store,20,1590,31800,2,5.0
2025-09-10,Laptop Bag,Bags,Pattaya,Online,33,599,19767,0,3.5
2025-03-15,Mouse Pad,Accessories,Chiang Mai,In-Store,40,99,3960,2,4.4
2025-07-12,Mouse Pad,Accessories,Bangkok,In-Store,32,1290,41280,3,3.6
2025-06-29,USB-C Cable,Accessories,Khon Kaen,Marketplace,8,299,2392,0,4.7
2025-03-03,USB-C Cable,Accessories,Pattaya,Marketplace,11,1590,17490,0,4.7
2025-01-25,Screen Protector,Accessories,Khon Kaen,In-Store,17,149,2533,0,3.1
2025-11-30,Power Bank,Electronics,Phuket,Marketplace,27,299,8073,2,4.0
2025-04-14,USB-C Cable,Accessories,Pattaya,In-Store,9,890,8010,0,4.3
2025-04-26,Wireless Charger,Electronics,Khon Kaen,In-Store,27,890,24030,1,4.1
2025-12-06,Power Bank,Electronics,Phuket,Online,31,890,27590,2,4.9
2025-06-15,Phone Stand,Accessories,Bangkok,Online,47,1290,60630,2,4.5
2025-01-12,Wireless Charger,Electronics,Bangkok,In-Store,43,99,4257,1,3.8
2025-08-20,Mouse Pad,Accessories,Khon Kaen,In-Store,48,349,16752,2,4.8
2025-07-28,Bluetooth Earbuds,Electronics,Khon Kaen,In-Store,3,1590,4770,1,4.4
2025-11-12,Bluetooth Earbuds,Electronics,Khon Kaen,In-Store,25,149,3725,1,4.7
2025-12-12,Keyboard Cover,Accessories,Chiang Mai,Marketplace,5,349,1745,0,4.7
2025-04-21,Wireless Charger,Electronics,Bangkok,In-Store,10,890,8900,0,3.8
2025-04-12,Screen Protector,Accessories,Phuket,Online,39,1590,62010,0,3.6
2025-03-27,Wireless Charger,Electronics,Pattaya,Marketplace,42,299,12558,1,3.1
2025-01-26,Bluetooth Earbuds,Electronics,Phuket,Online,20,890,17800,0,3.5
2025-02-16,Power Bank,Electronics,Phuket,Marketplace,13,349,4537,1,4.3
2025-01-27,Power Bank,Electronics,Bangkok,In-Store,15,1290,19350,1,3.1
2025-05-27,Screen Protector,Accessories,Khon Kaen,Marketplace,4,1590,6360,0,3.5
2025-07-29,iPhone Case,Accessories,Khon Kaen,Marketplace,12,890,10680,0,3.5
2025-05-06,USB-C Cable,Accessories,Phuket,Online,29,599,17371,1,3.5
2025-06-05,Wireless Charger,Electronics,Khon Kaen,Online,24,1290,30960,0,4.5
2025-08-10,Mouse Pad,Accessories,Chiang Mai,Online,35,149,5215,1,4.8
2025-11-18,Keyboard Cover,Accessories,Phuket,In-Store,36,299,10764,3,4.6
2025-02-09,Phone Stand,Accessories,Phuket,In-Store,29,1590,46110,2,4.4
2025-12-26,Screen Protector,Accessories,Pattaya,In-Store,32,99,3168,2,3.2
2025-10-10,Keyboard Cover,Accessories,Phuket,In-Store,12,599,7188,1,4.2
2025-08-18,iPhone Case,Accessories,Phuket,In-Store,18,149,2682,0,3.5
2025-06-27,Screen Protector,Accessories,Phuket,Marketplace,48,299,14352,3,3.6
2025-07-05,iPhone Case,Accessories,Bangkok,Marketplace,14,349,4886,0,4.8
2025-02-20,Laptop Bag,Bags,Bangkok,Online,44,149,6556,0,4.0
2025-12-28,Laptop Bag,Bags,Khon Kaen,Marketplace,42,1590,66780,3,3.6
2025-05-23,Power Bank,Electronics,Chiang Mai,Online,42,1290,54180,4,4.0
2025-12-12,Keyboard Cover,Accessories,Bangkok,Marketplace,28,299,8372,2,4.2
2025-09-18,Laptop Bag,Bags,Khon Kaen,In-Store,6,890,5340,1,3.6
2025-02-02,Screen Protector,Accessories,Bangkok,Marketplace,14,1590,22260,0,3.6
2025-11-01,Wireless Charger,Electronics,Phuket,Marketplace,7,890,6230,0,3.7
2025-11-01,Wireless Charger,Electronics,Khon Kaen,Marketplace,24,1290,30960,2,4.8
2025-12-06,Keyboard Cover,Accessories,Chiang Mai,In-Store,13,1590,20670,1,4.8
2025-10-15,Screen Protector,Accessories,Phuket,Online,12,299,3588,0,3.6
2025-12-12,Keyboard Cover,Accessories,Pattaya,In-Store,10,1590,15900,1,4.1
2025-07-05,Power Bank,Electronics,Bangkok,Marketplace,21,890,18690,2,4.1
2025-11-21,Wireless Charger,Electronics,Pattaya,Marketplace,17,890,15130,0,4.0
2025-04-07,Bluetooth Earbuds,Electronics,Phuket,Marketplace,41,890,36490,4,4.0
2025-12-23,Laptop Bag,Bags,Khon Kaen,In-Store,49,1290,63210,3,4.8
2025-11-01,Power Bank,Electronics,Khon Kaen,Online,28,349,9772,0,3.4
2025-10-20,USB-C Cable,Accessories,Phuket,Online,41,149,6109,1,4.2
2025-03-27,iPhone Case,Accessories,Chiang Mai,Marketplace,13,599,7787,0,4.4
2025-12-08,iPhone Case,Accessories,Bangkok,Marketplace,16,149,2384,1,4.1
2025-06-13,Keyboard Cover,Accessories,Pattaya,In-Store,44,349,15356,4,4.5
2025-11-28,Wireless Charger,Electronics,Chiang Mai,Online,25,1290,32250,0,4.8
2025-07-15,Wireless Charger,Electronics,Bangkok,In-Store,1,890,890,0,3.0
2025-10-02,USB-C Cable,Accessories,Bangkok,Online,41,890,36490,2,3.9
2025-09-24,Phone Stand,Accessories,Bangkok,In-Store,44,349,15356,4,4.1
2025-08-26,iPhone Case,Accessories,Phuket,Online,47,599,28153,0,4.6
2025-09-30,iPhone Case,Accessories,Chiang Mai,Marketplace,24,199,4776,1,4.5
2025-10-11,Keyboard Cover,Accessories,Pattaya,Online,42,890,37380,2,4.2
2025-02-18,iPhone Case,Accessories,Pattaya,Marketplace,5,149,745,0,3.2
2025-11-03,Phone Stand,Accessories,Khon Kaen,Online,6,1290,7740,0,4.5
2025-05-31,Laptop Bag,Bags,Chiang Mai,Online,31,1590,49290,2,3.8
2025-02-27,Laptop Bag,Bags,Pattaya,In-Store,42,99,4158,1,3.6
2025-07-25,Keyboard Cover,Accessories,Pattaya,Online,43,99,4257,4,4.1
2025-12-23,Mouse Pad,Accessories,Phuket,Marketplace,30,1290,38700,1,3.9
2025-03-07,Screen Protector,Accessories,Pattaya,Online,39,1290,50310,1,3.1
2025-01-22,Keyboard Cover,Accessories,Bangkok,Online,27,349,9423,0,3.2
2025-08-01,Phone Stand,Accessories,Pattaya,Marketplace,31,349,10819,1,3.8
2025-07-21,Keyboard Cover,Accessories,Chiang Mai,Marketplace,47,149,7003,1,3.4
2025-04-29,Screen Protector,Accessories,Chiang Mai,In-Store,27,149,4023,2,3.2
2025-06-14,Screen Protector,Accessories,Bangkok,Marketplace,32,1590,50880,2,4.1
2025-05-13,Bluetooth Earbuds,Electronics,Bangkok,In-Store,13,199,2587,1,4.0
2025-12-24,Laptop Bag,Bags,Chiang Mai,In-Store,38,890,33820,2,3.5
2025-03-03,iPhone Case,Accessories,Pattaya,Online,6,99,594,1,5.0
2025-02-08,iPhone Case,Accessories,Chiang Mai,Marketplace,8,1290,10320,0,4.0
2025-12-09,Mouse Pad,Accessories,Bangkok,Marketplace,37,1590,58830,3,3.4
2025-11-01,Keyboard Cover,Accessories,Pattaya,In-Store,45,199,8955,2,3.7
2025-03-02,Mouse Pad,Accessories,Chiang Mai,In-Store,32,299,9568,2,3.3
2025-06-13,Laptop Bag,Bags,Bangkok,Marketplace,41,349,14309,2,4.6
2025-02-05,Mouse Pad,Accessories,Pattaya,In-Store,7,349,2443,0,3.3
2025-05-20,USB-C Cable,Accessories,Phuket,Marketplace,9,99,891,0,4.3
2025-04-06,iPhone Case,Accessories,Bangkok,In-Store,37,199,7363,1,4.3
2025-08-13,Wireless Charger,Electronics,Khon Kaen,Online,21,199,4179,2,4.2
2025-12-11,Screen Protector,Accessories,Pattaya,In-Store,12,149,1788,0,3.6
2025-11-21,Keyboard Cover,Accessories,Chiang Mai,In-Store,49,99,4851,2,3.1
2025-10-01,Laptop Bag,Bags,Phuket,Marketplace,6,890,5340,0,4.7
2025-06-23,Laptop Bag,Bags,Bangkok,In-Store,11,1590,17490,0,4.9
2025-11-30,USB-C Cable,Accessories,Phuket,Marketplace,23,599,13777,0,3.9
2025-03-26,Screen Protector,Accessories,Bangkok,In-Store,2,199,398,1,4.9
2025-11-21,Phone Stand,Accessories,Phuket,Marketplace,39,299,11661,1,3.4
2025-09-19,Keyboard Cover,Accessories,Phuket,Online,22,149,3278,1,3.5
2025-02-07,Laptop Bag,Bags,Phuket,Marketplace,41,99,4059,0,3.1
2025-11-24,Keyboard Cover,Accessories,Chiang Mai,Marketplace,19,349,6631,1,4.8
2025-09-14,USB-C Cable,Accessories,Phuket,In-Store,7,1590,11130,0,4.6
2025-08-06,Mouse Pad,Accessories,Bangkok,Online,48,99,4752,4,3.9
2025-08-01,Power Bank,Electronics,Phuket,In-Store,18,349,6282,0,3.6
2025-02-10,Screen Protector,Accessories,Khon Kaen,Marketplace,27,299,8073,0,3.7
2025-10-03,Keyboard Cover,Accessories,Bangkok,Marketplace,19,890,16910,1,4.9
2025-11-07,Power Bank,Electronics,Khon Kaen,In-Store,35,149,5215,1,4.1
2025-01-22,Screen Protector,Accessories,Khon Kaen,Marketplace,36,149,5364,1,3.3
2025-03-07,USB-C Cable,Accessories,Pattaya,Marketplace,9,599,5391,0,3.2
2025-08-24,Mouse Pad,Accessories,Phuket,In-Store,11,299,3289,0,4.3
2025-06-05,iPhone Case,Accessories,Bangkok,In-Store,13,890,11570,1,4.0
2025-06-26,Mouse Pad,Accessories,Phuket,In-Store,18,1290,23220,1,4.7
2025-09-20,Power Bank,Electronics,Khon Kaen,In-Store,11,1590,17490,1,4.6
2025-03-12,Power Bank,Electronics,Phuket,Marketplace,1,99,99,1,3.9
2025-06-19,Bluetooth Earbuds,Electronics,Khon Kaen,In-Store,34,199,6766,3,3.6
2025-07-11,Screen Protector,Accessories,Bangkok,Online,2,149,298,1,4.1
2025-03-29,Screen Protector,Accessories,Khon Kaen,Online,47,1590,74730,3,3.4
2025-07-12,USB-C Cable,Accessories,Khon Kaen,Online,1,299,299,0,3.3
2025-06-26,Laptop Bag,Bags,Chiang Mai,In-Store,12,890,10680,1,4.9
2025-09-25,Bluetooth Earbuds,Electronics,Bangkok,In-Store,46,99,4554,0,4.6
2025-06-04,Mouse Pad,Accessories,Pattaya,In-Store,26,599,15574,1,4.1
2025-04-12,USB-C Cable,Accessories,Bangkok,In-Store,28,890,24920,2,4.4
2025-06-23,Screen Protector,Accessories,Pattaya,Marketplace,16,1290,20640,0,4.9
2025-07-11,Mouse Pad,Accessories,Khon Kaen,Marketplace,30,890,26700,0,3.2
2025-04-10,Keyboard Cover,Accessories,Phuket,Online,35,599,20965,3,3.5
2025-08-19,Screen Protector,Accessories,Khon Kaen,Online,25,299,7475,0,4.8
2025-04-16,Phone Stand,Accessories,Bangkok,In-Store,44,890,39160,0,3.2
2025-12-13,USB-C Cable,Accessories,Khon Kaen,Online,42,299,12558,1,3.5
2025-01-18,USB-C Cable,Accessories,Phuket,Marketplace,20,1590,31800,2,3.5
2025-08-29,Wireless Charger,Electronics,Bangkok,Online,12,149,1788,0,3.2
2025-10-13,Keyboard Cover,Accessories,Pattaya,In-Store,6,99,594,0,4.7
2025-12-29,Bluetooth Earbuds,Electronics,Phuket,Marketplace,27,1290,34830,2,4.3
2025-01-12,Bluetooth Earbuds,Electronics,Khon Kaen,Online,39,149,5811,1,3.6
2025-09-01,Wireless Charger,Electronics,Pattaya,In-Store,5,890,4450,1,3.7
2025-04-11,USB-C Cable,Accessories,Phuket,Marketplace,3,1590,4770,1,3.2
2025-07-30,Screen Protector,Accessories,Chiang Mai,Online,17,149,2533,0,3.2
2025-02-19,Laptop Bag,Bags,Chiang Mai,Marketplace,46,599,27554,4,4.2
2025-05-21,Screen Protector,Accessories,Bangkok,Marketplace,21,1290,27090,2,3.1
2025-08-13,Screen Protector,Accessories,Khon Kaen,Online,34,890,30260,3,4.6
2025-11-05,Screen Protector,Accessories,Chiang Mai,Online,47,99,4653,3,4.8
2025-08-26,Keyboard Cover,Accessories,Chiang Mai,Online,10,1590,15900,1,3.1
2025-06-08,Phone Stand,Accessories,Bangkok,Online,20,199,3980,2,3.8
2025-08-31,Keyboard Cover,Accessories,Bangkok,Online,30,1590,47700,0,4.4
2025-09-29,iPhone Case,Accessories,Pattaya,In-Store,11,1290,14190,1,3.9
2025-06-12,iPhone Case,Accessories,Chiang Mai,In-Store,39,299,11661,3,4.3
2025-05-23,Keyboard Cover,Accessories,Chiang Mai,Online,39,1290,50310,1,4.7
2025-10-24,Keyboard Cover,Accessories,Khon Kaen,Marketplace,19,599,11381,1,3.7
2025-05-26,Mouse Pad,Accessories,Bangkok,In-Store,27,99,2673,0,3.4
2025-12-10,Bluetooth Earbuds,Electronics,Khon Kaen,Marketplace,34,599,20366,1,3.5
2025-02-12,iPhone Case,Accessories,Phuket,Marketplace,3,599,1797,1,5.0
2025-08-09,Power Bank,Electronics,Pattaya,Online,41,890,36490,0,3.0
2025-08-13,Bluetooth Earbuds,Electronics,Bangkok,Online,35,199,6965,3,3.1
2025-06-28,USB-C Cable,Accessories,Pattaya,Online,14,599,8386,1,4.6
2025-10-04,Power Bank,Electronics,Pattaya,In-Store,40,890,35600,2,3.9
2025-04-05,Mouse Pad,Accessories,Pattaya,In-Store,16,99,1584,0,4.1
2025-05-07,Power Bank,Electronics,Chiang Mai,Marketplace,27,299,8073,2,3.9
2025-05-21,Bluetooth Earbuds,Electronics,Chiang Mai,Marketplace,30,299,8970,0,3.7
2025-05-25,Phone Stand,Accessories,Khon Kaen,Online,1,349,349,0,3.7
2025-08-12,Screen Protector,Accessories,Phuket,In-Store,43,299,12857,4,4.7
2025-11-14,Mouse Pad,Accessories,Khon Kaen,In-Store,27,299,8073,2,4.8
2025-04-01,iPhone Case,Accessories,Phuket,In-Store,35,349,12215,0,4.4
2025-08-29,Bluetooth Earbuds,Electronics,Phuket,Marketplace,12,149,1788,1,4.5
2025-02-17,Bluetooth Earbuds,Electronics,Chiang Mai,Marketplace,33,299,9867,2,4.7
2025-04-28,USB-C Cable,Accessories,Khon Kaen,Marketplace,44,599,26356,1,3.6
2025-10-08,Mouse Pad,Accessories,Phuket,In-Store,38,349,13262,2,4.9
2025-03-09,Bluetooth Earbuds,Electronics,Khon Kaen,In-Store,39,1590,62010,3,3.9
2025-08-25,Screen Protector,Accessories,Bangkok,Marketplace,43,99,4257,1,4.2
2025-06-14,Phone Stand,Accessories,Pattaya,In-Store,18,1590,28620,1,3.6
2025-10-11,Phone Stand,Accessories,Chiang Mai,In-Store,7,1590,11130,1,3.3
2025-04-07,Laptop Bag,Bags,Pattaya,In-Store,42,299,12558,3,4.8
2025-10-13,Power Bank,Electronics,Phuket,Marketplace,7,599,4193,0,4.9
2025-07-22,Mouse Pad,Accessories,Khon Kaen,Marketplace,27,599,16173,0,3.3
2025-10-01,iPhone Case,Accessories,Phuket,Marketplace,46,349,16054,1,4.1
2025-12-20,USB-C Cable,Accessories,Phuket,In-Store,38,199,7562,1,4.9
2025-05-01,Screen Protector,Accessories,Phuket,Online,28,1290,36120,2,3.8
2025-09-25,Bluetooth Earbuds,Electronics,Pattaya,Marketplace,23,299,6877,0,3.5
2025-11-02,Mouse Pad,Accessories,Khon Kaen,In-Store,25,349,8725,0,3.5
2025-03-11,Keyboard Cover,Accessories,Chiang Mai,Marketplace,2,99,198,1,3.7
2025-03-05,Wireless Charger,Electronics,Pattaya,Online,47,199,9353,2,3.4
2025-05-27,USB-C Cable,Accessories,Pattaya,Online,32,1590,50880,1,4.5
2025-02-09,Mouse Pad,Accessories,Khon Kaen,In-Store,3,1590,4770,1,4.9
2025-02-20,Phone Stand,Accessories,Bangkok,In-Store,18,599,10782,1,4.5
2025-06-16,Phone Stand,Accessories,Phuket,Marketplace,22,1290,28380,1,3.3
2025-05-03,Phone Stand,Accessories,Pattaya,Marketplace,7,349,2443,0,4.3
2025-06-21,Bluetooth Earbuds,Electronics,Chiang Mai,Marketplace,23,1590,36570,0,3.7
2025-06-25,USB-C Cable,Accessories,Chiang Mai,In-Store,7,199,1393,1,4.2
2025-05-17,Wireless Charger,Electronics,Phuket,Online,44,299,13156,2,3.5
2025-04-27,Wireless Charger,Electronics,Chiang Mai,In-Store,32,890,28480,1,4.5
2025-09-29,Mouse Pad,Accessories,Chiang Mai,In-Store,1,349,349,1,4.8
2025-03-04,Keyboard Cover,Accessories,Khon Kaen,Online,27,1290,34830,2,3.1
2025-11-22,Mouse Pad,Accessories,Chiang Mai,Marketplace,36,599,21564,2,4.2
2025-05-21,Power Bank,Electronics,Pattaya,In-Store,5,149,745,1,4.0
2025-09-01,Phone Stand,Accessories,Bangkok,In-Store,13,349,4537,1,3.9
2025-06-23,USB-C Cable,Accessories,Khon Kaen,In-Store,2,890,1780,0,3.5
2025-04-19,Phone Stand,Accessories,Phuket,In-Store,50,890,44500,3,4.0
2025-09-07,iPhone Case,Accessories,Phuket,Online,25,349,8725,0,3.9
2025-08-26,USB-C Cable,Accessories,Khon Kaen,Online,46,1590,73140,1,4.8
2025-03-14,Power Bank,Electronics,Bangkok,Online,6,1290,7740,1,4.9
2025-12-11,Screen Protector,Accessories,Khon Kaen,Marketplace,11,890,9790,1,3.8
2025-03-21,iPhone Case,Accessories,Chiang Mai,Marketplace,40,890,35600,4,3.7
2025-09-25,Phone Stand,Accessories,Phuket,Online,18,99,1782,0,4.0
2025-09-21,Mouse Pad,Accessories,Pattaya,Marketplace,41,890,36490,0,4.0
2025-09-05,Bluetooth Earbuds,Electronics,Phuket,Online,37,149,5513,1,3.3
2025-01-20,Keyboard Cover,Accessories,Phuket,Marketplace,30,99,2970,1,3.8
2025-02-04,USB-C Cable,Accessories,Phuket,Marketplace,5,890,4450,0,4.7
2025-04-15,iPhone Case,Accessories,Chiang Mai,In-Store,38,199,7562,0,4.6
2025-12-30,Screen Protector,Accessories,Bangkok,In-Store,28,299,8372,0,3.9
2025-02-14,Wireless Charger,Electronics,Bangkok,Online,23,890,20470,2,4.7
2025-05-19,Wireless Charger,Electronics,Phuket,Online,31,1290,39990,0,4.7
2025-05-29,Laptop Bag,Bags,Pattaya,Marketplace,14,1590,22260,0,4.5
2025-09-11,Mouse Pad,Accessories,Pattaya,Online,6,890,5340,0,3.1
2025-12-27,Wireless Charger,Electronics,Phuket,Marketplace,31,199,6169,0,4.5
2025-04-12,Keyboard Cover,Accessories,Bangkok,Marketplace,46,199,9154,2,3.2
2025-09-13,USB-C Cable,Accessories,Khon Kaen,Marketplace,21,1290,27090,0,4.3
2025-05-09,Keyboard Cover,Accessories,Phuket,In-Store,18,299,5382,1,4.0
2025-09-25,Screen Protector,Accessories,Bangkok,In-Store,42,890,37380,0,4.2
2025-04-11,Screen Protector,Accessories,Khon Kaen,Marketplace,2,299,598,1,4.1
2025-03-23,Wireless Charger,Electronics,Pattaya,Online,26,890,23140,1,3.9
2025-05-12,Wireless Charger,Electronics,Bangkok,In-Store,39,1290,50310,0,4.4
2025-07-21,Wireless Charger,Electronics,Pattaya,Marketplace,31,1590,49290,3,3.5
2025-06-15,Laptop Bag,Bags,Pattaya,Marketplace,44,349,15356,2,4.2
2025-01-10,Power Bank,Electronics,Pattaya,Marketplace,31,599,18569,1,3.4
2025-12-14,Bluetooth Earbuds,Electronics,Pattaya,In-Store,20,99,1980,2,3.5
2025-11-07,Wireless Charger,Electronics,Phuket,Marketplace,1,149,149,1,4.9
2025-03-21,Power Bank,Electronics,Bangkok,Online,10,199,1990,0,5.0
2025-05-04,Bluetooth Earbuds,Electronics,Phuket,Online,36,349,12564,2,3.7
2025-05-23,Screen Protector,Accessories,Bangkok,In-Store,27,890,24030,1,4.8
2025-06-07,Screen Protector,Accessories,Phuket,In-Store,17,1590,27030,0,4.0
2025-04-10,Phone Stand,Accessories,Khon Kaen,Online,11,199,2189,0,3.2
2025-09-14,Mouse Pad,Accessories,Khon Kaen,In-Store,39,99,3861,2,3.6
2025-01-02,Screen Protector,Accessories,Pattaya,In-Store,41,299,12259,3,3.3
2025-04-16,Power Bank,Electronics,Bangkok,Online,34,1290,43860,2,4.6
2025-03-29,Wireless Charger,Electronics,Phuket,Online,47,349,16403,4,3.8
2025-07-01,Mouse Pad,Accessories,Chiang Mai,Marketplace,4,599,2396,1,4.9
2025-10-07,iPhone Case,Accessories,Bangkok,In-Store,20,349,6980,2,4.6
2025-04-22,Keyboard Cover,Accessories,Phuket,Online,15,1590,23850,1,4.5
2025-05-03,Mouse Pad,Accessories,Bangkok,Marketplace,5,149,745,1,3.9
2025-06-14,Wireless Charger,Electronics,Khon Kaen,Marketplace,3,299,897,1,3.8
2025-10-22,Phone Stand,Accessories,Pattaya,Online,35,199,6965,1,3.9
2025-12-11,Mouse Pad,Accessories,Phuket,Marketplace,42,1290,54180,3,4.7
2025-09-19,Laptop Bag,Bags,Phuket,In-Store,29,599,17371,0,3.2
2025-06-09,Screen Protector,Accessories,Bangkok,Online,42,1590,66780,2,4.7
2025-07-26,Bluetooth Earbuds,Electronics,Khon Kaen,Marketplace,17,599,10183,1,3.3
2025-03-10,Power Bank,Electronics,Khon Kaen,In-Store,29,599,17371,2,3.6
2025-01-23,Keyboard Cover,Accessories,Chiang Mai,In-Store,12,1590,19080,0,3.2
2025-03-26,Phone Stand,Accessories,Bangkok,In-Store,13,349,4537,0,4.2
2025-03-08,Bluetooth Earbuds,Electronics,Khon Kaen,Online,44,599,26356,4,3.7
2025-06-07,Bluetooth Earbuds,Electronics,Phuket,Marketplace,38,99,3762,3,4.2
2025-11-20,Screen Protector,Accessories,Chiang Mai,In-Store,20,99,1980,1,3.7
2025-06-16,Mouse Pad,Accessories,Bangkok,Marketplace,49,349,17101,1,3.2
2025-03-06,Screen Protector,Accessories,Pattaya,In-Store,37,99,3663,0,3.5
2025-12-05,Screen Protector,Accessories,Khon Kaen,Online,38,99,3762,1,4.6
2025-10-21,Bluetooth Earbuds,Electronics,Khon Kaen,Online,39,149,5811,3,3.4
2025-03-13,iPhone Case,Accessories,Bangkok,Marketplace,28,99,2772,2,4.7
2025-09-14,USB-C Cable,Accessories,Bangkok,Marketplace,41,299,12259,1,3.3
2025-07-18,Wireless Charger,Electronics,Khon Kaen,Online,38,599,22762,3,4.3
2025-09-09,Power Bank,Electronics,Pattaya,Marketplace,43,99,4257,4,3.3
2025-10-31,USB-C Cable,Accessories,Khon Kaen,Online,37,1590,58830,1,5.0
2025-01-06,USB-C Cable,Accessories,Pattaya,In-Store,35,1590,55650,1,3.0
2025-01-08,Mouse Pad,Accessories,Pattaya,Marketplace,5,349,1745,1,4.3
2025-12-19,Bluetooth Earbuds,Electronics,Khon Kaen,In-Store,2,1290,2580,0,3.1
2025-06-12,Phone Stand,Accessories,Phuket,Marketplace,5,299,1495,1,4.2
2025-03-01,Keyboard Cover,Accessories,Phuket,Online,24,1290,30960,2,3.3
2025-04-11,Screen Protector,Accessories,Chiang Mai,Online,28,149,4172,1,3.6
2025-11-27,Screen Protector,Accessories,Phuket,In-Store,10,349,3490,1,3.5
2025-05-11,iPhone Case,Accessories,Pattaya,In-Store,15,1290,19350,0,4.1
2025-03-17,Keyboard Cover,Accessories,Phuket,In-Store,24,99,2376,2,4.2
2025-09-11,Screen Protector,Accessories,Bangkok,In-Store,44,1590,69960,1,4.8
2025-09-23,Keyboard Cover,Accessories,Khon Kaen,Online,27,890,24030,2,4.2
2025-09-01,Power Bank,Electronics,Bangkok,In-Store,24,299,7176,0,4.1
2025-09-06,Wireless Charger,Electronics,Bangkok,Online,41,890,36490,4,4.2
2025-11-28,USB-C Cable,Accessories,Bangkok,Online,20,1590,31800,2,3.8
2025-12-30,Power Bank,Electronics,Khon Kaen,Marketplace,8,99,792,0,4.3
2025-09-08,Keyboard Cover,Accessories,Pattaya,Marketplace,44,299,13156,1,4.9
2025-01-26,Keyboard Cover,Accessories,Chiang Mai,In-Store,14,599,8386,0,4.2
2025-06-06,Screen Protector,Accessories,Phuket,Marketplace,25,890,22250,2,4.2
2025-02-18,Bluetooth Earbuds,Electronics,Khon Kaen,In-Store,46,1590,73140,4,4.3
2025-03-29,Screen Protector,Accessories,Khon Kaen,Marketplace,21,149,3129,1,4.4
2025-10-11,Screen Protector,Accessories,Pattaya,In-Store,41,890,36490,3,3.6
2025-03-31,Screen Protector,Accessories,Pattaya,In-Store,50,599,29950,2,3.8
2025-03-20,Keyboard Cover,Accessories,Pattaya,Marketplace,18,1290,23220,0,4.5
2025-08-30,Mouse Pad,Accessories,Chiang Mai,In-Store,21,1290,27090,2,3.5
2025-06-02,Power Bank,Electronics,Phuket,Marketplace,35,199,6965,1,3.2
2025-05-26,Power Bank,Electronics,Bangkok,In-Store,40,199,7960,4,3.9
2025-08-18,Phone Stand,Accessories,Pattaya,Online,11,299,3289,0,3.6
2025-07-23,Wireless Charger,Electronics,Chiang Mai,Marketplace,12,890,10680,0,4.2
2025-12-23,Laptop Bag,Bags,Bangkok,In-Store,20,149,2980,0,4.7
2025-06-11,Screen Protector,Accessories,Chiang Mai,In-Store,44,199,8756,4,4.9
2025-03-12,USB-C Cable,Accessories,Pattaya,In-Store,48,199,9552,2,3.5
2025-12-13,Laptop Bag,Bags,Bangkok,Marketplace,23,599,13777,0,3.8
2025-06-08,Mouse Pad,Accessories,Khon Kaen,Online,45,1290,58050,0,4.5
2025-01-02,USB-C Cable,Accessories,Chiang Mai,Marketplace,42,890,37380,0,3.5
2025-01-02,Bluetooth Earbuds,Electronics,Chiang Mai,Online,27,599,16173,0,3.3
2025-09-14,Laptop Bag,Bags,Phuket,In-Store,2,1290,2580,1,4.7
2025-02-06,USB-C Cable,Accessories,Phuket,Online,43,1590,68370,3,4.5
2025-01-16,Phone Stand,Accessories,Bangkok,Online,20,149,2980,2,3.1
2025-04-04,USB-C Cable,Accessories,Chiang Mai,In-Store,48,99,4752,2,4.5
2025-07-01,Screen Protector,Accessories,Pattaya,In-Store,44,599,26356,3,3.3
2025-03-11,Power Bank,Electronics,Pattaya,Marketplace,49,890,43610,4,4.5
2025-12-30,iPhone Case,Accessories,Khon Kaen,Marketplace,28,1590,44520,0,3.0
2025-03-06,iPhone Case,Accessories,Bangkok,Online,2,1290,2580,1,3.6
2025-04-03,Laptop Bag,Bags,Pattaya,Online,12,599,7188,0,3.4
2025-05-08,Bluetooth Earbuds,Electronics,Khon Kaen,In-Store,25,1590,39750,1,3.6
2025-08-11,Keyboard Cover,Accessories,Pattaya,Online,16,299,4784,0,3.6
2025-12-31,Wireless Charger,Electronics,Phuket,Online,2,890,1780,0,4.8
2025-04-25,Screen Protector,Accessories,Pattaya,In-Store,1,299,299,0,3.3
2025-10-17,USB-C Cable,Accessories,Khon Kaen,In-Store,34,890,30260,0,3.6
2025-04-24,Phone Stand,Accessories,Phuket,In-Store,2,299,598,0,3.4
2025-07-28,Bluetooth Earbuds,Electronics,Bangkok,Marketplace,26,149,3874,2,4.2
2025-12-04,Keyboard Cover,Accessories,Pattaya,In-Store,12,149,1788,1,4.8
2025-11-30,Phone Stand,Accessories,Bangkok,In-Store,40,1290,51600,2,4.2
2025-08-31,Power Bank,Electronics,Pattaya,Online,46,349,16054,3,3.7
2025-03-29,Wireless Charger,Electronics,Phuket,Online,2,349,698,0,3.5
2025-08-20,USB-C Cable,Accessories,Chiang Mai,In-Store,23,599,13777,0,4.1
2025-07-12,Power Bank,Electronics,Chiang Mai,In-Store,42,99,4158,0,4.6
2025-10-05,Keyboard Cover,Accessories,Khon Kaen,Online,17,599,10183,1,4.6
2025-06-08,Phone Stand,Accessories,Phuket,Online,28,299,8372,0,3.4
2025-03-16,Keyboard Cover,Accessories,Bangkok,Online,48,349,16752,3,4.3
2025-12-04,Power Bank,Electronics,Bangkok,Marketplace,32,299,9568,1,4.8
2025-01-17,USB-C Cable,Accessories,Pattaya,Marketplace,2,99,198,1,4.4
2025-10-11,Phone Stand,Accessories,Pattaya,In-Store,16,149,2384,1,4.2
2025-10-17,Mouse Pad,Accessories,Khon Kaen,Online,24,599,14376,1,4.8
2025-10-05,Wireless Charger,Electronics,Khon Kaen,In-Store,7,149,1043,0,4.0
2025-10-25,Screen Protector,Accessories,Chiang Mai,Marketplace,28,1590,44520,0,4.3
2025-02-22,Phone Stand,Accessories,Phuket,In-Store,50,1590,79500,4,3.5
2025-05-12,Bluetooth Earbuds,Electronics,Khon Kaen,In-Store,29,1590,46110,1,4.4
2025-08-22,iPhone Case,Accessories,Chiang Mai,In-Store,26,299,7774,1,4.7
2025-06-14,Phone Stand,Accessories,Phuket,Marketplace,7,599,4193,0,3.4
2025-09-06,Screen Protector,Accessories,Bangkok,Marketplace,29,99,2871,1,3.7
2025-09-08,Wireless Charger,Electronics,Pattaya,Online,11,299,3289,0,4.6
2025-12-08,USB-C Cable,Accessories,Chiang Mai,In-Store,7,1590,11130,0,4.3
2025-07-26,Laptop Bag,Bags,Pattaya,Online,39,299,11661,0,4.9
2025-04-08,Wireless Charger,Electronics,Phuket,In-Store,24,299,7176,0,4.8
2025-02-08,Phone Stand,Accessories,Phuket,Online,40,599,23960,0,4.5
2025-12-26,Power Bank,Electronics,Pattaya,Marketplace,11,1590,17490,0,3.3
2025-02-19,Screen Protector,Accessories,Khon Kaen,Marketplace,12,1590,19080,1,4.5
2025-06-11,Keyboard Cover,Accessories,Bangkok,Marketplace,2,1290,2580,1,4.4
2025-04-28,iPhone Case,Accessories,Chiang Mai,Marketplace,10,599,5990,0,4.5
2025-03-19,Bluetooth Earbuds,Electronics,Khon Kaen,Marketplace,30,890,26700,2,3.9
2025-04-25,USB-C Cable,Accessories,Pattaya,Online,28,890,24920,0,3.3
2025-07-12,USB-C Cable,Accessories,Bangkok,In-Store,31,299,9269,0,3.3
2025-12-24,Bluetooth Earbuds,Electronics,Chiang Mai,Marketplace,8,99,792,0,3.3
2025-07-16,Laptop Bag,Bags,Khon Kaen,In-Store,2,199,398,0,4.2
2025-02-24,Wireless Charger,Electronics,Pattaya,Marketplace,34,890,30260,1,3.8
2025-09-21,Keyboard Cover,Accessories,Chiang Mai,Online,11,1590,17490,1,4.7
2025-01-30,Bluetooth Earbuds,Electronics,Khon Kaen,Marketplace,13,149,1937,0,3.1
2025-03-10,Power Bank,Electronics,Phuket,Online,37,299,11063,2,4.7
2025-02-19,Phone Stand,Accessories,Khon Kaen,Online,21,199,4179,1,5.0
2025-08-30,USB-C Cable,Accessories,Pattaya,In-Store,16,99,1584,0,4.9
2025-04-28,Screen Protector,Accessories,Pattaya,Marketplace,8,349,2792,0,3.8
2025-11-01,Bluetooth Earbuds,Electronics,Chiang Mai,In-Store,35,1590,55650,1,4.1
2025-08-01,Phone Stand,Accessories,Phuket,Marketplace,27,99,2673,2,5.0
2025-08-21,USB-C Cable,Accessories,Khon Kaen,Marketplace,43,149,6407,3,3.3
2025-10-11,Screen Protector,Accessories,Chiang Mai,Online,7,1590,11130,1,4.6
2025-10-14,Screen Protector,Accessories,Pattaya,Online,16,349,5584,0,3.4
2025-05-28,Mouse Pad,Accessories,Bangkok,In-Store,28,1290,36120,1,3.6
2025-01-07,iPhone Case,Accessories,Khon Kaen,Online,2,149,298,1,3.1
2025-04-29,Bluetooth Earbuds,Electronics,Phuket,In-Store,17,890,15130,1,4.1
2025-12-01,Mouse Pad,Accessories,Chiang Mai,Online,24,99,2376,2,4.4
2025-11-14,Power Bank,Electronics,Khon Kaen,Online,9,599,5391,1,4.8
2025-02-28,Keyboard Cover,Accessories,Khon Kaen,Marketplace,32,99,3168,0,4.5
2025-07-09,Keyboard Cover,Accessories,Khon Kaen,Online,17,299,5083,0,4.8
2025-02-24,Bluetooth Earbuds,Electronics,Bangkok,Online,36,1290,46440,0,4.5
2025-11-29,Bluetooth Earbuds,Electronics,Khon Kaen,Marketplace,6,199,1194,0,4.2
2025-05-23,USB-C Cable,Accessories,Phuket,Marketplace,24,199,4776,0,4.2
2025-03-18,Screen Protector,Accessories,Pattaya,Marketplace,22,1590,34980,1,3.4
2025-07-12,Mouse Pad,Accessories,Bangkok,Marketplace,7,890,6230,0,3.1
2025-11-29,Keyboard Cover,Accessories,Bangkok,Marketplace,49,599,29351,3,3.8
2025-10-19,Laptop Bag,Bags,Bangkok,Marketplace,29,1590,46110,1,3.2
2025-11-07,Screen Protector,Accessories,Bangkok,In-Store,43,199,8557,4,3.7
2025-05-09,iPhone Case,Accessories,Phuket,In-Store,37,149,5513,1,3.1
2025-03-30,Power Bank,Electronics,Phuket,In-Store,17,199,3383,1,3.4
2025-12-18,Power Bank,Electronics,Khon Kaen,In-Store,13,890,11570,1,4.7
2025-01-02,Laptop Bag,Bags,Chiang Mai,In-Store,3,199,597,0,3.1
2025-07-17,Power Bank,Electronics,Chiang Mai,Online,42,1590,66780,0,4.4
2025-01-04,Bluetooth Earbuds,Electronics,Phuket,In-Store,15,1590,23850,1,3.0
2025-06-10,iPhone Case,Accessories,Bangkok,Marketplace,6,199,1194,1,4.3
2025-08-05,Keyboard Cover,Accessories,Bangkok,Marketplace,26,149,3874,1,3.3
2025-09-20,USB-C Cable,Accessories,Bangkok,Marketplace,23,99,2277,1,4.4
2025-04-08,USB-C Cable,Accessories,Pattaya,In-Store,9,99,891,1,4.5
2025-12-21,Keyboard Cover,Accessories,Bangkok,In-Store,8,149,1192,0,4.5
2025-09-04,iPhone Case,Accessories,Phuket,In-Store,46,1590,73140,1,4.3
2025-09-19,Bluetooth Earbuds,Electronics,Bangkok,In-Store,17,299,5083,1,3.7
2025-07-13,Mouse Pad,Accessories,Pattaya,In-Store,23,349,8027,1,4.5
2025-12-30,USB-C Cable,Accessories,Khon Kaen,In-Store,26,199,5174,2,3.5
2025-10-30,Power Bank,Electronics,Phuket,Marketplace,6,599,3594,0,3.7
2025-10-21,USB-C Cable,Accessories,Pattaya,Online,33,199,6567,3,3.7
2025-01-04,Mouse Pad,Accessories,Chiang Mai,Online,49,1590,77910,2,3.7
2025-06-05,Laptop Bag,Bags,Pattaya,In-Store,40,890,35600,0,4.2
2025-01-28,USB-C Cable,Accessories,Phuket,In-Store,46,349,16054,3,4.2
2025-07-07,Phone Stand,Accessories,Pattaya,In-Store,41,890,36490,4,4.4
2025-11-07,Screen Protector,Accessories,Phuket,In-Store,47,149,7003,2,3.4
2025-10-20,iPhone Case,Accessories,Chiang Mai,In-Store,26,599,15574,2,3.1
2025-07-01,Keyboard Cover,Accessories,Khon Kaen,Online,18,1590,28620,1,3.8
2025-08-12,USB-C Cable,Accessories,Pattaya,Online,41,99,4059,1,4.3
2025-09-22,Power Bank,Electronics,Chiang Mai,In-Store,44,299,13156,1,4.2
2025-07-01,USB-C Cable,Accessories,Phuket,Online,30,299,8970,2,3.4
2025-10-02,Screen Protector,Accessories,Pattaya,In-Store,23,1290,29670,0,3.5
2025-10-12,Power Bank,Electronics,Khon Kaen,In-Store,28,99,2772,1,3.6
2025-09-01,Phone Stand,Accessories,Chiang Mai,Marketplace,47,890,41830,2,3.1
2025-05-21,Phone Stand,Accessories,Bangkok,In-Store,22,299,6578,1,4.3
2025-04-07,Wireless Charger,Electronics,Pattaya,Marketplace,9,149,1341,0,4.3
2025-10-04,Wireless Charger,Electronics,Phuket,In-Store,19,1590,30210,1,3.2
2025-09-10,Screen Protector,Accessories,Phuket,Marketplace,23,299,6877,2,4.2
2025-09-15,Laptop Bag,Bags,Pattaya,In-Store,15,299,4485,1,3.6
2025-12-02,Laptop Bag,Bags,Pattaya,Marketplace,45,199,8955,3,4.5
2025-11-19,Mouse Pad,Accessories,Pattaya,Marketplace,26,299,7774,1,3.4
2025-03-03,iPhone Case,Accessories,Phuket,Marketplace,18,199,3582,1,4.7
2025-10-15,Mouse Pad,Accessories,Khon Kaen,Marketplace,5,149,745,1,3.7
2025-06-23,Phone Stand,Accessories,Phuket,In-Store,48,199,9552,4,3.8
2025-05-26,Power Bank,Electronics,Chiang Mai,In-Store,36,299,10764,2,3.9
2025-09-17,Keyboard Cover,Accessories,Khon Kaen,Online,41,1290,52890,4,4.0
2025-09-04,Screen Protector,Accessories,Phuket,Online,48,1590,76320,4,3.1
2025-06-05,Mouse Pad,Accessories,Bangkok,In-Store,14,349,4886,1,4.7
2025-04-24,iPhone Case,Accessories,Pattaya,In-Store,14,99,1386,0,4.3
2025-05-26,USB-C Cable,Accessories,Chiang Mai,Marketplace,5,199,995,0,4.9
2025-11-12,Bluetooth Earbuds,Electronics,Khon Kaen,Marketplace,2,349,698,0,4.4
2025-05-19,Phone Stand,Accessories,Khon Kaen,In-Store,25,299,7475,1,3.6
2025-05-05,Phone Stand,Accessories,Pattaya,Marketplace,24,599,14376,2,4.6
2025-08-14,Phone Stand,Accessories,Khon Kaen,Online,36,890,32040,3,4.9
2025-12-27,Mouse Pad,Accessories,Pattaya,In-Store,37,299,11063,3,3.4
2025-10-14,Keyboard Cover,Accessories,Bangkok,Marketplace,33,99,3267,2,3.9
2025-05-11,Mouse Pad,Accessories,Phuket,Marketplace,12,1590,19080,0,3.3
2025-04-23,Keyboard Cover,Accessories,Chiang Mai,Marketplace,1,299,299,1,3.3
2025-03-17,Phone Stand,Accessories,Chiang Mai,In-Store,10,349,3490,1,4.4
2025-02-12,Keyboard Cover,Accessories,Phuket,Online,18,349,6282,1,3.0
2025-09-29,Power Bank,Electronics,Bangkok,In-Store,49,1290,63210,3,3.5
2025-10-05,Bluetooth Earbuds,Electronics,Chiang Mai,Marketplace,12,149,1788,0,3.5
2025-06-08,Screen Protector,Accessories,Chiang Mai,Online,30,349,10470,2,4.1
2025-02-16,Keyboard Cover,Accessories,Khon Kaen,In-Store,5,349,1745,0,3.0
2025-01-04,Phone Stand,Accessories,Bangkok,In-Store,8,1590,12720,1,4.5
2025-10-27,iPhone Case,Accessories,Chiang Mai,Marketplace,48,349,16752,4,4.6
2025-12-10,Keyboard Cover,Accessories,Phuket,Marketplace,30,599,17970,1,3.9
2025-11-13,USB-C Cable,Accessories,Chiang Mai,In-Store,21,149,3129,1,3.5
2025-06-04,Screen Protector,Accessories,Chiang Mai,In-Store,42,99,4158,3,4.1
2025-01-20,Keyboard Cover,Accessories,Phuket,Online,14,1590,22260,1,4.8
2025-03-29,Power Bank,Electronics,Bangkok,Marketplace,9,149,1341,1,4.8
2025-02-16,Wireless Charger,Electronics,Chiang Mai,Online,15,1590,23850,1,3.4
2025-08-17,USB-C Cable,Accessories,Pattaya,In-Store,6,599,3594,0,4.5
2025-07-22,USB-C Cable,Accessories,Chiang Mai,In-Store,42,1590,66780,2,4.0
2025-03-09,Bluetooth Earbuds,Electronics,Chiang Mai,Online,46,349,16054,3,3.6
2025-12-26,Laptop Bag,Bags,Chiang Mai,In-Store,21,99,2079,1,4.3
2025-12-16,Bluetooth Earbuds,Electronics,Pattaya,Online,11,890,9790,0,3.7
2025-07-04,Bluetooth Earbuds,Electronics,Bangkok,Online,31,199,6169,1,3.8
2025-08-02,Phone Stand,Accessories,Bangkok,Online,30,99,2970,2,3.9
2025-07-01,Wireless Charger,Electronics,Bangkok,Online,5,99,495,0,4.4
2025-08-03,USB-C Cable,Accessories,Bangkok,Marketplace,12,1590,19080,0,4.9
2025-04-27,iPhone Case,Accessories,Khon Kaen,Marketplace,13,349,4537,0,4.9
2025-01-08,Power Bank,Electronics,Pattaya,In-Store,31,99,3069,1,3.6
2025-06-28,iPhone Case,Accessories,Phuket,Online,42,299,12558,1,3.0
2025-01-18,Wireless Charger,Electronics,Pattaya,In-Store,35,349,12215,1,3.8
2025-05-04,Laptop Bag,Bags,Bangkok,Marketplace,23,599,13777,2,3.7
2025-03-26,Phone Stand,Accessories,Bangkok,Marketplace,43,299,12857,0,4.2
2025-06-17,Wireless Charger,Electronics,Bangkok,Marketplace,42,199,8358,4,4.2
2025-11-07,Phone Stand,Accessories,Pattaya,In-Store,2,599,1198,1,5.0
2025-03-27,Wireless Charger,Electronics,Khon Kaen,Marketplace,47,149,7003,0,3.2
2025-06-16,Mouse Pad,Accessories,Khon Kaen,Online,48,1590,76320,0,5.0
2025-04-02,Power Bank,Electronics,Phuket,In-Store,48,1290,61920,0,4.9
2025-09-05,Phone Stand,Accessories,Chiang Mai,Online,48,149,7152,1,5.0
2025-02-23,USB-C Cable,Accessories,Pattaya,In-Store,7,599,4193,1,4.1
2025-10-17,Keyboard Cover,Accessories,Pattaya,Marketplace,48,349,16752,2,4.1
2025-07-04,Mouse Pad,Accessories,Khon Kaen,Online,14,299,4186,1,4.1
2025-03-04,iPhone Case,Accessories,Khon Kaen,Marketplace,8,599,4792,0,4.9
2025-03-05,Laptop Bag,Bags,Pattaya,Marketplace,25,149,3725,2,4.2
2025-07-23,Phone Stand,Accessories,Pattaya,In-Store,30,1590,47700,2,3.4
2025-07-14,Bluetooth Earbuds,Electronics,Phuket,Marketplace,33,1590,52470,1,4.6
2025-12-10,Wireless Charger,Electronics,Pattaya,Online,28,599,16772,1,3.6
2025-06-01,Phone Stand,Accessories,Phuket,In-Store,17,349,5933,1,4.4
2025-06-14,iPhone Case,Accessories,Pattaya,Online,41,349,14309,1,3.3
2025-06-30,Screen Protector,Accessories,Phuket,In-Store,40,599,23960,3,3.5
2025-05-25,USB-C Cable,Accessories,Phuket,In-Store,1,349,349,1,4.7
2025-01-23,USB-C Cable,Accessories,Phuket,In-Store,24,890,21360,1,4.8
2025-07-16,Laptop Bag,Bags,Khon Kaen,Marketplace,36,149,5364,3,4.3
2025-12-20,Phone Stand,Accessories,Phuket,Online,16,99,1584,1,4.4
2025-05-10,Mouse Pad,Accessories,Bangkok,In-Store,47,890,41830,4,3.5
2025-03-24,Screen Protector,Accessories,Bangkok,In-Store,7,1590,11130,1,3.9
2025-06-19,iPhone Case,Accessories,Pattaya,Marketplace,27,890,24030,1,4.7
2025-09-14,USB-C Cable,Accessories,Bangkok,In-Store,3,99,297,1,4.2
2025-08-12,Keyboard Cover,Accessories,Phuket,Online,1,199,199,1,4.1
2025-11-14,USB-C Cable,Accessories,Phuket,Online,10,1590,15900,0,3.3
2025-02-15,Mouse Pad,Accessories,Chiang Mai,Marketplace,48,1590,76320,1,3.2
2025-12-30,Keyboard Cover,Accessories,Khon Kaen,Online,28,99,2772,0,4.6
2025-06-05,Screen Protector,Accessories,Chiang Mai,In-Store,32,890,28480,3,4.8
2025-02-08,Bluetooth Earbuds,Electronics,Pattaya,Marketplace,16,349,5584,1,3.7
2025-01-23,USB-C Cable,Accessories,Khon Kaen,Marketplace,16,349,5584,0,3.6
2025-10-28,Bluetooth Earbuds,Electronics,Bangkok,Online,17,199,3383,0,3.1
2025-08-29,Laptop Bag,Bags,Khon Kaen,Online,50,99,4950,2,3.1
2025-10-31,Mouse Pad,Accessories,Pattaya,In-Store,28,1290,36120,1,3.5
2025-01-26,Laptop Bag,Bags,Phuket,Marketplace,29,299,8671,0,4.0
2025-05-20,Mouse Pad,Accessories,Phuket,In-Store,28,199,5572,0,4.5
2025-04-02,Keyboard Cover,Accessories,Khon Kaen,In-Store,34,890,30260,1,4.5
2025-05-10,iPhone Case,Accessories,Phuket,In-Store,43,349,15007,3,3.9
2025-04-26,USB-C Cable,Accessories,Bangkok,Marketplace,45,299,13455,4,4.6
2025-11-24,Phone Stand,Accessories,Bangkok,In-Store,36,349,12564,3,4.3
2025-03-08,Power Bank,Electronics,Khon Kaen,Marketplace,47,890,41830,3,4.6
2025-05-28,Screen Protector,Accessories,Chiang Mai,Marketplace,47,349,16403,4,4.9
2025-06-12,iPhone Case,Accessories,Phuket,Online,3,99,297,0,3.6
2025-08-04,Mouse Pad,Accessories,Chiang Mai,Marketplace,47,349,16403,4,3.5
2025-11-04,Laptop Bag,Bags,Bangkok,Online,3,99,297,0,3.9
2025-11-22,Laptop Bag,Bags,Khon Kaen,Marketplace,25,890,22250,1,4.7
2025-03-26,Keyboard Cover,Accessories,Bangkok,Marketplace,50,299,14950,1,3.9
2025-04-29,Keyboard Cover,Accessories,Khon Kaen,Online,7,349,2443,1,4.6
2025-05-08,Laptop Bag,Bags,Phuket,Online,11,99,1089,1,4.1
2025-08-17,Phone Stand,Accessories,Chiang Mai,Marketplace,48,599,28752,1,3.6
2025-01-05,Screen Protector,Accessories,Chiang Mai,Marketplace,27,349,9423,0,4.7
2025-08-05,Bluetooth Earbuds,Electronics,Chiang Mai,Online,2,99,198,0,3.7
2025-09-07,Wireless Charger,Electronics,Bangkok,Marketplace,36,1290,46440,3,3.2
2025-05-07,Bluetooth Earbuds,Electronics,Khon Kaen,In-Store,34,149,5066,2,4.3
2025-02-25,Power Bank,Electronics,Phuket,Marketplace,46,349,16054,2,4.4
2025-09-29,Bluetooth Earbuds,Electronics,Chiang Mai,In-Store,36,349,12564,0,4.0
2025-04-19,Power Bank,Electronics,Khon Kaen,Marketplace,42,1290,54180,3,3.5
2025-04-11,Phone Stand,Accessories,Chiang Mai,In-Store,11,349,3839,1,4.3
2025-04-06,Mouse Pad,Accessories,Khon Kaen,Marketplace,21,349,7329,1,3.8
2025-01-06,Power Bank,Electronics,Bangkok,Marketplace,24,890,21360,2,3.8
2025-01-17,Power Bank,Electronics,Khon Kaen,Marketplace,33,890,29370,3,4.4
2025-07-06,Mouse Pad,Accessories,Bangkok,In-Store,35,149,5215,2,4.1
2025-02-23,Bluetooth Earbuds,Electronics,Phuket,Marketplace,35,149,5215,1,4.9
2025-07-19,USB-C Cable,Accessories,Khon Kaen,Marketplace,5,199,995,0,4.7
2025-12-07,Keyboard Cover,Accessories,Pattaya,Online,50,349,17450,3,3.1
2025-05-18,Bluetooth Earbuds,Electronics,Chiang Mai,Marketplace,23,599,13777,1,3.0
2025-01-13,USB-C Cable,Accessories,Pattaya,Marketplace,15,349,5235,0,4.1
2025-03-21,Mouse Pad,Accessories,Phuket,Marketplace,28,349,9772,0,3.2
2025-11-14,USB-C Cable,Accessories,Pattaya,Online,4,99,396,1,3.9
2025-01-31,Keyboard Cover,Accessories,Chiang Mai,Online,24,599,14376,2,4.7
2025-07-28,Screen Protector,Accessories,Khon Kaen,In-Store,18,149,2682,1,3.8
2025-06-04,Phone Stand,Accessories,Khon Kaen,In-Store,17,99,1683,1,3.0
2025-05-17,USB-C Cable,Accessories,Phuket,Marketplace,44,349,15356,4,4.5
2025-01-12,iPhone Case,Accessories,Phuket,Online,23,149,3427,2,3.1
2025-07-04,Wireless Charger,Electronics,Chiang Mai,In-Store,17,199,3383,0,4.9
2025-08-03,Mouse Pad,Accessories,Pattaya,Marketplace,20,1590,31800,0,4.5
2025-08-09,iPhone Case,Accessories,Chiang Mai,In-Store,16,349,5584,1,3.4
2025-09-10,Phone Stand,Accessories,Phuket,Marketplace,43,199,8557,1,3.4
2025-05-01,Mouse Pad,Accessories,Phuket,In-Store,29,299,8671,2,3.2
2025-06-10,iPhone Case,Accessories,Khon Kaen,Marketplace,44,349,15356,2,3.3
2025-11-06,Phone Stand,Accessories,Bangkok,In-Store,1,99,99,1,3.2
2025-01-19,Keyboard Cover,Accessories,Pattaya,In-Store,9,349,3141,1,4.2
2025-05-25,Phone Stand,Accessories,Phuket,Marketplace,25,599,14975,2,3.5
2025-08-30,Wireless Charger,Electronics,Pattaya,Online,27,99,2673,0,3.2
2025-11-27,Laptop Bag,Bags,Phuket,In-Store,29,599,17371,2,4.4
2025-01-01,Phone Stand,Accessories,Phuket,Online,23,890,20470,1,3.9
2025-04-20,USB-C Cable,Accessories,Phuket,Marketplace,37,1290,47730,1,4.8
2025-01-02,Power Bank,Electronics,Khon Kaen,In-Store,27,199,5373,1,4.4
2025-02-10,Screen Protector,Accessories,Chiang Mai,Marketplace,13,1590,20670,0,3.9
2025-11-02,Laptop Bag,Bags,Phuket,Online,36,1290,46440,3,3.7
2025-11-11,Laptop Bag,Bags,Bangkok,Marketplace,12,299,3588,1,3.8
2025-12-09,Screen Protector,Accessories,Bangkok,In-Store,24,1290,30960,1,3.5
2025-09-29,Keyboard Cover,Accessories,Pattaya,Online,19,890,16910,0,3.2
2025-05-16,Screen Protector,Accessories,Khon Kaen,In-Store,39,890,34710,2,4.4
2025-09-09,Mouse Pad,Accessories,Bangkok,In-Store,15,890,13350,1,4.0
2025-02-28,Bluetooth Earbuds,Electronics,Bangkok,Marketplace,44,199,8756,4,4.5
2025-05-12,Phone Stand,Accessories,Phuket,In-Store,14,299,4186,1,3.9
2025-07-03,Wireless Charger,Electronics,Pattaya,Marketplace,34,1290,43860,2,3.7
2025-06-25,iPhone Case,Accessories,Pattaya,Online,11,890,9790,1,4.4
2025-09-18,Wireless Charger,Electronics,Khon Kaen,Online,41,299,12259,2,3.1
2025-10-29,Keyboard Cover,Accessories,Khon Kaen,Online,15,1590,23850,1,3.1
2025-09-01,Laptop Bag,Bags,Phuket,Online,35,1290,45150,1,4.0
2025-05-26,Power Bank,Electronics,Pattaya,Marketplace,35,299,10465,2,3.7
2025-08-13,Phone Stand,Accessories,Khon Kaen,Marketplace,50,349,17450,3,4.0
2025-03-22,Mouse Pad,Accessories,Chiang Mai,In-Store,34,1290,43860,1,3.7
2025-03-12,USB-C Cable,Accessories,Chiang Mai,In-Store,33,99,3267,3,4.4
2025-05-21,Phone Stand,Accessories,Phuket,In-Store,45,99,4455,3,3.9
2025-04-11,Mouse Pad,Accessories,Bangkok,Marketplace,19,349,6631,0,4.6
2025-11-29,Wireless Charger,Electronics,Bangkok,Marketplace,21,149,3129,1,3.8
2025-10-10,Laptop Bag,Bags,Phuket,In-Store,3,349,1047,0,5.0
2025-01-28,USB-C Cable,Accessories,Khon Kaen,In-Store,41,99,4059,4,4.3
2025-03-11,Keyboard Cover,Accessories,Chiang Mai,In-Store,29,349,10121,0,4.6
2025-03-12,Keyboard Cover,Accessories,Pattaya,In-Store,30,299,8970,2,3.9
2025-11-17,Laptop Bag,Bags,Khon Kaen,Marketplace,16,1590,25440,0,5.0
2025-08-13,Bluetooth Earbuds,Electronics,Chiang Mai,Online,36,149,5364,1,4.1
2025-06-06,Mouse Pad,Accessories,Pattaya,Marketplace,38,349,13262,3,3.0
2025-01-04,Power Bank,Electronics,Pattaya,Marketplace,25,1290,32250,1,3.9
2025-06-19,iPhone Case,Accessories,Bangkok,Online,19,1290,24510,1,3.3
2025-07-29,iPhone Case,Accessories,Pattaya,In-Store,5,1290,6450,0,4.2
2025-08-25,Mouse Pad,Accessories,Chiang Mai,Online,5,349,1745,0,3.4
2025-11-01,Keyboard Cover,Accessories,Bangkok,Online,18,349,6282,1,3.8
2025-05-08,Laptop Bag,Bags,Bangkok,Online,7,890,6230,1,4.7
2025-06-27,iPhone Case,Accessories,Pattaya,In-Store,1,299,299,1,3.3
2025-02-27,Power Bank,Electronics,Khon Kaen,In-Store,34,99,3366,1,4.4
2025-11-16,Wireless Charger,Electronics,Phuket,In-Store,24,99,2376,1,3.6
2025-03-22,Screen Protector,Accessories,Khon Kaen,In-Store,49,299,14651,3,4.7
2025-09-03,USB-C Cable,Accessories,Pattaya,Online,25,1590,39750,1,4.0
2025-08-17,Power Bank,Electronics,Khon Kaen,Online,22,149,3278,2,4.9
2025-05-09,Phone Stand,Accessories,Pattaya,Marketplace,10,349,3490,0,3.3
2025-01-20,Phone Stand,Accessories,Chiang Mai,In-Store,5,1290,6450,0,3.9
2025-02-04,USB-C Cable,Accessories,Bangkok,In-Store,34,1590,54060,1,4.5
2025-10-10,Power Bank,Electronics,Pattaya,In-Store,11,890,9790,0,4.0
2025-10-25,Wireless Charger,Electronics,Pattaya,Online,32,1290,41280,0,4.4
2025-01-10,Power Bank,Electronics,Khon Kaen,In-Store,23,890,20470,2,4.0
2025-11-12,Keyboard Cover,Accessories,Chiang Mai,In-Store,5,599,2995,0,3.1
2025-10-17,Screen Protector,Accessories,Pattaya,In-Store,13,349,4537,1,3.6
2025-11-07,Power Bank,Electronics,Chiang Mai,Marketplace,17,299,5083,1,3.0
2025-04-06,Phone Stand,Accessories,Pattaya,Online,9,599,5391,1,3.0
2025-08-14,Power Bank,Electronics,Phuket,Online,24,349,8376,2,3.3
2025-07-15,Wireless Charger,Electronics,Bangkok,Online,42,599,25158,3,3.4
2025-08-08,Wireless Charger,Electronics,Pattaya,Marketplace,37,599,22163,3,3.5
2025-05-13,Screen Protector,Accessories,Chiang Mai,Marketplace,16,1590,25440,0,3.4
2025-03-22,USB-C Cable,Accessories,Phuket,Online,26,149,3874,2,4.6
2025-05-31,Keyboard Cover,Accessories,Chiang Mai,Marketplace,14,1590,22260,1,4.4
2025-12-26,Screen Protector,Accessories,Chiang Mai,In-Store,33,299,9867,1,3.5
2025-09-14,USB-C Cable,Accessories,Bangkok,Online,36,299,10764,1,4.4
2025-07-05,Laptop Bag,Bags,Chiang Mai,Online,34,349,11866,1,4.2
2025-07-06,Laptop Bag,Bags,Chiang Mai,Marketplace,12,599,7188,0,4.8
2025-08-20,Wireless Charger,Electronics,Bangkok,In-Store,24,349,8376,0,4.4
2025-07-21,Keyboard Cover,Accessories,Bangkok,In-Store,42,1290,54180,2,3.5
2025-10-23,USB-C Cable,Accessories,Bangkok,Marketplace,48,1590,76320,1,3.1
2025-01-19,Bluetooth Earbuds,Electronics,Phuket,In-Store,45,599,26955,0,3.4
2025-05-22,Screen Protector,Accessories,Pattaya,Marketplace,46,1590,73140,3,3.7
2025-03-30,Bluetooth Earbuds,Electronics,Phuket,In-Store,29,1290,37410,1,4.6
2025-04-18,USB-C Cable,Accessories,Phuket,In-Store,14,149,2086,0,3.6
2025-01-14,Laptop Bag,Bags,Khon Kaen,In-Store,3,149,447,0,3.2
2025-01-03,Keyboard Cover,Accessories,Khon Kaen,Online,48,1290,61920,3,3.1
2025-05-17,Keyboard Cover,Accessories,Khon Kaen,In-Store,17,1590,27030,0,4.4
2025-09-05,USB-C Cable,Accessories,Phuket,Online,25,890,22250,0,4.1
2025-09-08,Mouse Pad,Accessories,Bangkok,Online,20,599,11980,1,4.3
2025-04-27,Bluetooth Earbuds,Electronics,Bangkok,Marketplace,45,1290,58050,4,3.2
2025-04-03,Wireless Charger,Electronics,Pattaya,Online,44,349,15356,4,4.4
2025-11-15,Keyboard Cover,Accessories,Khon Kaen,Marketplace,3,1590,4770,0,4.2
2025-06-16,Mouse Pad,Accessories,Pattaya,In-Store,23,599,13777,1,4.6
2025-02-05,Power Bank,Electronics,Khon Kaen,In-Store,45,349,15705,4,4.1
2025-12-13,USB-C Cable,Accessories,Bangkok,Online,11,349,3839,1,3.8
2025-04-09,USB-C Cable,Accessories,Pattaya,Marketplace,33,1290,42570,2,4.2
2025-12-31,Keyboard Cover,Accessories,Bangkok,Marketplace,13,599,7787,1,4.2
2025-05-06,Bluetooth Earbuds,Electronics,Khon Kaen,In-Store,31,349,10819,0,4.7
2025-05-31,Phone Stand,Accessories,Pattaya,Marketplace,20,1290,25800,1,4.6
2025-06-19,USB-C Cable,Accessories,Khon Kaen,Online,17,199,3383,0,3.5
2025-03-03,Keyboard Cover,Accessories,Khon Kaen,In-Store,20,199,3980,0,4.9
2025-03-08,USB-C Cable,Accessories,Bangkok,In-Store,46,349,16054,0,4.4
2025-05-20,USB-C Cable,Accessories,Pattaya,Marketplace,18,349,6282,1,4.0
2025-09-17,Laptop Bag,Bags,Bangkok,Marketplace,33,99,3267,0,3.7
2025-01-13,Keyboard Cover,Accessories,Pattaya,Online,38,99,3762,3,3.8
2025-12-18,USB-C Cable,Accessories,Khon Kaen,Marketplace,38,199,7562,0,4.2
2025-05-31,Keyboard Cover,Accessories,Chiang Mai,Marketplace,13,299,3887,0,3.5
2025-12-09,iPhone Case,Accessories,Pattaya,Marketplace,25,890,22250,0,4.5
2025-03-26,iPhone Case,Accessories,Chiang Mai,Marketplace,40,1290,51600,1,4.0
2025-05-08,Screen Protector,Accessories,Chiang Mai,Online,31,149,4619,0,4.1
2025-11-04,Laptop Bag,Bags,Khon Kaen,Marketplace,50,599,29950,1,3.4
2025-02-07,Bluetooth Earbuds,Electronics,Bangkok,In-Store,30,1290,38700,3,4.1
2025-09-27,Power Bank,Electronics,Pattaya,Marketplace,45,1290,58050,1,3.1
2025-07-26,Keyboard Cover,Accessories,Phuket,Online,12,599,7188,1,3.9
2025-05-23,Bluetooth Earbuds,Electronics,Pattaya,Marketplace,10,199,1990,0,3.3
2025-09-18,Wireless Charger,Electronics,Phuket,Online,2,599,1198,0,4.8
2025-08-06,Bluetooth Earbuds,Electronics,Khon Kaen,Marketplace,6,1590,9540,0,4.7
2025-06-15,iPhone Case,Accessories,Phuket,Online,28,599,16772,0,4.8
2025-10-31,USB-C Cable,Accessories,Pattaya,Online,12,599,7188,0,4.4
2025-04-25,Keyboard Cover,Accessories,Pattaya,Marketplace,47,1290,60630,0,4.1
2025-08-25,Phone Stand,Accessories,Pattaya,In-Store,35,299,10465,1,4.8
2025-01-03,Bluetooth Earbuds,Electronics,Phuket,In-Store,11,299,3289,0,4.0
2025-02-12,Power Bank,Electronics,Khon Kaen,Marketplace,37,299,11063,3,3.9
2025-06-07,USB-C Cable,Accessories,Pattaya,In-Store,34,149,5066,0,4.3
2025-08-15,Keyboard Cover,Accessories,Phuket,In-Store,50,1590,79500,1,3.1
2025-05-26,Mouse Pad,Accessories,Phuket,Online,30,599,17970,0,5.0
2025-03-07,iPhone Case,Accessories,Bangkok,Marketplace,31,99,3069,1,4.0
2025-09-29,Bluetooth Earbuds,Electronics,Bangkok,Marketplace,5,149,745,1,4.2
2025-05-31,Laptop Bag,Bags,Chiang Mai,Online,14,349,4886,0,4.7
2025-01-19,Bluetooth Earbuds,Electronics,Pattaya,Online,3,599,1797,1,3.9
2025-04-16,Bluetooth Earbuds,Electronics,Khon Kaen,In-Store,43,99,4257,2,3.7
2025-04-03,Screen Protector,Accessories,Pattaya,In-Store,14,1290,18060,0,3.2
2025-10-28,Wireless Charger,Electronics,Phuket,Online,34,890,30260,1,3.3
2025-10-25,Wireless Charger,Electronics,Chiang Mai,In-Store,8,349,2792,0,4.1
2025-05-20,Power Bank,Electronics,Bangkok,Marketplace,14,1290,18060,0,3.6
2025-09-01,Laptop Bag,Bags,Chiang Mai,Online,15,1590,23850,1,4.5
2025-07-25,iPhone Case,Accessories,Bangkok,Online,46,890,40940,1,3.3
2025-06-27,Mouse Pad,Accessories,Chiang Mai,Online,17,299,5083,1,3.3
2025-03-13,Laptop Bag,Bags,Bangkok,Marketplace,9,299,2691,1,4.2
2025-02-01,Keyboard Cover,Accessories,Khon Kaen,In-Store,31,599,18569,1,4.5
2025-03-05,Phone Stand,Accessories,Chiang Mai,Online,46,1590,73140,2,3.7
2025-04-13,iPhone Case,Accessories,Pattaya,Marketplace,42,890,37380,4,3.5
2025-12-11,Wireless Charger,Electronics,Pattaya,In-Store,16,199,3184,1,4.9
2025-07-28,Wireless Charger,Electronics,Pattaya,Online,5,599,2995,0,3.9
2025-03-02,Laptop Bag,Bags,Bangkok,Online,33,149,4917,3,3.1
2025-03-01,Screen Protector,Accessories,Chiang Mai,Marketplace,38,1290,49020,1,3.3
2025-08-08,Keyboard Cover,Accessories,Khon Kaen,In-Store,38,199,7562,2,4.4
2025-12-10,USB-C Cable,Accessories,Phuket,In-Store,18,149,2682,1,5.0
2025-06-07,USB-C Cable,Accessories,Pattaya,Online,11,99,1089,0,4.3
2025-10-03,Phone Stand,Accessories,Pattaya,In-Store,5,149,745,1,3.4
2025-08-09,Mouse Pad,Accessories,Pattaya,Online,46,149,6854,3,4.6
2025-05-02,Mouse Pad,Accessories,Phuket,In-Store,19,1590,30210,1,4.6
2025-04-16,Laptop Bag,Bags,Phuket,Marketplace,34,99,3366,2,4.8
2025-07-21,USB-C Cable,Accessories,Pattaya,Online,35,99,3465,0,3.5
2025-03-15,Keyboard Cover,Accessories,Khon Kaen,In-Store,40,1290,51600,0,4.2
2025-03-18,Phone Stand,Accessories,Pattaya,Marketplace,32,99,3168,3,3.2
2025-05-13,Mouse Pad,Accessories,Khon Kaen,In-Store,39,149,5811,2,3.4
2025-01-06,Phone Stand,Accessories,Khon Kaen,In-Store,35,99,3465,3,4.2
2025-05-11,Keyboard Cover,Accessories,Chiang Mai,Online,10,1590,15900,1,4.8
2025-11-10,Screen Protector,Accessories,Phuket,Online,19,199,3781,0,3.9
2025-07-21,Keyboard Cover,Accessories,Bangkok,Online,30,99,2970,1,4.6
2025-08-12,Bluetooth Earbuds,Electronics,Pattaya,In-Store,47,1290,60630,3,3.7
2025-03-22,Wireless Charger,Electronics,Pattaya,In-Store,11,890,9790,0,4.1
2025-01-01,Wireless Charger,Electronics,Chiang Mai,Marketplace,1,99,99,0,4.0
2025-04-19,Laptop Bag,Bags,Pattaya,Marketplace,34,349,11866,0,3.2
2025-09-03,Bluetooth Earbuds,Electronics,Khon Kaen,In-Store,17,1590,27030,0,3.7
2025-04-06,USB-C Cable,Accessories,Phuket,In-Store,39,890,34710,0,4.2
2025-01-11,Mouse Pad,Accessories,Chiang Mai,In-Store,28,299,8372,0,3.1
2025-06-07,iPhone Case,Accessories,Phuket,In-Store,13,1590,20670,1,3.8
2025-06-02,Bluetooth Earbuds,Electronics,Pattaya,Online,33,199,6567,0,4.6
2025-09-06,Keyboard Cover,Accessories,Pattaya,In-Store,14,149,2086,0,3.8
2025-05-29,Bluetooth Earbuds,Electronics,Khon Kaen,In-Store,41,349,14309,3,4.3
2025-06-09,Power Bank,Electronics,Bangkok,Online,45,349,15705,0,4.4
2025-01-17,iPhone Case,Accessories,Chiang Mai,Online,40,99,3960,1,4.2
2025-05-13,Power Bank,Electronics,Chiang Mai,In-Store,2,199,398,0,4.1
2025-11-07,Wireless Charger,Electronics,Pattaya,In-Store,38,199,7562,2,3.5
2025-08-21,Keyboard Cover,Accessories,Pattaya,Online,42,349,14658,1,4.1
2025-05-28,Screen Protector,Accessories,Khon Kaen,Marketplace,49,599,29351,3,4.8
2025-07-12,Keyboard Cover,Accessories,Bangkok,In-Store,28,99,2772,0,4.6
2025-12-18,Bluetooth Earbuds,Electronics,Phuket,In-Store,27,349,9423,1,3.8
2025-03-17,Laptop Bag,Bags,Khon Kaen,Marketplace,9,349,3141,0,4.4
2025-08-28,Keyboard Cover,Accessories,Khon Kaen,In-Store,7,349,2443,0,3.8
2025-01-23,Laptop Bag,Bags,Khon Kaen,Online,48,1290,61920,1,3.8
2025-02-08,Mouse Pad,Accessories,Khon Kaen,In-Store,35,1590,55650,1,3.8
2025-03-24,Mouse Pad,Accessories,Pattaya,Marketplace,3,890,2670,0,3.8
2025-08-18,iPhone Case,Accessories,Khon Kaen,Online,23,299,6877,1,3.4
2025-08-02,Screen Protector,Accessories,Phuket,Online,18,149,2682,0,3.1
2025-09-17,Wireless Charger,Electronics,Bangkok,Marketplace,16,349,5584,0,4.5
2025-02-13,Bluetooth Earbuds,Electronics,Phuket,In-Store,44,99,4356,3,3.1
2025-06-21,iPhone Case,Accessories,Phuket,Marketplace,41,1590,65190,2,4.8
2025-03-12,Wireless Charger,Electronics,Bangkok,Marketplace,45,1590,71550,0,4.3
2025-05-13,Bluetooth Earbuds,Electronics,Chiang Mai,Marketplace,32,349,11168,3,4.4
2025-11-22,Keyboard Cover,Accessories,Pattaya,In-Store,50,349,17450,3,4.6
2025-08-07,Keyboard Cover,Accessories,Phuket,Marketplace,11,299,3289,1,3.1
2025-05-18,Screen Protector,Accessories,Chiang Mai,Marketplace,49,599,29351,4,4.1
2025-10-14,Phone Stand,Accessories,Chiang Mai,In-Store,47,299,14053,1,3.9
2025-02-06,Screen Protector,Accessories,Khon Kaen,Marketplace,47,349,16403,4,4.5
2025-11-16,Keyboard Cover,Accessories,Chiang Mai,Marketplace,30,1290,38700,1,3.9
2025-09-23,Mouse Pad,Accessories,Khon Kaen,Marketplace,50,99,4950,1,3.3
2025-09-02,Phone Stand,Accessories,Phuket,In-Store,3,1290,3870,0,3.4
2025-11-29,Keyboard Cover,Accessories,Khon Kaen,Marketplace,23,99,2277,2,3.5
2025-10-20,USB-C Cable,Accessories,Chiang Mai,In-Store,37,599,22163,0,4.3
2025-03-19,Laptop Bag,Bags,Khon Kaen,Marketplace,14,1590,22260,0,4.9
2025-03-03,Screen Protector,Accessories,Chiang Mai,Online,47,199,9353,0,3.5
2025-04-26,Laptop Bag,Bags,Bangkok,Marketplace,12,599,7188,0,5.0
2025-01-11,Laptop Bag,Bags,Chiang Mai,Marketplace,28,149,4172,0,3.9
2025-01-15,Keyboard Cover,Accessories,Khon Kaen,In-Store,44,199,8756,0,3.4
2025-09-02,Laptop Bag,Bags,Phuket,Online,28,1290,36120,1,3.8
2025-12-18,iPhone Case,Accessories,Bangkok,Marketplace,26,599,15574,0,4.9
2025-08-19,Phone Stand,Accessories,Chiang Mai,Online,15,199,2985,0,3.0
2025-08-27,USB-C Cable,Accessories,Khon Kaen,Marketplace,1,349,349,1,5.0
2025-12-12,Keyboard Cover,Accessories,Khon Kaen,In-Store,35,890,31150,3,4.0
2025-03-02,USB-C Cable,Accessories,Khon Kaen,Online,5,149,745,1,4.6
2025-11-07,Phone Stand,Accessories,Phuket,In-Store,47,149,7003,1,3.3
2025-03-27,Power Bank,Electronics,Khon Kaen,Online,11,890,9790,0,4.2
2025-09-25,Keyboard Cover,Accessories,Pattaya,Marketplace,35,1590,55650,3,3.1
2025-02-15,Bluetooth Earbuds,Electronics,Khon Kaen,Online,7,99,693,1,4.3
2025-07-16,Screen Protector,Accessories,Pattaya,In-Store,3,1590,4770,1,3.1
2025-11-08,iPhone Case,Accessories,Chiang Mai,Online,6,349,2094,1,3.7
2025-03-18,USB-C Cable,Accessories,Phuket,In-Store,33,1590,52470,1,3.6
2025-08-27,Laptop Bag,Bags,Khon Kaen,Marketplace,26,149,3874,1,4.1
2025-04-01,Screen Protector,Accessories,Pattaya,In-Store,24,149,3576,1,3.2
2025-01-18,Screen Protector,Accessories,Phuket,In-Store,31,349,10819,3,4.5
2025-12-10,USB-C Cable,Accessories,Khon Kaen,In-Store,49,199,9751,1,3.4
2025-07-21,Keyboard Cover,Accessories,Bangkok,Online,11,890,9790,0,3.6
2025-07-19,Screen Protector,Accessories,Khon Kaen,In-Store,24,149,3576,1,4.4
2025-07-31,Laptop Bag,Bags,Phuket,In-Store,40,349,13960,4,3.9
2025-08-12,Bluetooth Earbuds,Electronics,Chiang Mai,Online,49,890,43610,3,4.4
2025-11-06,USB-C Cable,Accessories,Bangkok,In-Store,45,890,40050,0,3.5
2025-01-11,Bluetooth Earbuds,Electronics,Phuket,Marketplace,36,890,32040,2,3.3
2025-01-28,Power Bank,Electronics,Pattaya,Marketplace,39,1290,50310,0,4.2
2025-12-09,Power Bank,Electronics,Phuket,In-Store,28,299,8372,2,3.7
2025-08-11,Phone Stand,Accessories,Phuket,Marketplace,48,1290,61920,1,4.4
2025-03-01,USB-C Cable,Accessories,Khon Kaen,In-Store,24,199,4776,1,3.3
2025-10-04,Laptop Bag,Bags,Pattaya,Online,29,299,8671,2,4.4
2025-09-06,Phone Stand,Accessories,Khon Kaen,Marketplace,15,349,5235,1,3.5
2025-12-17,Power Bank,Electronics,Pattaya,Marketplace,35,349,12215,0,3.5
2025-07-12,USB-C Cable,Accessories,Bangkok,Online,6,99,594,0,4.0
2025-10-16,iPhone Case,Accessories,Pattaya,Online,34,890,30260,3,3.6
2025-06-25,Phone Stand,Accessories,Khon Kaen,Online,29,1590,46110,0,3.7
2025-07-18,Screen Protector,Accessories,Bangkok,Marketplace,37,299,11063,0,3.7
2025-07-20,Phone Stand,Accessories,Bangkok,Marketplace,13,99,1287,1,4.0
2025-09-24,Bluetooth Earbuds,Electronics,Phuket,In-Store,24,349,8376,1,4.8
2025-11-29,iPhone Case,Accessories,Pattaya,In-Store,22,890,19580,2,4.1
2025-08-24,Phone Stand,Accessories,Bangkok,In-Store,13,599,7787,0,4.4
2025-12-29,Bluetooth Earbuds,Electronics,Phuket,Online,42,299,12558,2,4.2
2025-08-27,Laptop Bag,Bags,Chiang Mai,Online,37,890,32930,2,4.5
2025-10-09,Power Bank,Electronics,Phuket,In-Store,31,349,10819,1,3.4
2025-04-14,Bluetooth Earbuds,Electronics,Khon Kaen,In-Store,27,199,5373,2,4.1
2025-11-10,USB-C Cable,Accessories,Phuket,Marketplace,34,299,10166,0,3.0
2025-05-01,Mouse Pad,Accessories,Chiang Mai,Marketplace,46,99,4554,3,3.4
2025-09-19,Wireless Charger,Electronics,Pattaya,Marketplace,12,599,7188,0,4.1
2025-06-06,Wireless Charger,Electronics,Bangkok,In-Store,4,599,2396,0,3.7
2025-09-08,Screen Protector,Accessories,Phuket,In-Store,26,1590,41340,1,3.3
2025-03-08,Mouse Pad,Accessories,Khon Kaen,Online,48,349,16752,0,3.5
2025-11-25,Bluetooth Earbuds,Electronics,Pattaya,In-Store,40,349,13960,2,3.9
2025-04-30,Bluetooth Earbuds,Electronics,Chiang Mai,Marketplace,10,599,5990,1,4.3
2025-08-26,Keyboard Cover,Accessories,Phuket,Online,33,599,19767,3,3.7
2025-10-17,Bluetooth Earbuds,Electronics,Khon Kaen,Marketplace,6,599,3594,1,3.2
2025-08-30,USB-C Cable,Accessories,Bangkok,Marketplace,46,149,6854,4,5.0
2025-01-29,Keyboard Cover,Accessories,Bangkok,Online,36,349,12564,2,4.7
2025-10-04,Phone Stand,Accessories,Khon Kaen,Marketplace,2,99,198,0,4.7
2025-01-26,iPhone Case,Accessories,Pattaya,Online,8,199,1592,1,3.2
2025-12-25,Bluetooth Earbuds,Electronics,Bangkok,Marketplace,35,1290,45150,2,4.0
2025-06-20,Keyboard Cover,Accessories,Pattaya,Online,26,599,15574,2,4.5
2025-09-14,Keyboard Cover,Accessories,Bangkok,In-Store,13,1290,16770,0,4.9
2025-10-30,Mouse Pad,Accessories,Chiang Mai,Online,25,199,4975,1,4.0
2025-08-11,Mouse Pad,Accessories,Chiang Mai,Online,9,299,2691,0,3.4
2025-06-09,Screen Protector,Accessories,Pattaya,In-Store,30,1590,47700,1,4.9
2025-05-04,Screen Protector,Accessories,Pattaya,In-Store,39,99,3861,1,4.5
2025-01-06,Power Bank,Electronics,Phuket,Online,33,1290,42570,3,3.4
2025-10-07,Phone Stand,Accessories,Chiang Mai,In-Store,43,890,38270,2,4.8
2025-01-28,Keyboard Cover,Accessories,Chiang Mai,Online,19,199,3781,0,3.1
2025-02-17,Laptop Bag,Bags,Pattaya,In-Store,37,599,22163,3,4.0
2025-01-13,Mouse Pad,Accessories,Chiang Mai,Marketplace,17,199,3383,1,3.5
2025-06-13,iPhone Case,Accessories,Phuket,Marketplace,38,199,7562,0,3.4
2025-07-28,Bluetooth Earbuds,Electronics,Khon Kaen,Online,15,299,4485,0,4.9
2025-10-07,iPhone Case,Accessories,Chiang Mai,In-Store,46,890,40940,3,4.3
2025-04-04,Wireless Charger,Electronics,Bangkok,In-Store,5,149,745,1,4.0
2025-03-07,Power Bank,Electronics,Chiang Mai,Marketplace,26,1590,41340,2,3.7
2025-12-08,Keyboard Cover,Accessories,Phuket,Online,43,199,8557,0,3.5
2025-02-12,Bluetooth Earbuds,Electronics,Bangkok,In-Store,42,1290,54180,4,4.7
2025-04-17,iPhone Case,Accessories,Pattaya,Marketplace,45,890,40050,2,3.1
2025-12-23,Mouse Pad,Accessories,Phuket,Marketplace,50,1590,79500,4,3.7
2025-09-10,Phone Stand,Accessories,Bangkok,Marketplace,41,99,4059,2,4.0
2025-09-06,Keyboard Cover,Accessories,Khon Kaen,Online,9,890,8010,0,4.8
2025-07-31,Keyboard Cover,Accessories,Phuket,In-Store,49,199,9751,1,4.0
2025-09-20,Wireless Charger,Electronics,Bangkok,Online,4,1290,5160,0,3.6
2025-10-10,Laptop Bag,Bags,Khon Kaen,Online,43,1590,68370,3,3.6
2025-02-13,Laptop Bag,Bags,Bangkok,Marketplace,9,199,1791,0,4.3
2025-03-12,Keyboard Cover,Accessories,Chiang Mai,Marketplace,8,199,1592,1,3.8
2025-11-07,Wireless Charger,Electronics,Pattaya,Marketplace,31,149,4619,3,4.4
2025-05-22,Mouse Pad,Accessories,Phuket,Marketplace,16,349,5584,1,4.4
2025-09-27,Bluetooth Earbuds,Electronics,Bangkok,Online,27,299,8073,2,4.5
2025-05-02,Mouse Pad,Accessories,Phuket,In-Store,22,149,3278,1,5.0
2025-09-04,iPhone Case,Accessories,Chiang Mai,In-Store,3,1290,3870,0,3.8
2025-07-09,USB-C Cable,Accessories,Pattaya,In-Store,6,299,1794,0,5.0
2025-11-11,USB-C Cable,Accessories,Chiang Mai,In-Store,25,199,4975,2,3.4
2025-12-27,Phone Stand,Accessories,Khon Kaen,Marketplace,24,599,14376,2,3.7
2025-12-21,Bluetooth Earbuds,Electronics,Bangkok,Online,19,99,1881,0,3.6
2025-04-11,Mouse Pad,Accessories,Bangkok,Marketplace,21,599,12579,2,3.4
2025-03-24,Power Bank,Electronics,Pattaya,In-Store,3,1290,3870,1,3.4
2025-12-03,Power Bank,Electronics,Bangkok,In-Store,30,299,8970,1,3.4
2025-09-17,iPhone Case,Accessories,Bangkok,Marketplace,8,299,2392,1,4.4
2025-09-13,Wireless Charger,Electronics,Khon Kaen,Marketplace,4,599,2396,0,3.9
2025-12-06,Keyboard Cover,Accessories,Bangkok,In-Store,22,299,6578,2,3.4
2025-08-16,USB-C Cable,Accessories,Bangkok,Marketplace,48,890,42720,4,3.9
2025-12-23,Mouse Pad,Accessories,Bangkok,Online,26,199,5174,1,3.5
2025-07-25,USB-C Cable,Accessories,Bangkok,Marketplace,1,349,349,1,3.9
2025-01-11,USB-C Cable,Accessories,Chiang Mai,Marketplace,6,599,3594,1,3.1
2025-01-08,Screen Protector,Accessories,Bangkok,Online,12,599,7188,0,4.7
2025-10-11,Laptop Bag,Bags,Bangkok,Marketplace,34,349,11866,2,4.8
2025-02-16,Mouse Pad,Accessories,Pattaya,In-Store,6,1290,7740,1,5.0
2025-11-16,Power Bank,Electronics,Phuket,Online,31,149,4619,1,4.3
2025-02-22,Power Bank,Electronics,Phuket,In-Store,24,349,8376,0,4.0
2025-02-15,Screen Protector,Accessories,Bangkok,In-Store,50,890,44500,1,3.8
2025-06-21,Laptop Bag,Bags,Bangkok,Marketplace,41,890,36490,2,4.4
2025-10-25,Power Bank,Electronics,Khon Kaen,Marketplace,33,890,29370,1,3.3
2025-01-20,Wireless Charger,Electronics,Khon Kaen,Online,45,99,4455,0,3.5
2025-02-02,Bluetooth Earbuds,Electronics,Phuket,Marketplace,39,299,11661,2,3.8
2025-07-24,Power Bank,Electronics,Phuket,In-Store,5,1590,7950,1,4.6
2025-07-04,Keyboard Cover,Accessories,Khon Kaen,Marketplace,21,349,7329,0,4.3
2025-04-21,Laptop Bag,Bags,Pattaya,Marketplace,7,199,1393,0,3.2
2025-06-15,USB-C Cable,Accessories,Chiang Mai,Online,1,299,299,1,4.9
2025-12-20,Phone Stand,Accessories,Pattaya,In-Store,35,1590,55650,2,4.3
2025-11-30,Screen Protector,Accessories,Khon Kaen,In-Store,14,890,12460,0,3.0
2025-07-18,Wireless Charger,Electronics,Chiang Mai,Marketplace,3,599,1797,1,3.1
2025-04-23,Keyboard Cover,Accessories,Chiang Mai,Online,6,299,1794,1,4.8
2025-01-24,Screen Protector,Accessories,Phuket,In-Store,21,199,4179,0,3.4
2025-04-14,Power Bank,Electronics,Chiang Mai,Online,16,890,14240,0,4.0
2025-10-08,Keyboard Cover,Accessories,Khon Kaen,Online,40,99,3960,0,3.9
2025-08-12,iPhone Case,Accessories,Pattaya,Marketplace,32,299,9568,0,4.0
2025-05-12,Phone Stand,Accessories,Phuket,Online,31,1290,39990,3,3.1
2025-04-15,iPhone Case,Accessories,Pattaya,Online,45,890,40050,2,3.7
2025-07-29,USB-C Cable,Accessories,Chiang Mai,In-Store,47,1290,60630,2,4.5
2025-09-06,Laptop Bag,Bags,Phuket,Marketplace,20,199,3980,2,4.9
2025-01-12,Phone Stand,Accessories,Pattaya,In-Store,4,1290,5160,0,3.9
2025-07-12,Phone Stand,Accessories,Khon Kaen,In-Store,13,99,1287,0,3.1
2025-11-08,iPhone Case,Accessories,Khon Kaen,Marketplace,18,299,5382,0,4.6
2025-04-29,Power Bank,Electronics,Phuket,Online,16,890,14240,0,3.9
2025-06-04,iPhone Case,Accessories,Bangkok,Online,19,599,11381,0,4.2
2025-05-07,iPhone Case,Accessories,Bangkok,Marketplace,26,1290,33540,2,4.8
2025-06-27,Screen Protector,Accessories,Pattaya,In-Store,35,149,5215,3,4.0
2025-12-23,Keyboard Cover,Accessories,Chiang Mai,Marketplace,19,1590,30210,1,4.3
2025-06-12,iPhone Case,Accessories,Phuket,In-Store,22,1290,28380,2,3.4
2025-01-08,Power Bank,Electronics,Chiang Mai,In-Store,45,199,8955,3,4.0
2025-03-31,Laptop Bag,Bags,Phuket,Marketplace,35,1290,45150,0,3.8
2025-11-03,Power Bank,Electronics,Chiang Mai,Online,32,149,4768,2,3.5
2025-04-06,Screen Protector,Accessories,Pattaya,In-Store,32,1590,50880,0,4.5
2025-06-16,Mouse Pad,Accessories,Chiang Mai,In-Store,1,149,149,0,3.2
2025-02-09,Wireless Charger,Electronics,Chiang Mai,In-Store,42,1290,54180,0,3.9
2025-11-13,Bluetooth Earbuds,Electronics,Pattaya,Online,8,99,792,0,4.2
2025-01-19,USB-C Cable,Accessories,Phuket,Online,36,1590,57240,0,3.8
2025-01-18,Mouse Pad,Accessories,Chiang Mai,Marketplace,4,349,1396,1,4.4
2025-12-01,Keyboard Cover,Accessories,Chiang Mai,Online,24,199,4776,2,3.3
2025-05-29,Laptop Bag,Bags,Phuket,Online,7,599,4193,1,3.6
2025-10-27,USB-C Cable,Accessories,Khon Kaen,Online,12,890,10680,0,3.8
2025-08-27,Screen Protector,Accessories,Chiang Mai,Online,21,1290,27090,2,3.2
2025-08-20,iPhone Case,Accessories,Chiang Mai,Online,4,1590,6360,0,3.3
2025-09-29,Laptop Bag,Bags,Khon Kaen,Marketplace,1,99,99,0,3.1
2025-06-13,Phone Stand,Accessories,Phuket,Online,1,99,99,1,3.6
2025-12-07,USB-C Cable,Accessories,Khon Kaen,Online,42,149,6258,3,4.7
2025-05-16,Bluetooth Earbuds,Electronics,Khon Kaen,Marketplace,42,890,37380,3,3.4
2025-07-03,Mouse Pad,Accessories,Pattaya,Online,24,349,8376,2,4.2
2025-05-18,iPhone Case,Accessories,Phuket,Marketplace,28,299,8372,0,4.7
2025-05-18,Screen Protector,Accessories,Phuket,In-Store,12,1290,15480,1,4.8
2025-06-25,Laptop Bag,Bags,Pattaya,In-Store,21,199,4179,1,3.7
2025-09-07,Screen Protector,Accessories,Chiang Mai,Online,13,299,3887,0,3.8
2025-03-25,Bluetooth Earbuds,Electronics,Pattaya,Marketplace,32,1590,50880,3,4.7
2025-01-05,Keyboard Cover,Accessories,Phuket,In-Store,26,349,9074,2,3.2
2025-02-26,Laptop Bag,Bags,Phuket,Marketplace,38,99,3762,1,4.8
2025-09-27,Laptop Bag,Bags,Khon Kaen,Marketplace,26,1590,41340,1,3.4
2025-06-09,Phone Stand,Accessories,Chiang Mai,In-Store,44,199,8756,3,3.8
2025-07-01,Phone Stand,Accessories,Chiang Mai,In-Store,33,890,29370,3,4.0
2025-03-04,Power Bank,Electronics,Pattaya,Marketplace,31,890,27590,3,3.2
2025-08-27,Keyboard Cover,Accessories,Chiang Mai,Online,1,349,349,0,3.7
2025-09-11,iPhone Case,Accessories,Khon Kaen,Online,27,599,16173,0,4.6
2025-03-11,Bluetooth Earbuds,Electronics,Khon Kaen,Marketplace,10,149,1490,1,4.4
2025-02-04,Laptop Bag,Bags,Bangkok,Online,14,149,2086,0,4.0
2025-02-25,Laptop Bag,Bags,Pattaya,In-Store,38,599,22762,1,3.8
2025-03-14,USB-C Cable,Accessories,Pattaya,Marketplace,41,599,24559,1,4.3
2025-03-11,Phone Stand,Accessories,Pattaya,Marketplace,43,349,15007,2,4.0
2025-10-23,Mouse Pad,Accessories,Khon Kaen,In-Store,18,599,10782,0,3.8
2025-03-31,Bluetooth Earbuds,Electronics,Phuket,In-Store,43,199,8557,2,3.5
2025-11-08,Bluetooth Earbuds,Electronics,Phuket,Marketplace,39,890,34710,2,3.6
2025-03-27,Wireless Charger,Electronics,Chiang Mai,Online,40,199,7960,4,4.8
2025-01-13,iPhone Case,Accessories,Khon Kaen,Marketplace,38,1590,60420,0,3.2
2025-12-22,iPhone Case,Accessories,Chiang Mai,Online,46,1590,73140,0,3.4
2025-02-08,iPhone Case,Accessories,Phuket,Marketplace,41,349,14309,3,5.0
2025-03-04,Laptop Bag,Bags,Phuket,Online,7,599,4193,0,4.8
2025-02-10,Power Bank,Electronics,Phuket,In-Store,37,99,3663,3,3.5
2025-10-21,Power Bank,Electronics,Pattaya,In-Store,49,349,17101,1,3.7
2025-01-08,iPhone Case,Accessories,Pattaya,In-Store,46,1290,59340,1,4.8
2025-06-09,Laptop Bag,Bags,Bangkok,Marketplace,42,99,4158,0,3.9
2025-04-03,USB-C Cable,Accessories,Chiang Mai,Online,29,890,25810,2,3.2
2025-10-13,Power Bank,Electronics,Khon Kaen,Online,13,149,1937,1,4.8
2025-09-14,Phone Stand,Accessories,Chiang Mai,Marketplace,21,149,3129,2,3.4
2025-10-01,Laptop Bag,Bags,Pattaya,In-Store,41,149,6109,4,4.7
2025-12-20,Power Bank,Electronics,Khon Kaen,In-Store,48,1290,61920,4,4.9
2025-06-13,Screen Protector,Accessories,Khon Kaen,Marketplace,20,149,2980,2,4.8
2025-06-17,Screen Protector,Accessories,Pattaya,Online,14,99,1386,0,4.8
2025-07-30,iPhone Case,Accessories,Pattaya,In-Store,28,349,9772,2,3.4
2025-06-02,Bluetooth Earbuds,Electronics,Pattaya,Marketplace,49,1290,63210,4,3.2
2025-02-11,Phone Stand,Accessories,Bangkok,In-Store,9,1290,11610,0,4.0
2025-09-09,Mouse Pad,Accessories,Chiang Mai,Online,7,1290,9030,1,3.8
2025-11-24,Screen Protector,Accessories,Chiang Mai,Marketplace,25,1290,32250,1,4.2
2025-08-20,Bluetooth Earbuds,Electronics,Chiang Mai,In-Store,31,1590,49290,0,3.4
2025-11-30,Power Bank,Electronics,Bangkok,In-Store,32,599,19168,0,3.2
2025-11-23,Power Bank,Electronics,Khon Kaen,Online,49,299,14651,4,4.8
2025-07-24,Bluetooth Earbuds,Electronics,Pattaya,Marketplace,4,1290,5160,0,4.9
2025-05-20,Keyboard Cover,Accessories,Bangkok,Marketplace,3,349,1047,0,3.6
2025-07-12,Laptop Bag,Bags,Chiang Mai,Online,47,149,7003,3,4.0
2025-01-03,Wireless Charger,Electronics,Khon Kaen,Marketplace,21,349,7329,2,4.4
2025-01-14,Mouse Pad,Accessories,Pattaya,Online,40,890,35600,3,4.0
2025-02-07,Mouse Pad,Accessories,Khon Kaen,In-Store,38,149,5662,1,4.0
2025-01-04,Bluetooth Earbuds,Electronics,Bangkok,In-Store,8,99,792,0,4.4
2025-01-22,Mouse Pad,Accessories,Phuket,In-Store,24,890,21360,1,3.3
2025-09-01,Laptop Bag,Bags,Khon Kaen,Marketplace,3,349,1047,0,4.7
2025-06-19,Power Bank,Electronics,Khon Kaen,Marketplace,17,1290,21930,1,3.4
2025-11-07,Screen Protector,Accessories,Chiang Mai,Marketplace,39,299,11661,2,4.1
2025-04-11,Wireless Charger,Electronics,Pattaya,In-Store,25,199,4975,0,5.0
2025-09-19,Screen Protector,Accessories,Khon Kaen,Online,18,599,10782,1,4.6
2025-10-08,Keyboard Cover,Accessories,Khon Kaen,In-Store,28,199,5572,2,5.0
2025-10-30,USB-C Cable,Accessories,Pattaya,Marketplace,24,299,7176,0,3.2
2025-11-21,Power Bank,Electronics,Bangkok,Online,11,299,3289,1,3.1
2025-01-21,Keyboard Cover,Accessories,Pattaya,In-Store,4,1590,6360,0,3.8
2025-07-10,Mouse Pad,Accessories,Phuket,Online,50,890,44500,0,4.8
2025-09-08,iPhone Case,Accessories,Khon Kaen,Marketplace,44,599,26356,2,3.5
2025-09-08,iPhone Case,Accessories,Phuket,Marketplace,3,599,1797,1,3.8
2025-06-05,Bluetooth Earbuds,Electronics,Khon Kaen,In-Store,49,199,9751,0,4.0
2025-11-14,Screen Protector,Accessories,Phuket,Online,20,599,11980,1,3.4
2025-03-15,Screen Protector,Accessories,Phuket,In-Store,6,890,5340,1,5.0
2025-02-24,Power Bank,Electronics,Bangkok,Marketplace,3,1590,4770,1,4.6
2025-04-18,Power Bank,Electronics,Pattaya,Marketplace,12,299,3588,1,4.7
2025-08-02,Power Bank,Electronics,Phuket,In-Store,3,99,297,1,4.9
2025-10-23,Laptop Bag,Bags,Chiang Mai,In-Store,39,299,11661,3,4.6
2025-12-19,iPhone Case,Accessories,Pattaya,In-Store,23,1290,29670,1,4.0
2025-09-09,Phone Stand,Accessories,Chiang Mai,In-Store,24,299,7176,1,3.7
2025-05-01,Keyboard Cover,Accessories,Pattaya,In-Store,47,299,14053,1,4.9
2025-03-16,USB-C Cable,Accessories,Phuket,In-Store,47,1590,74730,0,4.9
2025-12-05,Mouse Pad,Accessories,Bangkok,Marketplace,48,349,16752,2,3.9
2025-10-17,Wireless Charger,Electronics,Chiang Mai,In-Store,49,199,9751,2,4.7
2025-12-04,Phone Stand,Accessories,Bangkok,Online,40,149,5960,4,3.1
2025-10-09,Phone Stand,Accessories,Khon Kaen,In-Store,20,299,5980,0,3.6
2025-03-12,Wireless Charger,Electronics,Pattaya,Marketplace,9,199,1791,1,4.7
2025-01-20,USB-C Cable,Accessories,Pattaya,Marketplace,11,299,3289,0,4.4
2025-01-23,Mouse Pad,Accessories,Pattaya,In-Store,14,299,4186,0,3.3
2025-07-14,Wireless Charger,Electronics,Khon Kaen,Marketplace,15,149,2235,0,3.3
2025-10-05,Keyboard Cover,Accessories,Chiang Mai,Online,11,599,6589,0,3.5
2025-02-12,Mouse Pad,Accessories,Chiang Mai,Marketplace,15,99,1485,0,3.2
2025-08-06,Bluetooth Earbuds,Electronics,Phuket,In-Store,2,149,298,0,3.6
2025-11-16,Mouse Pad,Accessories,Bangkok,Marketplace,10,1590,15900,0,4.8
2025-10-20,iPhone Case,Accessories,Khon Kaen,Online,44,599,26356,1,3.0
2025-10-20,Wireless Charger,Electronics,Pattaya,Online,12,99,1188,1,3.1
2025-09-17,iPhone Case,Accessories,Chiang Mai,Online,31,199,6169,2,3.0
2025-01-14,Bluetooth Earbuds,Electronics,Chiang Mai,Online,19,1290,24510,0,3.1
2025-10-17,Mouse Pad,Accessories,Pattaya,Marketplace,18,1290,23220,1,3.7
2025-03-15,Wireless Charger,Electronics,Chiang Mai,Online,10,299,2990,1,3.5
2025-03-04,Power Bank,Electronics,Pattaya,In-Store,35,599,20965,2,3.7
2025-08-17,Wireless Charger,Electronics,Phuket,In-Store,50,1590,79500,4,4.6
2025-08-16,Phone Stand,Accessories,Khon Kaen,In-Store,20,299,5980,2,4.8
2025-09-22,Bluetooth Earbuds,Electronics,Phuket,Online,1,1590,1590,1,4.3
2025-08-06,iPhone Case,Accessories,Phuket,Online,28,890,24920,0,4.8
2025-08-20,Screen Protector,Accessories,Khon Kaen,Marketplace,41,599,24559,2,4.4
2025-06-03,Screen Protector,Accessories,Phuket,Marketplace,10,299,2990,0,3.2
2025-03-08,Screen Protector,Accessories,Khon Kaen,Marketplace,37,1290,47730,3,4.3
2025-09-24,USB-C Cable,Accessories,Khon Kaen,Marketplace,34,890,30260,1,3.4
2025-09-27,Wireless Charger,Electronics,Bangkok,In-Store,25,349,8725,0,3.4
2025-10-09,Phone Stand,Accessories,Khon Kaen,Marketplace,11,99,1089,0,3.8
2025-01-11,Wireless Charger,Electronics,Pattaya,Marketplace,44,599,26356,4,4.7
2025-09-26,USB-C Cable,Accessories,Bangkok,In-Store,27,99,2673,0,4.8
2025-10-10,Laptop Bag,Bags,Phuket,In-Store,30,199,5970,1,3.1
2025-10-13,Laptop Bag,Bags,Chiang Mai,Online,33,349,11517,3,3.2
2025-11-14,Bluetooth Earbuds,Electronics,Bangkok,Online,10,599,5990,0,4.8
2025-01-20,Mouse Pad,Accessories,Khon Kaen,Marketplace,5,199,995,0,4.5
2025-03-12,Screen Protector,Accessories,Bangkok,In-Store,8,890,7120,1,4.8
2025-11-25,Screen Protector,Accessories,Khon Kaen,In-Store,42,99,4158,4,4.1
2025-01-16,Screen Protector,Accessories,Khon Kaen,Marketplace,35,1590,55650,2,3.5
2025-06-13,Mouse Pad,Accessories,Bangkok,Marketplace,32,99,3168,2,3.8
2025-05-19,Mouse Pad,Accessories,Chiang Mai,Online,21,1290,27090,1,4.7
2025-01-18,Screen Protector,Accessories,Chiang Mai,Online,39,599,23361,3,4.5
2025-12-06,Screen Protector,Accessories,Phuket,In-Store,33,599,19767,3,3.8
2025-08-02,Bluetooth Earbuds,Electronics,Pattaya,Online,5,99,495,0,4.6
2025-07-24,Screen Protector,Accessories,Phuket,In-Store,42,299,12558,0,3.0
2025-03-21,Phone Stand,Accessories,Phuket,Online,43,299,12857,1,3.0
2025-11-01,USB-C Cable,Accessories,Pattaya,Online,7,99,693,1,3.6
2025-11-24,Keyboard Cover,Accessories,Bangkok,In-Store,7,890,6230,0,4.0
2025-04-10,Bluetooth Earbuds,Electronics,Bangkok,In-Store,20,99,1980,1,3.3
2025-06-16,Power Bank,Electronics,Pattaya,Marketplace,34,199,6766,1,4.7
2025-12-23,Phone Stand,Accessories,Chiang Mai,In-Store,37,890,32930,2,3.6
2025-05-10,Keyboard Cover,Accessories,Phuket,Marketplace,31,99,3069,2,4.0
2025-08-25,iPhone Case,Accessories,Pattaya,In-Store,18,599,10782,1,4.1
2025-11-15,Power Bank,Electronics,Bangkok,In-Store,49,349,17101,0,4.2
2025-06-15,Laptop Bag,Bags,Phuket,Online,14,1590,22260,1,3.0
2025-09-29,Bluetooth Earbuds,Electronics,Pattaya,In-Store,7,1290,9030,0,3.9
2025-09-24,Keyboard Cover,Accessories,Pattaya,In-Store,46,149,6854,1,3.2
2025-06-08,Mouse Pad,Accessories,Bangkok,Marketplace,22,199,4378,2,3.4
2025-04-23,Mouse Pad,Accessories,Bangkok,In-Store,35,99,3465,0,3.1
2025-01-13,Phone Stand,Accessories,Phuket,Online,34,599,20366,3,3.6
2025-03-10,Bluetooth Earbuds,Electronics,Bangkok,Marketplace,35,599,20965,0,4.9
2025-02-10,Laptop Bag,Bags,Khon Kaen,In-Store,38,890,33820,2,4.8
2025-10-23,Screen Protector,Accessories,Bangkok,In-Store,20,349,6980,2,3.4
2025-06-13,Power Bank,Electronics,Chiang Mai,Online,8,599,4792,0,3.2
2025-12-29,Power Bank,Electronics,Chiang Mai,Marketplace,23,149,3427,0,4.0
2025-03-15,Laptop Bag,Bags,Chiang Mai,Online,29,299,8671,2,4.6
2025-04-17,Laptop Bag,Bags,Pattaya,In-Store,46,149,6854,4,3.9
2025-01-02,Wireless Charger,Electronics,Bangkok,In-Store,1,99,99,1,3.8
2025-05-09,USB-C Cable,Accessories,Khon Kaen,In-Store,35,149,5215,1,3.9
2025-09-10,Wireless Charger,Electronics,Bangkok,Online,13,199,2587,0,4.3
2025-09-14,Screen Protector,Accessories,Bangkok,Marketplace,12,1590,19080,1,4.5
2025-02-05,Laptop Bag,Bags,Bangkok,Marketplace,18,99,1782,0,4.5
2025-03-16,Wireless Charger,Electronics,Pattaya,Online,4,299,1196,1,3.0
2025-05-21,iPhone Case,Accessories,Khon Kaen,In-Store,10,349,3490,1,4.9
2025-09-15,Mouse Pad,Accessories,Khon Kaen,Online,46,349,16054,3,4.4
2025-01-22,Screen Protector,Accessories,Phuket,Marketplace,35,299,10465,1,3.4
2025-05-18,Screen Protector,Accessories,Bangkok,In-Store,15,199,2985,1,4.9
2025-12-18,Bluetooth Earbuds,Electronics,Pattaya,Online,19,890,16910,0,3.6
2025-06-22,Wireless Charger,Electronics,Khon Kaen,In-Store,13,1590,20670,1,3.3
2025-02-16,Screen Protector,Accessories,Khon Kaen,In-Store,6,599,3594,1,4.7
2025-03-20,Keyboard Cover,Accessories,Bangkok,In-Store,4,599,2396,1,4.3
2025-02-04,iPhone Case,Accessories,Pattaya,Online,21,99,2079,0,4.9
2025-10-16,Power Bank,Electronics,Khon Kaen,In-Store,27,1590,42930,1,3.2
2025-02-24,Phone Stand,Accessories,Phuket,Online,28,149,4172,1,3.5
2025-07-22,Laptop Bag,Bags,Khon Kaen,Marketplace,31,1290,39990,1,4.7
2025-06-30,Keyboard Cover,Accessories,Chiang Mai,In-Store,33,349,11517,1,3.4
2025-12-28,Mouse Pad,Accessories,Chiang Mai,Marketplace,29,1590,46110,0,3.9
2025-07-16,Keyboard Cover,Accessories,Phuket,Online,25,1290,32250,1,4.7
2025-02-25,Power Bank,Electronics,Bangkok,In-Store,33,149,4917,3,4.5
2025-12-20,iPhone Case,Accessories,Phuket,Marketplace,5,99,495,1,3.8
2025-03-31,Power Bank,Electronics,Bangkok,Marketplace,23,349,8027,0,3.5
2025-06-30,Phone Stand,Accessories,Khon Kaen,In-Store,6,149,894,0,3.1
2025-06-11,Bluetooth Earbuds,Electronics,Phuket,Online,7,199,1393,1,4.2
2025-11-05,Keyboard Cover,Accessories,Bangkok,Marketplace,21,349,7329,2,4.4
2025-08-11,Mouse Pad,Accessories,Pattaya,Marketplace,22,299,6578,0,3.9
2025-07-12,Screen Protector,Accessories,Khon Kaen,Marketplace,30,1590,47700,2,3.8
2025-08-21,Phone Stand,Accessories,Pattaya,Marketplace,42,149,6258,3,4.4
2025-08-01,Bluetooth Earbuds,Electronics,Khon Kaen,Marketplace,47,199,9353,3,3.2
2025-12-17,Phone Stand,Accessories,Phuket,In-Store,46,299,13754,1,5.0
2025-02-17,Power Bank,Electronics,Phuket,Marketplace,35,1590,55650,1,4.3
2025-07-23,USB-C Cable,Accessories,Khon Kaen,Online,31,349,10819,2,3.9
2025-06-11,Laptop Bag,Bags,Pattaya,Marketplace,16,99,1584,0,4.1
2025-08-03,Bluetooth Earbuds,Electronics,Bangkok,Marketplace,23,890,20470,0,3.8
2025-01-04,Mouse Pad,Accessories,Phuket,Marketplace,13,890,11570,1,4.9
2025-02-14,iPhone Case,Accessories,Khon Kaen,In-Store,39,299,11661,1,4.5
2025-08-17,Phone Stand,Accessories,Bangkok,Online,29,890,25810,1,3.2
2025-01-25,Power Bank,Electronics,Pattaya,Marketplace,18,1290,23220,0,4.6
2025-04-16,Power Bank,Electronics,Khon Kaen,In-Store,49,599,29351,3,4.1
2025-12-13,Bluetooth Earbuds,Electronics,Chiang Mai,Marketplace,19,149,2831,1,3.3
2025-03-02,USB-C Cable,Accessories,Phuket,Online,43,599,25757,0,3.3
2025-08-20,Phone Stand,Accessories,Chiang Mai,Online,8,199,1592,1,3.2
2025-04-29,Phone Stand,Accessories,Phuket,In-Store,6,299,1794,0,5.0
2025-06-20,Laptop Bag,Bags,Pattaya,Marketplace,18,149,2682,0,4.0
2025-06-03,Power Bank,Electronics,Chiang Mai,Marketplace,42,149,6258,2,3.3
2025-02-01,Screen Protector,Accessories,Chiang Mai,In-Store,30,149,4470,3,4.0
2025-03-20,Screen Protector,Accessories,Khon Kaen,Online,43,149,6407,1,4.0
2025-11-19,Screen Protector,Accessories,Bangkok,Online,49,599,29351,1,3.2
2025-11-03,USB-C Cable,Accessories,Chiang Mai,In-Store,48,149,7152,2,4.8
2025-10-15,iPhone Case,Accessories,Bangkok,In-Store,28,890,24920,2,4.0
2025-05-15,Laptop Bag,Bags,Chiang Mai,Marketplace,24,299,7176,0,4.6
2025-08-05,Mouse Pad,Accessories,Chiang Mai,Online,42,1590,66780,0,3.5
2025-03-06,Mouse Pad,Accessories,Khon Kaen,Online,50,299,14950,5,4.3
2025-08-05,Screen Protector,Accessories,Khon Kaen,Marketplace,35,299,10465,2,3.9
2025-01-20,Laptop Bag,Bags,Pattaya,Marketplace,31,1290,39990,1,4.3
2025-11-10,Screen Protector,Accessories,Khon Kaen,Online,15,1290,19350,1,4.1
2025-12-06,Screen Protector,Accessories,Bangkok,In-Store,5,599,2995,1,3.6
2025-09-16,Keyboard Cover,Accessories,Pattaya,Online,19,890,16910,1,3.8
2025-10-02,Keyboard Cover,Accessories,Chiang Mai,Online,38,890,33820,1,5.0
2025-08-31,Power Bank,Electronics,Phuket,In-Store,20,349,6980,1,3.3
2025-05-23,Screen Protector,Accessories,Chiang Mai,Online,20,149,2980,0,4.3
2025-04-26,Laptop Bag,Bags,Chiang Mai,Online,5,349,1745,1,4.7
2025-03-27,Keyboard Cover,Accessories,Bangkok,Marketplace,18,99,1782,0,4.9
2025-08-28,iPhone Case,Accessories,Khon Kaen,Online,43,149,6407,4,4.0
2025-07-11,iPhone Case,Accessories,Khon Kaen,In-Store,37,149,5513,0,3.1
2025-12-23,Phone Stand,Accessories,Pattaya,Online,31,1590,49290,3,3.9
2025-04-20,iPhone Case,Accessories,Phuket,Marketplace,31,99,3069,1,4.9
2025-11-18,Mouse Pad,Accessories,Pattaya,Online,4,299,1196,0,4.3
2025-12-02,USB-C Cable,Accessories,Phuket,Marketplace,21,349,7329,2,3.9
2025-03-26,Wireless Charger,Electronics,Pattaya,In-Store,43,349,15007,3,3.9
2025-10-29,iPhone Case,Accessories,Bangkok,In-Store,13,99,1287,0,4.1
2025-01-04,Wireless Charger,Electronics,Bangkok,In-Store,37,199,7363,2,3.2
2025-09-21,USB-C Cable,Accessories,Phuket,Online,41,99,4059,0,4.6
2025-11-20,USB-C Cable,Accessories,Chiang Mai,Marketplace,24,299,7176,2,3.5
2025-12-07,iPhone Case,Accessories,Phuket,Marketplace,30,99,2970,2,4.2
2025-09-22,Screen Protector,Accessories,Chiang Mai,In-Store,40,1290,51600,4,3.1
2025-08-27,Screen Protector,Accessories,Bangkok,Marketplace,49,1590,77910,0,3.5
2025-03-05,iPhone Case,Accessories,Phuket,Marketplace,12,1590,19080,1,4.0
2025-01-31,Screen Protector,Accessories,Phuket,Marketplace,20,149,2980,1,3.3
2025-02-14,Screen Protector,Accessories,Bangkok,In-Store,46,199,9154,4,3.5
2025-04-29,Laptop Bag,Bags,Khon Kaen,In-Store,7,1290,9030,0,4.6
2025-10-03,Phone Stand,Accessories,Khon Kaen,In-Store,39,1290,50310,3,4.7
2025-05-11,USB-C Cable,Accessories,Pattaya,Marketplace,1,349,349,1,4.7
2025-09-19,iPhone Case,Accessories,Khon Kaen,In-Store,47,1290,60630,3,3.5
2025-12-19,Laptop Bag,Bags,Khon Kaen,Online,24,599,14376,2,4.7
2025-09-26,Wireless Charger,Electronics,Phuket,Marketplace,35,599,20965,2,4.2
2025-11-20,Laptop Bag,Bags,Pattaya,In-Store,15,599,8985,1,4.2
2025-07-10,Screen Protector,Accessories,Bangkok,Marketplace,25,199,4975,1,4.4
2025-05-23,iPhone Case,Accessories,Phuket,In-Store,7,1290,9030,0,3.7
2025-09-12,Bluetooth Earbuds,Electronics,Bangkok,Marketplace,30,199,5970,1,3.2
2025-08-31,Laptop Bag,Bags,Bangkok,Marketplace,15,1590,23850,0,4.6
2025-05-23,Keyboard Cover,Accessories,Chiang Mai,Marketplace,34,890,30260,3,4.8
2025-07-06,iPhone Case,Accessories,Phuket,In-Store,40,199,7960,2,4.5
2025-04-29,iPhone Case,Accessories,Bangkok,Online,49,599,29351,3,3.1
2025-12-16,Wireless Charger,Electronics,Phuket,Marketplace,7,890,6230,1,4.0
2025-11-11,Screen Protector,Accessories,Pattaya,Marketplace,8,299,2392,1,4.3
2025-11-10,Wireless Charger,Electronics,Khon Kaen,Online,40,599,23960,2,4.9
2025-07-15,Phone Stand,Accessories,Phuket,Online,13,1590,20670,1,4.9
2025-06-27,Phone Stand,Accessories,Bangkok,Online,34,1590,54060,3,4.7
2025-09-07,Phone Stand,Accessories,Chiang Mai,Online,30,199,5970,0,4.7
2025-12-08,Keyboard Cover,Accessories,Khon Kaen,In-Store,5,349,1745,1,4.1
2025-12-07,Phone Stand,Accessories,Pattaya,Marketplace,48,599,28752,0,4.6
2025-11-05,Wireless Charger,Electronics,Bangkok,In-Store,41,349,14309,4,3.8
2025-07-27,Mouse Pad,Accessories,Bangkok,In-Store,24,199,4776,1,5.0
2025-12-11,Keyboard Cover,Accessories,Pattaya,Online,20,149,2980,1,3.4
2025-10-15,Keyboard Cover,Accessories,Phuket,Marketplace,19,349,6631,1,4.1
2025-05-17,Wireless Charger,Electronics,Bangkok,Online,40,1590,63600,0,3.7
2025-09-19,USB-C Cable,Accessories,Bangkok,In-Store,4,349,1396,0,4.5
2025-05-14,Laptop Bag,Bags,Pattaya,Marketplace,50,299,14950,1,3.5
2025-12-24,Mouse Pad,Accessories,Bangkok,In-Store,38,149,5662,1,4.6
2025-07-23,Laptop Bag,Bags,Khon Kaen,In-Store,36,1590,57240,2,3.1
2025-07-29,iPhone Case,Accessories,Pattaya,Marketplace,31,1290,39990,0,4.1
2025-07-09,Bluetooth Earbuds,Electronics,Chiang Mai,Marketplace,32,149,4768,2,4.9
2025-08-05,Laptop Bag,Bags,Phuket,Online,38,299,11362,3,3.6
2025-10-10,iPhone Case,Accessories,Pattaya,In-Store,22,99,2178,1,3.8
2025-08-28,iPhone Case,Accessories,Phuket,In-Store,44,599,26356,1,3.7
2025-03-04,Mouse Pad,Accessories,Phuket,In-Store,5,299,1495,1,4.3
2025-10-25,Power Bank,Electronics,Bangkok,Marketplace,18,890,16020,0,3.7
2025-11-30,Phone Stand,Accessories,Phuket,Online,41,149,6109,2,4.7
2025-09-01,Laptop Bag,Bags,Khon Kaen,In-Store,39,1590,62010,2,3.5
2025-03-26,iPhone Case,Accessories,Chiang Mai,Online,42,99,4158,4,4.9
2025-10-08,Laptop Bag,Bags,Bangkok,Marketplace,16,599,9584,1,4.2
2025-10-04,Laptop Bag,Bags,Phuket,Marketplace,46,199,9154,4,3.2
2025-10-21,Power Bank,Electronics,Chiang Mai,Online,46,349,16054,4,3.4
2025-08-30,Keyboard Cover,Accessories,Pattaya,Marketplace,44,299,13156,2,4.2
2025-07-05,USB-C Cable,Accessories,Bangkok,Online,45,349,15705,1,4.2
2025-01-01,iPhone Case,Accessories,Khon Kaen,In-Store,31,299,9269,1,3.1
2025-03-04,Mouse Pad,Accessories,Chiang Mai,Marketplace,45,299,13455,3,4.5
2025-03-09,Wireless Charger,Electronics,Khon Kaen,Marketplace,16,199,3184,0,3.5
2025-02-25,Screen Protector,Accessories,Bangkok,In-Store,35,149,5215,2,3.8
2025-02-23,USB-C Cable,Accessories,Khon Kaen,In-Store,48,99,4752,2,3.7
2025-07-05,Wireless Charger,Electronics,Khon Kaen,Marketplace,38,1290,49020,1,3.2
2025-11-01,Laptop Bag,Bags,Pattaya,Marketplace,30,1290,38700,3,4.3
2025-06-29,Keyboard Cover,Accessories,Chiang Mai,In-Store,43,1290,55470,3,3.8
2025-06-24,Mouse Pad,Accessories,Pattaya,Online,34,199,6766,0,3.7
2025-11-26,Phone Stand,Accessories,Bangkok,In-Store,4,349,1396,0,3.5
2025-12-23,Phone Stand,Accessories,Chiang Mai,Online,27,199,5373,0,4.0
2025-10-07,iPhone Case,Accessories,Pattaya,Marketplace,46,99,4554,4,4.5
2025-01-18,USB-C Cable,Accessories,Phuket,Marketplace,32,1290,41280,0,4.0
2025-08-29,Wireless Charger,Electronics,Chiang Mai,Online,3,1590,4770,0,4.7
2025-10-24,USB-C Cable,Accessories,Pattaya,In-Store,31,349,10819,1,3.8
2025-12-13,Bluetooth Earbuds,Electronics,Phuket,In-Store,37,890,32930,2,4.5
2025-02-17,Mouse Pad,Accessories,Pattaya,Marketplace,10,299,2990,0,3.3
2025-12-25,Bluetooth Earbuds,Electronics,Khon Kaen,In-Store,35,149,5215,3,3.4
2025-01-31,Phone Stand,Accessories,Khon Kaen,Marketplace,24,1590,38160,2,3.3
2025-02-22,Mouse Pad,Accessories,Chiang Mai,Marketplace,7,199,1393,1,4.5
2025-05-03,USB-C Cable,Accessories,Khon Kaen,Marketplace,42,599,25158,0,4.5
2025-11-25,iPhone Case,Accessories,Bangkok,Online,40,349,13960,1,3.6
2025-05-15,Laptop Bag,Bags,Pattaya,Marketplace,45,1290,58050,0,4.6
2025-09-20,Screen Protector,Accessories,Khon Kaen,Online,37,149,5513,2,3.4
2025-12-01,Laptop Bag,Bags,Chiang Mai,In-Store,29,349,10121,1,5.0
2025-04-22,Laptop Bag,Bags,Pattaya,In-Store,18,299,5382,0,4.2
2025-02-13,USB-C Cable,Accessories,Pattaya,Online,10,599,5990,1,3.2
2025-04-23,Keyboard Cover,Accessories,Pattaya,In-Store,30,890,26700,3,3.3
2025-05-06,Bluetooth Earbuds,Electronics,Chiang Mai,In-Store,26,890,23140,1,5.0
2025-06-11,Mouse Pad,Accessories,Pattaya,In-Store,40,299,11960,3,4.2
2025-12-06,Keyboard Cover,Accessories,Pattaya,In-Store,28,599,16772,2,3.4
2025-07-06,Wireless Charger,Electronics,Chiang Mai,Marketplace,17,199,3383,0,3.4
2025-01-25,Phone Stand,Accessories,Chiang Mai,In-Store,43,349,15007,2,4.8
2025-04-15,USB-C Cable,Accessories,Khon Kaen,In-Store,25,349,8725,2,4.7
2025-11-16,Wireless Charger,Electronics,Phuket,Online,17,199,3383,0,4.2
2025-03-10,Laptop Bag,Bags,Bangkok,Online,50,890,44500,5,4.1
2025-06-20,Laptop Bag,Bags,Bangkok,Online,46,349,16054,4,4.4
2025-08-21,Wireless Charger,Electronics,Bangkok,In-Store,29,349,10121,1,4.0
2025-07-18,Bluetooth Earbuds,Electronics,Chiang Mai,In-Store,6,99,594,0,3.1
2025-01-22,Power Bank,Electronics,Chiang Mai,Marketplace,37,99,3663,0,4.8
2025-09-04,Wireless Charger,Electronics,Bangkok,In-Store,50,99,4950,0,3.0
2025-05-07,Keyboard Cover,Accessories,Phuket,In-Store,15,349,5235,1,4.8
2025-02-11,iPhone Case,Accessories,Khon Kaen,In-Store,13,349,4537,1,3.1
2025-03-17,Phone Stand,Accessories,Chiang Mai,Online,48,149,7152,2,4.1
2025-01-08,iPhone Case,Accessories,Chiang Mai,In-Store,17,890,15130,1,4.4
2025-03-24,Laptop Bag,Bags,Phuket,In-Store,46,199,9154,0,3.8
2025-08-17,Bluetooth Earbuds,Electronics,Chiang Mai,Online,42,599,25158,3,4.6
2025-09-21,Laptop Bag,Bags,Phuket,Marketplace,42,299,12558,3,4.0
2025-01-17,USB-C Cable,Accessories,Khon Kaen,Online,15,599,8985,1,4.7
2025-06-23,Keyboard Cover,Accessories,Khon Kaen,Online,45,890,40050,0,3.2
2025-05-29,Wireless Charger,Electronics,Khon Kaen,Marketplace,12,1590,19080,1,4.7
2025-02-01,Laptop Bag,Bags,Phuket,Online,41,349,14309,3,3.6
2025-07-30,Bluetooth Earbuds,Electronics,Khon Kaen,Online,13,1590,20670,1,3.5
2025-09-28,USB-C Cable,Accessories,Bangkok,Marketplace,38,199,7562,1,3.4
2025-02-09,Power Bank,Electronics,Bangkok,Online,12,99,1188,1,4.7
2025-10-20,Phone Stand,Accessories,Phuket,In-Store,40,1590,63600,2,4.4
2025-04-23,Keyboard Cover,Accessories,Pattaya,In-Store,5,599,2995,1,3.5
2025-06-17,iPhone Case,Accessories,Khon Kaen,In-Store,50,149,7450,0,4.4
2025-01-19,Mouse Pad,Accessories,Khon Kaen,Online,15,199,2985,1,3.1
2025-01-07,iPhone Case,Accessories,Pattaya,Marketplace,50,890,44500,1,4.7
2025-08-08,USB-C Cable,Accessories,Chiang Mai,Marketplace,20,890,17800,2,3.7
2025-03-23,Mouse Pad,Accessories,Chiang Mai,Online,41,1290,52890,2,3.5
2025-10-31,Laptop Bag,Bags,Bangkok,Online,7,599,4193,1,3.6
2025-10-11,Screen Protector,Accessories,Pattaya,Online,15,1290,19350,0,3.7
2025-10-15,iPhone Case,Accessories,Bangkok,Marketplace,3,599,1797,0,3.8
2025-01-30,USB-C Cable,Accessories,Chiang Mai,In-Store,8,1290,10320,0,3.3
2025-06-01,Power Bank,Electronics,Khon Kaen,Marketplace,47,99,4653,3,3.1
2025-07-04,Laptop Bag,Bags,Khon Kaen,In-Store,22,1590,34980,0,4.5
2025-08-07,Screen Protector,Accessories,Khon Kaen,Online,44,1290,56760,1,3.6
2025-10-04,Wireless Charger,Electronics,Pattaya,Online,22,890,19580,0,3.2
2025-03-15,Screen Protector,Accessories,Pattaya,In-Store,7,349,2443,1,4.2
2025-05-16,Keyboard Cover,Accessories,Phuket,In-Store,49,299,14651,0,3.2
2025-05-20,Mouse Pad,Accessories,Chiang Mai,Marketplace,20,1590,31800,1,4.0
2025-07-14,USB-C Cable,Accessories,Khon Kaen,Online,48,149,7152,4,4.1
2025-03-23,Keyboard Cover,Accessories,Bangkok,Marketplace,27,99,2673,2,4.4
2025-09-01,Laptop Bag,Bags,Pattaya,Marketplace,27,1590,42930,2,4.3
2025-01-25,Power Bank,Electronics,Chiang Mai,Online,37,599,22163,0,3.5
2025-08-26,Laptop Bag,Bags,Pattaya,Online,21,199,4179,2,4.9
2025-07-23,Laptop Bag,Bags,Phuket,In-Store,41,149,6109,4,3.6
2025-03-21,Laptop Bag,Bags,Phuket,In-Store,28,1290,36120,2,3.7
2025-03-12,Bluetooth Earbuds,Electronics,Chiang Mai,Online,24,1290,30960,2,3.8
2025-09-28,Keyboard Cover,Accessories,Khon Kaen,Online,21,1590,33390,0,4.5
2025-06-03,Mouse Pad,Accessories,Chiang Mai,Online,9,149,1341,0,4.9
2025-06-28,Power Bank,Electronics,Pattaya,Online,15,199,2985,0,3.6
2025-11-10,Bluetooth Earbuds,Electronics,Phuket,Online,13,349,4537,1,3.9
2025-01-01,iPhone Case,Accessories,Khon Kaen,Marketplace,39,1590,62010,3,4.9
2025-12-01,Phone Stand,Accessories,Pattaya,Marketplace,19,99,1881,0,4.6
2025-05-17,Laptop Bag,Bags,Chiang Mai,In-Store,5,1290,6450,0,3.7
2025-04-26,Screen Protector,Accessories,Chiang Mai,In-Store,39,299,11661,1,3.9
2025-01-24,Phone Stand,Accessories,Bangkok,Marketplace,13,199,2587,0,4.6
2025-09-17,Screen Protector,Accessories,Chiang Mai,In-Store,8,890,7120,0,3.9
2025-06-20,Screen Protector,Accessories,Pattaya,Marketplace,10,349,3490,1,3.3
2025-04-02,Keyboard Cover,Accessories,Khon Kaen,Online,25,349,8725,0,4.8
2025-11-30,Mouse Pad,Accessories,Chiang Mai,Online,5,1290,6450,1,4.7
2025-08-25,Keyboard Cover,Accessories,Khon Kaen,Online,32,890,28480,3,3.9
2025-07-16,Keyboard Cover,Accessories,Bangkok,Online,4,599,2396,1,3.4
2025-08-11,Keyboard Cover,Accessories,Phuket,Marketplace,22,99,2178,0,5.0
2025-03-23,Wireless Charger,Electronics,Pattaya,Marketplace,16,599,9584,1,4.6
2025-10-14,iPhone Case,Accessories,Chiang Mai,Marketplace,3,1290,3870,0,4.6
2025-04-18,Phone Stand,Accessories,Khon Kaen,In-Store,36,1590,57240,2,3.6
2025-08-02,Wireless Charger,Electronics,Khon Kaen,In-Store,33,1590,52470,2,4.1
2025-10-04,Keyboard Cover,Accessories,Khon Kaen,In-Store,50,199,9950,5,3.9
2025-10-01,Mouse Pad,Accessories,Khon Kaen,Online,33,299,9867,2,3.0
2025-07-16,Wireless Charger,Electronics,Chiang Mai,In-Store,49,99,4851,3,4.2
2025-12-08,Keyboard Cover,Accessories,Phuket,Marketplace,29,349,10121,2,4.1
2025-11-15,Power Bank,Electronics,Pattaya,Marketplace,27,890,24030,0,4.8
2025-11-02,Power Bank,Electronics,Khon Kaen,In-Store,32,1590,50880,3,3.1
2025-11-20,Laptop Bag,Bags,Phuket,Marketplace,20,599,11980,2,3.8
2025-01-26,Bluetooth Earbuds,Electronics,Khon Kaen,In-Store,34,99,3366,1,3.3
2025-04-17,iPhone Case,Accessories,Chiang Mai,Marketplace,25,1290,32250,0,4.1
2025-10-28,USB-C Cable,Accessories,Chiang Mai,Marketplace,50,890,44500,2,3.1
2025-10-08,Keyboard Cover,Accessories,Pattaya,Online,32,299,9568,2,4.4
2025-04-10,Wireless Charger,Electronics,Khon Kaen,Marketplace,25,349,8725,2,3.9
2025-05-19,iPhone Case,Accessories,Khon Kaen,Marketplace,2,1590,3180,0,3.6
2025-12-19,Phone Stand,Accessories,Phuket,In-Store,18,149,2682,0,3.9
2025-07-25,Keyboard Cover,Accessories,Phuket,Online,7,299,2093,1,3.7
2025-06-18,Wireless Charger,Electronics,Bangkok,Marketplace,30,1590,47700,1,4.6
2025-02-08,Screen Protector,Accessories,Bangkok,Marketplace,23,149,3427,0,4.1
2025-09-13,Laptop Bag,Bags,Chiang Mai,Online,12,1290,15480,0,4.0
2025-12-24,Phone Stand,Accessories,Pattaya,Online,7,890,6230,0,3.9
2025-09-14,USB-C Cable,Accessories,Pattaya,In-Store,12,890,10680,1,3.4
2025-03-19,Power Bank,Electronics,Chiang Mai,Online,6,149,894,1,3.4
2025-07-29,Bluetooth Earbuds,Electronics,Khon Kaen,In-Store,35,99,3465,3,4.2
2025-09-21,Laptop Bag,Bags,Phuket,In-Store,1,349,349,1,3.3
2025-08-15,Screen Protector,Accessories,Bangkok,Online,22,1290,28380,0,4.8
2025-05-25,Keyboard Cover,Accessories,Pattaya,Online,2,349,698,0,3.9
2025-07-10,USB-C Cable,Accessories,Chiang Mai,In-Store,26,599,15574,1,4.8
2025-09-22,Phone Stand,Accessories,Pattaya,Marketplace,37,1590,58830,3,4.7
2025-05-30,Wireless Charger,Electronics,Bangkok,Marketplace,5,199,995,0,3.9
2025-11-05,Phone Stand,Accessories,Khon Kaen,In-Store,5,599,2995,0,3.6
2025-06-01,iPhone Case,Accessories,Phuket,Online,3,1290,3870,0,3.5
2025-07-24,Keyboard Cover,Accessories,Chiang Mai,Marketplace,6,890,5340,0,3.5
2025-04-09,Bluetooth Earbuds,Electronics,Pattaya,In-Store,2,349,698,0,4.5
2025-05-17,iPhone Case,Accessories,Khon Kaen,In-Store,35,349,12215,3,3.3
2025-09-17,Screen Protector,Accessories,Khon Kaen,In-Store,21,149,3129,0,3.7
2025-09-02,Mouse Pad,Accessories,Chiang Mai,Online,18,599,10782,0,3.3
2025-04-29,Phone Stand,Accessories,Phuket,Online,19,149,2831,0,3.8
2025-03-04,iPhone Case,Accessories,Bangkok,Marketplace,30,1590,47700,2,4.0
2025-09-26,Power Bank,Electronics,Phuket,Online,33,99,3267,3,4.4
2025-06-16,Power Bank,Electronics,Chiang Mai,In-Store,14,349,4886,0,3.0
2025-10-30,USB-C Cable,Accessories,Khon Kaen,In-Store,34,299,10166,3,3.8
2025-11-16,Bluetooth Earbuds,Electronics,Chiang Mai,Online,41,199,8159,2,4.9
2025-11-22,Keyboard Cover,Accessories,Chiang Mai,Marketplace,33,99,3267,2,3.9
2025-10-20,Laptop Bag,Bags,Chiang Mai,In-Store,33,599,19767,0,4.2
2025-08-14,Bluetooth Earbuds,Electronics,Khon Kaen,Marketplace,12,199,2388,0,4.7
2025-12-24,Keyboard Cover,Accessories,Khon Kaen,In-Store,23,890,20470,0,3.7
2025-11-21,Laptop Bag,Bags,Khon Kaen,In-Store,3,890,2670,0,3.4
2025-05-13,Mouse Pad,Accessories,Phuket,Marketplace,35,99,3465,0,3.9
2025-07-06,Screen Protector,Accessories,Pattaya,In-Store,7,1290,9030,0,4.8
2025-01-13,Keyboard Cover,Accessories,Pattaya,Online,20,199,3980,2,3.1
2025-10-26,Phone Stand,Accessories,Khon Kaen,In-Store,42,199,8358,2,4.5
2025-04-08,Bluetooth Earbuds,Electronics,Phuket,Online,49,199,9751,3,3.7
2025-05-30,Screen Protector,Accessories,Chiang Mai,Marketplace,4,349,1396,1,4.1
2025-11-22,USB-C Cable,Accessories,Pattaya,Online,47,890,41830,1,4.2
2025-02-26,Keyboard Cover,Accessories,Chiang Mai,In-Store,24,1290,30960,0,3.7
2025-01-14,USB-C Cable,Accessories,Chiang Mai,Online,7,599,4193,1,4.2
2025-06-22,USB-C Cable,Accessories,Phuket,Marketplace,47,149,7003,0,3.6
2025-02-28,Wireless Charger,Electronics,Chiang Mai,Online,3,599,1797,0,4.8
2025-11-20,iPhone Case,Accessories,Pattaya,In-Store,27,199,5373,2,3.1
2025-11-29,Bluetooth Earbuds,Electronics,Phuket,Marketplace,47,149,7003,3,4.1
2025-12-30,Mouse Pad,Accessories,Khon Kaen,In-Store,5,1590,7950,0,4.8
2025-06-27,Wireless Charger,Electronics,Bangkok,In-Store,35,199,6965,3,4.1
2025-12-02,iPhone Case,Accessories,Pattaya,In-Store,14,299,4186,0,4.9
2025-01-02,USB-C Cable,Accessories,Chiang Mai,Online,49,99,4851,3,4.6
2025-03-19,Bluetooth Earbuds,Electronics,Chiang Mai,Marketplace,44,149,6556,0,3.4
2025-05-13,Screen Protector,Accessories,Chiang Mai,In-Store,34,349,11866,2,4.2
2025-10-23,Keyboard Cover,Accessories,Phuket,In-Store,24,349,8376,0,3.2
2025-01-19,Power Bank,Electronics,Khon Kaen,In-Store,48,99,4752,0,3.9
2025-11-06,Mouse Pad,Accessories,Bangkok,Marketplace,12,149,1788,0,4.9
2025-12-20,iPhone Case,Accessories,Pattaya,In-Store,12,599,7188,1,3.6
2025-10-03,USB-C Cable,Accessories,Bangkok,Marketplace,32,349,11168,1,4.3
2025-03-28,Phone Stand,Accessories,Khon Kaen,In-Store,20,1590,31800,2,4.8
2025-04-25,Mouse Pad,Accessories,Pattaya,In-Store,38,1590,60420,2,4.6
2025-06-19,Power Bank,Electronics,Bangkok,Online,28,99,2772,0,4.9
2025-01-09,USB-C Cable,Accessories,Bangkok,Marketplace,9,1590,14310,1,3.8
2025-10-06,Screen Protector,Accessories,Phuket,Online,17,1590,27030,0,5.0
2025-05-09,Wireless Charger,Electronics,Pattaya,Marketplace,27,1590,42930,2,3.0
2025-06-17,Power Bank,Electronics,Khon Kaen,Online,24,890,21360,0,4.5
2025-01-20,Bluetooth Earbuds,Electronics,Bangkok,In-Store,21,99,2079,0,4.9
2025-08-22,Phone Stand,Accessories,Bangkok,In-Store,41,599,24559,1,3.4
2025-02-04,Screen Protector,Accessories,Khon Kaen,In-Store,36,1290,46440,3,4.1
2025-08-13,USB-C Cable,Accessories,Chiang Mai,Online,10,149,1490,0,4.9
2025-04-20,Bluetooth Earbuds,Electronics,Khon Kaen,Online,47,1590,74730,3,3.1
2025-03-11,iPhone Case,Accessories,Phuket,Online,50,149,7450,0,3.3
2025-10-05,Power Bank,Electronics,Chiang Mai,Online,23,199,4577,2,3.7
2025-11-04,Mouse Pad,Accessories,Khon Kaen,Online,43,1290,55470,0,4.4
2025-01-07,iPhone Case,Accessories,Khon Kaen,Marketplace,13,349,4537,1,3.9
2025-02-27,iPhone Case,Accessories,Pattaya,In-Store,27,149,4023,0,4.2
2025-05-20,Power Bank,Electronics,Khon Kaen,Marketplace,48,299,14352,2,3.3
2025-02-12,Power Bank,Electronics,Bangkok,In-Store,15,299,4485,1,4.9
2025-06-09,Power Bank,Electronics,Chiang Mai,Online,50,599,29950,2,4.2
2025-06-30,USB-C Cable,Accessories,Bangkok,Online,7,99,693,1,4.7
2025-12-28,Laptop Bag,Bags,Chiang Mai,Marketplace,45,599,26955,0,3.8
2025-12-26,Mouse Pad,Accessories,Phuket,Marketplace,45,1290,58050,2,3.2
2025-12-05,Laptop Bag,Bags,Bangkok,Online,3,599,1797,0,4.4
2025-09-19,Power Bank,Electronics,Khon Kaen,Online,34,1590,54060,1,4.9
2025-01-21,Laptop Bag,Bags,Chiang Mai,Marketplace,31,199,6169,3,4.0
2025-05-29,Power Bank,Electronics,Chiang Mai,In-Store,39,149,5811,2,4.7
2025-05-18,Wireless Charger,Electronics,Chiang Mai,Online,1,349,349,0,3.4
2025-04-21,iPhone Case,Accessories,Phuket,Marketplace,28,199,5572,2,3.0
2025-07-17,Bluetooth Earbuds,Electronics,Phuket,Online,29,149,4321,0,4.7
2025-07-06,USB-C Cable,Accessories,Bangkok,In-Store,15,1290,19350,1,3.4
2025-10-25,Power Bank,Electronics,Khon Kaen,In-Store,4,149,596,0,3.3
2025-07-21,Screen Protector,Accessories,Phuket,In-Store,42,890,37380,0,3.2
2025-11-23,Mouse Pad,Accessories,Khon Kaen,Online,21,599,12579,2,4.3
2025-03-30,Screen Protector,Accessories,Khon Kaen,Online,21,99,2079,2,3.3
2025-07-21,Mouse Pad,Accessories,Pattaya,Online,43,199,8557,1,4.2
2025-05-22,Power Bank,Electronics,Khon Kaen,Marketplace,16,599,9584,1,3.9
2025-04-19,Phone Stand,Accessories,Phuket,In-Store,6,149,894,1,4.9
2025-06-15,Wireless Charger,Electronics,Khon Kaen,In-Store,18,199,3582,0,3.6
2025-11-17,USB-C Cable,Accessories,Pattaya,Online,23,349,8027,2,3.7
2025-11-13,USB-C Cable,Accessories,Bangkok,In-Store,1,299,299,1,3.8
2025-10-14,USB-C Cable,Accessories,Phuket,In-Store,45,99,4455,4,3.7
2025-01-29,Laptop Bag,Bags,Pattaya,Marketplace,43,149,6407,4,4.9
2025-03-21,Bluetooth Earbuds,Electronics,Khon Kaen,In-Store,22,199,4378,1,4.4
2025-01-16,Power Bank,Electronics,Khon Kaen,Marketplace,43,349,15007,1,3.2
2025-11-16,Laptop Bag,Bags,Pattaya,In-Store,34,1290,43860,2,4.2
2025-10-17,USB-C Cable,Accessories,Phuket,In-Store,5,890,4450,0,3.7
2025-04-08,Power Bank,Electronics,Phuket,In-Store,30,599,17970,2,3.9
2025-05-04,iPhone Case,Accessories,Pattaya,Marketplace,32,1290,41280,0,3.6
2025-06-20,USB-C Cable,Accessories,Chiang Mai,Marketplace,27,1290,34830,0,3.3
2025-08-31,USB-C Cable,Accessories,Khon Kaen,Marketplace,26,599,15574,0,3.9
2025-11-23,iPhone Case,Accessories,Bangkok,Online,22,599,13178,2,3.8
2025-12-05,USB-C Cable,Accessories,Chiang Mai,In-Store,42,349,14658,0,3.8
2025-03-30,Mouse Pad,Accessories,Bangkok,Online,3,1590,4770,0,3.7
2025-05-08,Screen Protector,Accessories,Chiang Mai,Marketplace,17,199,3383,1,4.2
2025-06-28,Power Bank,Electronics,Phuket,Online,7,299,2093,0,3.3
2025-07-09,USB-C Cable,Accessories,Chiang Mai,Marketplace,29,1590,46110,1,4.3
2025-04-14,Mouse Pad,Accessories,Bangkok,In-Store,17,199,3383,0,3.2
2025-11-08,Mouse Pad,Accessories,Khon Kaen,In-Store,10,299,2990,0,4.5
2025-02-01,Power Bank,Electronics,Phuket,Online,13,890,11570,0,4.8
2025-01-13,USB-C Cable,Accessories,Bangkok,Marketplace,33,1290,42570,0,3.4
2025-03-05,Power Bank,Electronics,Bangkok,Online,22,149,3278,2,3.2
2025-07-27,USB-C Cable,Accessories,Phuket,In-Store,39,199,7761,2,3.4
2025-04-11,Phone Stand,Accessories,Pattaya,Online,37,1590,58830,0,4.9
2025-03-17,iPhone Case,Accessories,Khon Kaen,In-Store,38,99,3762,2,4.7
2025-07-04,Mouse Pad,Accessories,Bangkok,In-Store,24,99,2376,1,4.4
2025-05-17,Keyboard Cover,Accessories,Chiang Mai,In-Store,14,599,8386,1,4.7
2025-01-08,Bluetooth Earbuds,Electronics,Chiang Mai,Online,45,199,8955,0,4.9
2025-11-03,Bluetooth Earbuds,Electronics,Chiang Mai,Online,28,299,8372,0,3.0
2025-09-01,Mouse Pad,Accessories,Pattaya,In-Store,37,299,11063,1,4.6
2025-11-21,Phone Stand,Accessories,Khon Kaen,Marketplace,41,349,14309,1,3.9
2025-01-08,Laptop Bag,Bags,Chiang Mai,Online,32,349,11168,1,4.1
2025-11-03,Wireless Charger,Electronics,Phuket,Online,26,99,2574,0,4.9
2025-08-27,USB-C Cable,Accessories,Khon Kaen,Marketplace,6,890,5340,0,4.5
2025-11-19,Wireless Charger,Electronics,Bangkok,In-Store,7,1290,9030,0,4.4
2025-11-03,Phone Stand,Accessories,Phuket,In-Store,9,199,1791,0,3.7
2025-12-27,USB-C Cable,Accessories,Pattaya,Marketplace,17,149,2533,1,3.8
2025-03-31,Power Bank,Electronics,Bangkok,In-Store,16,1590,25440,0,3.4
2025-04-18,Wireless Charger,Electronics,Phuket,Online,36,599,21564,0,3.3
2025-03-19,Mouse Pad,Accessories,Pattaya,Online,8,149,1192,0,3.0
2025-10-28,iPhone Case,Accessories,Khon Kaen,In-Store,23,599,13777,0,4.3
2025-11-09,Bluetooth Earbuds,Electronics,Phuket,Marketplace,5,890,4450,1,3.8
2025-06-24,Phone Stand,Accessories,Phuket,Marketplace,26,890,23140,2,4.6
2025-01-21,Screen Protector,Accessories,Phuket,Marketplace,44,1290,56760,2,4.9
2025-07-07,Screen Protector,Accessories,Phuket,Marketplace,8,890,7120,1,3.3
2025-11-03,Phone Stand,Accessories,Phuket,Marketplace,15,99,1485,1,3.8
2025-01-01,Screen Protector,Accessories,Phuket,Marketplace,3,199,597,1,3.3
2025-07-01,Phone Stand,Accessories,Khon Kaen,Online,38,890,33820,0,4.3
2025-06-30,Keyboard Cover,Accessories,Phuket,Online,17,599,10183,1,5.0
2025-12-04,Laptop Bag,Bags,Chiang Mai,Online,11,1290,14190,0,4.4
2025-03-05,Phone Stand,Accessories,Pattaya,In-Store,47,99,4653,2,3.5
2025-11-07,Mouse Pad,Accessories,Phuket,Online,47,199,9353,0,3.3
2025-05-28,USB-C Cable,Accessories,Chiang Mai,Marketplace,46,1290,59340,2,3.8
2025-05-22,Mouse Pad,Accessories,Phuket,Marketplace,38,199,7562,0,4.4
2025-11-26,Phone Stand,Accessories,Pattaya,In-Store,45,890,40050,0,4.9
2025-08-16,Mouse Pad,Accessories,Pattaya,In-Store,33,599,19767,0,4.4
2025-05-27,Mouse Pad,Accessories,Bangkok,Online,24,349,8376,2,3.8
2025-12-11,Mouse Pad,Accessories,Phuket,Marketplace,15,299,4485,0,3.5
2025-04-28,Keyboard Cover,Accessories,Bangkok,Marketplace,16,1590,25440,0,3.6
2025-08-26,Power Bank,Electronics,Pattaya,Online,9,599,5391,1,3.4
2025-09-23,Power Bank,Electronics,Phuket,Marketplace,9,1290,11610,0,3.1
2025-03-07,Laptop Bag,Bags,Khon Kaen,Marketplace,12,890,10680,0,3.1
2025-02-09,Phone Stand,Accessories,Pattaya,Online,26,99,2574,0,4.3
2025-05-22,Power Bank,Electronics,Pattaya,Online,9,1590,14310,0,4.7
2025-01-30,Mouse Pad,Accessories,Chiang Mai,Marketplace,44,99,4356,2,4.7
2025-12-16,Wireless Charger,Electronics,Pattaya,Online,35,149,5215,2,4.1
2025-10-21,Power Bank,Electronics,Chiang Mai,Online,41,199,8159,4,4.5
2025-12-16,Power Bank,Electronics,Khon Kaen,Marketplace,40,149,5960,4,3.8
2025-03-15,Screen Protector,Accessories,Pattaya,Marketplace,47,99,4653,1,4.1
2025-02-24,iPhone Case,Accessories,Bangkok,In-Store,24,149,3576,1,3.6
2025-07-04,Bluetooth Earbuds,Electronics,Bangkok,In-Store,49,299,14651,2,4.6
2025-03-28,USB-C Cable,Accessories,Bangkok,In-Store,47,149,7003,0,4.3
2025-09-06,iPhone Case,Accessories,Bangkok,Marketplace,39,299,11661,0,4.3
2025-12-20,Phone Stand,Accessories,Chiang Mai,In-Store,15,1590,23850,0,4.4
2025-10-01,iPhone Case,Accessories,Chiang Mai,Marketplace,12,349,4188,0,3.5
2025-05-10,USB-C Cable,Accessories,Chiang Mai,Online,43,199,8557,0,4.6
2025-07-24,Wireless Charger,Electronics,Khon Kaen,Marketplace,12,599,7188,1,4.9
2025-06-26,Screen Protector,Accessories,Khon Kaen,In-Store,22,199,4378,0,4.9
2025-09-05,Wireless Charger,Electronics,Bangkok,In-Store,8,149,1192,0,4.7
2025-07-21,Keyboard Cover,Accessories,Bangkok,Online,10,149,1490,1,4.0
2025-11-17,Screen Protector,Accessories,Chiang Mai,Marketplace,31,99,3069,1,4.5
2025-10-09,iPhone Case,Accessories,Bangkok,Online,11,599,6589,0,3.4
2025-05-12,Laptop Bag,Bags,Khon Kaen,In-Store,21,149,3129,0,3.8
2025-03-01,Power Bank,Electronics,Bangkok,Online,45,890,40050,4,4.8
2025-12-14,Screen Protector,Accessories,Chiang Mai,In-Store,33,99,3267,1,3.7
2025-08-31,Screen Protector,Accessories,Chiang Mai,Marketplace,37,349,12913,3,4.3
2025-01-29,USB-C Cable,Accessories,Bangkok,Online,32,1590,50880,0,4.8
2025-08-23,Laptop Bag,Bags,Khon Kaen,Marketplace,34,599,20366,2,4.0
2025-12-23,iPhone Case,Accessories,Phuket,Online,1,149,149,0,4.0
2025-08-02,Screen Protector,Accessories,Pattaya,In-Store,16,1590,25440,0,3.2
2025-10-24,Bluetooth Earbuds,Electronics,Bangkok,In-Store,44,99,4356,2,4.9
2025-12-09,Screen Protector,Accessories,Pattaya,Online,38,99,3762,1,3.3
2025-04-01,Bluetooth Earbuds,Electronics,Phuket,Online,7,1290,9030,1,3.0
2025-12-11,Phone Stand,Accessories,Pattaya,Online,39,299,11661,2,4.2
2025-08-15,Keyboard Cover,Accessories,Khon Kaen,In-Store,19,199,3781,0,4.1
2025-03-13,Mouse Pad,Accessories,Chiang Mai,In-Store,12,1590,19080,1,3.2
2025-03-19,Power Bank,Electronics,Bangkok,Online,34,199,6766,0,3.4
2025-05-13,Phone Stand,Accessories,Chiang Mai,Marketplace,28,890,24920,0,3.1
2025-04-02,Laptop Bag,Bags,Phuket,Online,49,599,29351,2,3.5
2025-02-19,Bluetooth Earbuds,Electronics,Chiang Mai,In-Store,18,149,2682,1,3.2
2025-05-09,Screen Protector,Accessories,Pattaya,In-Store,34,1290,43860,0,3.2
2025-06-20,Power Bank,Electronics,Pattaya,In-Store,19,149,2831,1,3.7
2025-12-06,Mouse Pad,Accessories,Khon Kaen,Marketplace,43,1590,68370,4,4.3
2025-10-05,Wireless Charger,Electronics,Pattaya,In-Store,44,1290,56760,2,4.5
2025-02-18,Screen Protector,Accessories,Chiang Mai,Online,37,599,22163,2,4.0
2025-10-13,Power Bank,Electronics,Phuket,In-Store,29,1590,46110,1,3.6
2025-04-19,Wireless Charger,Electronics,Chiang Mai,Online,3,99,297,1,3.8
2025-06-08,Wireless Charger,Electronics,Chiang Mai,In-Store,4,1590,6360,1,4.6
2025-02-04,Mouse Pad,Accessories,Khon Kaen,Marketplace,36,149,5364,1,4.2
2025-01-03,Wireless Charger,Electronics,Pattaya,Online,13,199,2587,1,3.9
2025-03-20,Screen Protector,Accessories,Phuket,Online,31,199,6169,1,4.6
2025-10-22,iPhone Case,Accessories,Pattaya,In-Store,20,149,2980,1,4.9
2025-06-28,Power Bank,Electronics,Khon Kaen,Online,40,890,35600,1,4.2
2025-06-15,Power Bank,Electronics,Bangkok,Marketplace,9,349,3141,0,3.3
2025-10-23,Phone Stand,Accessories,Khon Kaen,Online,10,599,5990,1,4.2
2025-03-27,Wireless Charger,Electronics,Chiang Mai,Online,29,890,25810,1,4.0
2025-11-11,Bluetooth Earbuds,Electronics,Khon Kaen,In-Store,46,99,4554,0,3.0
2025-08-09,Laptop Bag,Bags,Pattaya,In-Store,43,149,6407,4,4.0
2025-11-11,Screen Protector,Accessories,Phuket,In-Store,17,1290,21930,0,3.8
2025-12-05,Keyboard Cover,Accessories,Chiang Mai,In-Store,13,1290,16770,1,3.2
2025-02-07,Laptop Bag,Bags,Bangkok,Marketplace,9,149,1341,1,4.6
2025-08-26,Wireless Charger,Electronics,Pattaya,Online,37,149,5513,3,4.5
2025-05-04,Wireless Charger,Electronics,Bangkok,Online,26,299,7774,1,3.1
2025-07-14,Bluetooth Earbuds,Electronics,Khon Kaen,Marketplace,17,149,2533,1,3.7
2025-04-15,iPhone Case,Accessories,Phuket,Online,13,599,7787,1,4.7
2025-12-25,Laptop Bag,Bags,Phuket,Marketplace,14,349,4886,0,4.7
2025-11-23,Screen Protector,Accessories,Chiang Mai,In-Store,3,1590,4770,0,4.4
2025-01-11,Screen Protector,Accessories,Phuket,In-Store,3,1590,4770,0,4.7
2025-06-23,Power Bank,Electronics,Pattaya,In-Store,30,199,5970,2,3.7
2025-04-16,Screen Protector,Accessories,Khon Kaen,In-Store,31,599,18569,0,4.3
2025-01-28,Keyboard Cover,Accessories,Phuket,Online,30,599,17970,0,3.4
2025-09-11,Phone Stand,Accessories,Pattaya,Online,16,299,4784,1,4.1
2025-06-13,Laptop Bag,Bags,Chiang Mai,In-Store,19,599,11381,1,3.3
2025-09-11,Laptop Bag,Bags,Pattaya,Online,2,99,198,0,3.9
2025-12-24,Bluetooth Earbuds,Electronics,Khon Kaen,In-Store,8,149,1192,0,4.0
2025-07-28,Keyboard Cover,Accessories,Phuket,Marketplace,26,890,23140,2,3.6
2025-12-24,Power Bank,Electronics,Phuket,Online,25,99,2475,0,4.9
2025-03-26,Screen Protector,Accessories,Pattaya,In-Store,19,149,2831,0,4.6
2025-08-12,USB-C Cable,Accessories,Bangkok,Marketplace,47,299,14053,3,3.7
2025-10-09,Wireless Charger,Electronics,Phuket,Marketplace,40,149,5960,4,4.4
2025-01-09,Power Bank,Electronics,Phuket,Online,44,890,39160,1,4.2
2025-03-03,Mouse Pad,Accessories,Pattaya,In-Store,33,890,29370,3,4.3
2025-08-24,USB-C Cable,Accessories,Bangkok,In-Store,28,599,16772,1,3.1
2025-03-10,iPhone Case,Accessories,Phuket,In-Store,6,199,1194,0,3.8
2025-12-07,Power Bank,Electronics,Pattaya,Marketplace,43,199,8557,0,3.2
2025-12-19,Wireless Charger,Electronics,Phuket,Online,44,1290,56760,4,4.0
2025-02-13,Screen Protector,Accessories,Pattaya,Online,22,199,4378,2,4.0
2025-05-25,iPhone Case,Accessories,Pattaya,Online,47,99,4653,3,3.3
2025-11-27,USB-C Cable,Accessories,Pattaya,Online,17,99,1683,1,3.2
2025-08-24,Phone Stand,Accessories,Chiang Mai,In-Store,27,299,8073,1,4.7
2025-03-30,Wireless Charger,Electronics,Pattaya,Marketplace,7,890,6230,1,4.3
2025-09-25,Screen Protector,Accessories,Chiang Mai,Online,28,99,2772,1,4.3
2025-06-20,iPhone Case,Accessories,Bangkok,Online,50,149,7450,0,4.1
2025-08-02,iPhone Case,Accessories,Phuket,Marketplace,25,890,22250,0,4.7
2025-09-17,Mouse Pad,Accessories,Bangkok,Marketplace,23,99,2277,0,4.8
2025-08-01,Screen Protector,Accessories,Bangkok,Marketplace,3,299,897,0,3.8
2025-01-25,Keyboard Cover,Accessories,Pattaya,In-Store,48,349,16752,2,4.0
2025-03-10,Screen Protector,Accessories,Phuket,In-Store,12,349,4188,1,3.5
2025-12-06,Screen Protector,Accessories,Bangkok,Online,24,349,8376,0,4.4
2025-10-18,Laptop Bag,Bags,Bangkok,In-Store,27,349,9423,0,4.2
2025-09-25,Laptop Bag,Bags,Chiang Mai,In-Store,3,299,897,0,3.3
2025-01-05,Power Bank,Electronics,Khon Kaen,In-Store,3,149,447,0,4.5
2025-07-16,Power Bank,Electronics,Bangkok,Marketplace,4,199,796,1,4.8
2025-08-17,Keyboard Cover,Accessories,Chiang Mai,Marketplace,14,99,1386,1,4.5
2025-08-15,iPhone Case,Accessories,Pattaya,In-Store,2,349,698,1,3.7
2025-10-23,Power Bank,Electronics,Bangkok,Online,5,149,745,0,3.3
2025-04-10,Bluetooth Earbuds,Electronics,Chiang Mai,In-Store,18,599,10782,1,5.0
2025-11-29,Wireless Charger,Electronics,Chiang Mai,In-Store,35,890,31150,0,3.2
2025-02-05,Wireless Charger,Electronics,Phuket,In-Store,50,99,4950,4,3.8
2025-10-31,USB-C Cable,Accessories,Chiang Mai,In-Store,11,349,3839,1,3.3
2025-12-08,Laptop Bag,Bags,Pattaya,Online,47,1590,74730,0,4.3
2025-09-16,Laptop Bag,Bags,Pattaya,In-Store,23,599,13777,0,4.8
2025-04-08,Keyboard Cover,Accessories,Pattaya,In-Store,12,1290,15480,1,3.1
2025-04-24,Phone Stand,Accessories,Khon Kaen,Marketplace,37,349,12913,0,3.8
2025-05-19,Power Bank,Electronics,Chiang Mai,Marketplace,1,199,199,0,4.7
2025-01-11,Bluetooth Earbuds,Electronics,Phuket,Marketplace,17,349,5933,0,5.0
2025-05-09,Phone Stand,Accessories,Bangkok,Online,47,199,9353,4,4.6
2025-02-23,iPhone Case,Accessories,Khon Kaen,Online,26,349,9074,0,4.4
2025-06-22,Mouse Pad,Accessories,Pattaya,Marketplace,13,349,4537,1,4.6
2025-06-19,Wireless Charger,Electronics,Khon Kaen,Online,42,149,6258,2,4.4
2025-05-15,Power Bank,Electronics,Phuket,Online,36,349,12564,0,4.5
2025-09-17,Screen Protector,Accessories,Bangkok,In-Store,15,599,8985,0,4.6
2025-01-08,Mouse Pad,Accessories,Pattaya,Online,15,599,8985,0,4.3
2025-11-10,Mouse Pad,Accessories,Bangkok,In-Store,13,599,7787,1,3.1
2025-02-07,Power Bank,Electronics,Pattaya,Marketplace,1,349,349,0,4.4
2025-03-24,Mouse Pad,Accessories,Chiang Mai,Online,22,1290,28380,2,5.0
2025-11-14,Laptop Bag,Bags,Khon Kaen,Marketplace,37,599,22163,1,4.8
2025-04-16,USB-C Cable,Accessories,Chiang Mai,Marketplace,21,349,7329,1,4.6
2025-02-19,Laptop Bag,Bags,Phuket,Online,19,299,5681,1,4.3
2025-01-13,Bluetooth Earbuds,Electronics,Pattaya,In-Store,2,890,1780,1,3.2
2025-10-16,Phone Stand,Accessories,Chiang Mai,Marketplace,19,199,3781,1,3.1
2025-03-18,Mouse Pad,Accessories,Pattaya,Online,44,599,26356,4,3.0
2025-11-05,iPhone Case,Accessories,Pattaya,Marketplace,49,299,14651,2,5.0
2025-10-16,Mouse Pad,Accessories,Pattaya,Online,18,199,3582,1,3.5
2025-08-02,Screen Protector,Accessories,Pattaya,Marketplace,11,99,1089,1,4.8
2025-04-27,Laptop Bag,Bags,Phuket,Online,5,199,995,0,3.7
2025-03-22,Keyboard Cover,Accessories,Chiang Mai,Online,13,1290,16770,1,4.8
2025-02-21,Power Bank,Electronics,Khon Kaen,Online,28,1590,44520,2,3.2
2025-06-26,Keyboard Cover,Accessories,Phuket,Online,10,349,3490,1,5.0
2025-03-03,Power Bank,Electronics,Chiang Mai,Marketplace,48,1590,76320,2,4.1
2025-04-07,Screen Protector,Accessories,Bangkok,Online,5,349,1745,1,3.7
2025-07-25,USB-C Cable,Accessories,Khon Kaen,Online,33,299,9867,0,3.6
2025-04-27,Laptop Bag,Bags,Pattaya,Online,27,1590,42930,0,3.9
2025-08-05,Laptop Bag,Bags,Bangkok,Online,6,299,1794,0,3.5
2025-08-23,Laptop Bag,Bags,Chiang Mai,In-Store,28,99,2772,0,3.4
2025-06-30,iPhone Case,Accessories,Pattaya,In-Store,25,99,2475,2,4.9
2025-06-13,USB-C Cable,Accessories,Phuket,Online,45,599,26955,4,4.0
2025-09-01,Screen Protector,Accessories,Khon Kaen,In-Store,47,99,4653,2,4.7
2025-03-12,iPhone Case,Accessories,Khon Kaen,Marketplace,15,99,1485,0,3.0
2025-12-17,Wireless Charger,Electronics,Chiang Mai,Marketplace,31,890,27590,3,4.4
2025-05-28,Laptop Bag,Bags,Khon Kaen,Online,9,149,1341,0,3.8
2025-06-03,Mouse Pad,Accessories,Bangkok,Marketplace,22,1590,34980,1,4.1
2025-04-29,Power Bank,Electronics,Phuket,Marketplace,20,349,6980,2,3.2
2025-07-11,Phone Stand,Accessories,Bangkok,Marketplace,39,149,5811,3,3.1
2025-11-14,Wireless Charger,Electronics,Phuket,In-Store,3,890,2670,1,4.2
2025-05-09,Power Bank,Electronics,Pattaya,Marketplace,35,1590,55650,3,4.0
2025-04-02,Phone Stand,Accessories,Chiang Mai,Marketplace,43,349,15007,0,3.1
2025-02-27,Screen Protector,Accessories,Phuket,Online,42,890,37380,0,4.0
2025-12-22,Bluetooth Earbuds,Electronics,Chiang Mai,In-Store,4,890,3560,0,4.2
2025-08-22,iPhone Case,Accessories,Phuket,Marketplace,20,890,17800,1,4.4
2025-02-26,Wireless Charger,Electronics,Bangkok,Marketplace,9,1290,11610,1,4.9
2025-08-09,USB-C Cable,Accessories,Khon Kaen,Marketplace,11,199,2189,0,4.3
2025-02-04,Power Bank,Electronics,Pattaya,In-Store,46,1590,73140,3,4.1
2025-10-19,Keyboard Cover,Accessories,Pattaya,In-Store,13,349,4537,1,4.3
2025-03-16,USB-C Cable,Accessories,Pattaya,Online,4,199,796,1,3.0
2025-01-10,Screen Protector,Accessories,Phuket,In-Store,12,199,2388,1,3.0
2025-10-23,Wireless Charger,Electronics,Chiang Mai,In-Store,27,1590,42930,0,3.2
2025-11-12,Wireless Charger,Electronics,Pattaya,In-Store,36,349,12564,0,3.1
2025-09-20,Phone Stand,Accessories,Khon Kaen,In-Store,20,299,5980,1,3.1
2025-08-16,Screen Protector,Accessories,Pattaya,Marketplace,14,149,2086,1,3.3
2025-01-20,Laptop Bag,Bags,Pattaya,In-Store,2,890,1780,0,3.2
2025-01-19,Laptop Bag,Bags,Chiang Mai,Online,25,99,2475,2,4.9
2025-05-10,Phone Stand,Accessories,Khon Kaen,Online,12,99,1188,0,4.8
2025-08-01,Power Bank,Electronics,Phuket,Marketplace,30,349,10470,3,4.8
2025-12-26,iPhone Case,Accessories,Phuket,In-Store,50,99,4950,0,3.8
2025-05-02,USB-C Cable,Accessories,Khon Kaen,Marketplace,48,299,14352,0,3.7
2025-12-11,Power Bank,Electronics,Bangkok,In-Store,44,299,13156,0,3.6
2025-09-23,Screen Protector,Accessories,Chiang Mai,Marketplace,22,349,7678,2,3.1
2025-02-05,USB-C Cable,Accessories,Chiang Mai,Online,21,299,6279,2,3.8
2025-07-13,Mouse Pad,Accessories,Khon Kaen,Marketplace,42,599,25158,2,3.7
2025-11-13,Power Bank,Electronics,Chiang Mai,In-Store,8,1590,12720,0,3.4
2025-06-07,Bluetooth Earbuds,Electronics,Phuket,Online,14,149,2086,1,4.7
2025-06-02,Screen Protector,Accessories,Khon Kaen,Online,7,1290,9030,0,4.9
2025-07-11,Mouse Pad,Accessories,Phuket,Marketplace,11,890,9790,0,5.0
2025-05-27,Laptop Bag,Bags,Bangkok,Online,2,299,598,0,3.8
2025-09-22,Mouse Pad,Accessories,Chiang Mai,Online,40,599,23960,0,4.7
2025-05-30,Wireless Charger,Electronics,Pattaya,Online,22,599,13178,2,3.4
2025-02-05,Wireless Charger,Electronics,Chiang Mai,In-Store,23,1590,36570,1,3.3
2025-11-08,Phone Stand,Accessories,Pattaya,Marketplace,45,299,13455,2,4.9
2025-06-12,Keyboard Cover,Accessories,Phuket,Online,16,349,5584,0,4.6
2025-06-14,Power Bank,Electronics,Chiang Mai,In-Store,45,299,13455,2,3.4
2025-07-20,Wireless Charger,Electronics,Bangkok,Marketplace,32,99,3168,3,4.3
2025-03-22,Mouse Pad,Accessories,Phuket,Marketplace,12,199,2388,0,4.1
2025-12-13,Screen Protector,Accessories,Bangkok,Marketplace,34,1290,43860,1,3.7
2025-06-11,Keyboard Cover,Accessories,Khon Kaen,Online,40,299,11960,4,4.7
2025-08-13,Screen Protector,Accessories,Phuket,Online,9,349,3141,1,4.9
2025-09-07,Mouse Pad,Accessories,Phuket,In-Store,36,1290,46440,3,4.6
2025-10-15,Keyboard Cover,Accessories,Bangkok,Marketplace,30,149,4470,1,3.2
2025-12-27,Laptop Bag,Bags,Khon Kaen,In-Store,4,349,1396,0,5.0
2025-12-23,Laptop Bag,Bags,Phuket,Online,41,599,24559,2,4.3
2025-03-01,Power Bank,Electronics,Phuket,Marketplace,42,1290,54180,3,3.9
2025-11-17,iPhone Case,Accessories,Khon Kaen,In-Store,5,299,1495,1,3.5
2025-10-03,Wireless Charger,Electronics,Khon Kaen,Marketplace,19,890,16910,1,4.0
2025-05-04,Mouse Pad,Accessories,Pattaya,Online,3,149,447,1,4.6
2025-01-25,iPhone Case,Accessories,Khon Kaen,Marketplace,18,1590,28620,1,4.0
2025-05-31,Phone Stand,Accessories,Phuket,In-Store,25,299,7475,2,3.0
2025-08-09,Bluetooth Earbuds,Electronics,Phuket,In-Store,5,599,2995,1,3.1
2025-06-24,Mouse Pad,Accessories,Chiang Mai,Online,20,1290,25800,2,4.2
2025-02-27,iPhone Case,Accessories,Phuket,In-Store,18,149,2682,0,4.2
2025-03-23,Bluetooth Earbuds,Electronics,Chiang Mai,Marketplace,31,299,9269,3,4.7
2025-07-06,Power Bank,Electronics,Bangkok,Online,6,99,594,0,4.1
2025-05-28,Laptop Bag,Bags,Khon Kaen,Marketplace,9,1290,11610,0,4.5
2025-05-11,Mouse Pad,Accessories,Phuket,Online,47,149,7003,0,4.2
2025-05-12,Keyboard Cover,Accessories,Khon Kaen,Online,4,890,3560,1,4.8
2025-12-05,Power Bank,Electronics,Chiang Mai,Marketplace,36,149,5364,1,4.6
2025-11-14,Screen Protector,Accessories,Chiang Mai,Marketplace,4,890,3560,0,4.6
2025-03-07,Keyboard Cover,Accessories,Chiang Mai,In-Store,36,149,5364,0,3.9
2025-10-06,Screen Protector,Accessories,Bangkok,Online,39,149,5811,0,3.7
2025-01-23,Mouse Pad,Accessories,Phuket,In-Store,1,99,99,1,4.7
2025-12-22,Wireless Charger,Electronics,Khon Kaen,Online,6,1290,7740,1,4.2
2025-08-18,Laptop Bag,Bags,Khon Kaen,In-Store,4,1590,6360,1,3.8
2025-12-13,iPhone Case,Accessories,Khon Kaen,Online,38,599,22762,1,4.4
2025-02-11,Wireless Charger,Electronics,Phuket,In-Store,1,149,149,1,4.5
2025-03-04,Phone Stand,Accessories,Bangkok,Marketplace,45,599,26955,0,4.2
2025-09-05,Keyboard Cover,Accessories,Pattaya,In-Store,32,1290,41280,0,4.7
2025-07-08,Keyboard Cover,Accessories,Khon Kaen,Marketplace,11,890,9790,1,3.3
2025-04-30,Phone Stand,Accessories,Chiang Mai,Online,47,599,28153,4,3.8
2025-01-29,Laptop Bag,Bags,Phuket,Marketplace,28,1590,44520,0,4.2
2025-09-12,iPhone Case,Accessories,Khon Kaen,Marketplace,34,890,30260,2,4.8
2025-11-19,USB-C Cable,Accessories,Chiang Mai,Online,30,1590,47700,1,3.6
2025-06-17,Laptop Bag,Bags,Bangkok,Online,3,1590,4770,0,4.7
2025-09-27,USB-C Cable,Accessories,Phuket,Marketplace,33,599,19767,1,4.0
2025-12-25,iPhone Case,Accessories,Bangkok,Online,21,349,7329,2,4.8
2025-08-18,Laptop Bag,Bags,Khon Kaen,Marketplace,15,349,5235,1,3.0
2025-10-06,USB-C Cable,Accessories,Chiang Mai,In-Store,40,890,35600,3,4.7
2025-12-13,Bluetooth Earbuds,Electronics,Chiang Mai,Online,21,99,2079,2,3.4
2025-01-08,Laptop Bag,Bags,Pattaya,Marketplace,1,199,199,0,4.3
2025-05-22,Bluetooth Earbuds,Electronics,Chiang Mai,In-Store,31,599,18569,0,3.1
2025-03-22,Screen Protector,Accessories,Pattaya,Marketplace,20,199,3980,2,4.9
2025-05-25,Phone Stand,Accessories,Phuket,Marketplace,23,890,20470,1,4.2
2025-07-14,Wireless Charger,Electronics,Khon Kaen,Marketplace,6,890,5340,0,3.4
2025-03-11,Laptop Bag,Bags,Pattaya,In-Store,5,1290,6450,0,4.6
2025-03-13,Mouse Pad,Accessories,Phuket,In-Store,2,299,598,0,4.8
2025-04-29,USB-C Cable,Accessories,Chiang Mai,Marketplace,36,349,12564,3,4.8
2025-10-09,Laptop Bag,Bags,Khon Kaen,Marketplace,46,599,27554,0,3.3
2025-10-10,Wireless Charger,Electronics,Bangkok,Marketplace,13,349,4537,0,3.3
2025-05-20,Wireless Charger,Electronics,Pattaya,In-Store,2,890,1780,0,4.4
2025-02-13,Wireless Charger,Electronics,Pattaya,In-Store,5,99,495,1,4.9
2025-08-02,Phone Stand,Accessories,Phuket,In-Store,46,99,4554,4,3.4
2025-10-23,Power Bank,Electronics,Bangkok,In-Store,37,199,7363,2,4.4
2025-12-24,Power Bank,Electronics,Bangkok,Online,49,199,9751,3,3.5
2025-06-07,Wireless Charger,Electronics,Bangkok,In-Store,33,1590,52470,3,3.2
2025-05-17,Power Bank,Electronics,Phuket,Online,34,349,11866,0,4.0
2025-09-18,Phone Stand,Accessories,Bangkok,Online,25,1290,32250,0,3.5
2025-08-14,USB-C Cable,Accessories,Khon Kaen,In-Store,17,599,10183,0,4.7
2025-09-08,Bluetooth Earbuds,Electronics,Pattaya,Marketplace,7,149,1043,0,3.1
2025-01-16,USB-C Cable,Accessories,Pattaya,Online,12,199,2388,1,3.8
2025-08-26,USB-C Cable,Accessories,Chiang Mai,Online,39,199,7761,3,3.8
2025-08-16,Wireless Charger,Electronics,Chiang Mai,Online,31,599,18569,1,4.7
2025-07-04,Mouse Pad,Accessories,Chiang Mai,Online,50,1290,64500,1,4.9
2025-05-07,Keyboard Cover,Accessories,Bangkok,Online,16,299,4784,1,3.1
2025-02-09,iPhone Case,Accessories,Khon Kaen,Marketplace,29,1290,37410,1,4.9
2025-11-20,Laptop Bag,Bags,Khon Kaen,In-Store,15,199,2985,1,3.5
2025-12-29,Bluetooth Earbuds,Electronics,Pattaya,In-Store,1,1290,1290,0,3.5
2025-06-10,iPhone Case,Accessories,Chiang Mai,Marketplace,31,299,9269,0,3.8
2025-01-10,Bluetooth Earbuds,Electronics,Phuket,Marketplace,17,1290,21930,0,3.1
2025-03-22,Bluetooth Earbuds,Electronics,Bangkok,In-Store,29,1590,46110,0,3.9
2025-10-10,Bluetooth Earbuds,Electronics,Chiang Mai,Marketplace,16,99,1584,1,3.5
2025-02-12,Screen Protector,Accessories,Pattaya,In-Store,36,99,3564,2,4.3
2025-08-09,Phone Stand,Accessories,Khon Kaen,Online,49,890,43610,0,3.5
2025-10-29,Mouse Pad,Accessories,Phuket,Online,5,199,995,1,3.6
2025-07-10,USB-C Cable,Accessories,Pattaya,Marketplace,37,299,11063,3,4.9
2025-07-28,USB-C Cable,Accessories,Phuket,In-Store,10,1290,12900,1,3.3
2025-05-26,Mouse Pad,Accessories,Pattaya,In-Store,18,1290,23220,1,4.0
2025-11-05,Wireless Charger,Electronics,Bangkok,Online,30,599,17970,0,3.5
2025-03-22,USB-C Cable,Accessories,Bangkok,Marketplace,18,99,1782,0,5.0
2025-10-06,Power Bank,Electronics,Pattaya,Marketplace,20,599,11980,0,4.3
2025-06-06,Bluetooth Earbuds,Electronics,Bangkok,In-Store,13,149,1937,1,3.5
2025-09-01,Laptop Bag,Bags,Pattaya,Marketplace,21,149,3129,0,4.2
2025-03-19,Phone Stand,Accessories,Khon Kaen,Online,19,1590,30210,0,4.5
2025-12-11,Mouse Pad,Accessories,Pattaya,Online,2,1290,2580,0,4.5
2025-11-06,Phone Stand,Accessories,Khon Kaen,Online,43,149,6407,1,4.4
2025-07-03,USB-C Cable,Accessories,Khon Kaen,Online,31,1290,39990,1,4.2
2025-05-04,Keyboard Cover,Accessories,Pattaya,Marketplace,26,149,3874,1,4.3
2025-08-18,Laptop Bag,Bags,Phuket,Online,49,99,4851,0,3.8
2025-01-22,iPhone Case,Accessories,Chiang Mai,Online,49,199,9751,4,3.3
2025-10-16,USB-C Cable,Accessories,Phuket,Marketplace,36,199,7164,3,4.8
2025-08-07,Phone Stand,Accessories,Bangkok,In-Store,47,299,14053,3,3.5
2025-09-21,Mouse Pad,Accessories,Pattaya,Marketplace,45,349,15705,0,3.8
2025-08-05,Phone Stand,Accessories,Phuket,Online,15,1290,19350,0,4.9
2025-09-20,Power Bank,Electronics,Khon Kaen,Online,6,299,1794,1,4.7
2025-03-03,Screen Protector,Accessories,Phuket,In-Store,31,99,3069,3,4.4
2025-05-14,Phone Stand,Accessories,Chiang Mai,In-Store,22,1590,34980,0,3.0
2025-06-26,Wireless Charger,Electronics,Phuket,In-Store,41,1590,65190,0,3.3
2025-06-26,Phone Stand,Accessories,Pattaya,Marketplace,11,890,9790,0,4.4
2025-01-31,Bluetooth Earbuds,Electronics,Khon Kaen,Online,29,1290,37410,2,3.6
2025-08-22,Mouse Pad,Accessories,Chiang Mai,Online,8,299,2392,0,3.6
2025-03-14,USB-C Cable,Accessories,Chiang Mai,In-Store,22,299,6578,2,3.4
2025-11-21,Phone Stand,Accessories,Pattaya,Online,10,99,990,0,4.1
2025-03-23,Power Bank,Electronics,Chiang Mai,Marketplace,46,99,4554,2,4.7
2025-02-14,Keyboard Cover,Accessories,Chiang Mai,Online,36,890,32040,1,4.4
2025-06-13,USB-C Cable,Accessories,Chiang Mai,Marketplace,38,890,33820,1,4.9
2025-11-29,iPhone Case,Accessories,Bangkok,Online,39,890,34710,3,3.2
2025-04-29,Bluetooth Earbuds,Electronics,Khon Kaen,Online,8,299,2392,1,3.4
2025-03-08,Bluetooth Earbuds,Electronics,Khon Kaen,Marketplace,10,149,1490,1,3.4
2025-01-26,Wireless Charger,Electronics,Phuket,Marketplace,19,299,5681,0,3.6
2025-12-22,Wireless Charger,Electronics,Phuket,Online,33,99,3267,3,4.3
2025-02-08,Phone Stand,Accessories,Chiang Mai,Marketplace,41,99,4059,3,3.7
2025-06-24,Power Bank,Electronics,Pattaya,In-Store,1,599,599,1,3.3
2025-07-06,USB-C Cable,Accessories,Khon Kaen,Online,7,1590,11130,1,4.9
2025-10-31,Keyboard Cover,Accessories,Bangkok,In-Store,17,299,5083,1,3.9
2025-09-15,iPhone Case,Accessories,Pattaya,Online,3,299,897,0,3.3
2025-12-30,Mouse Pad,Accessories,Phuket,Marketplace,39,599,23361,3,4.7
2025-09-01,Power Bank,Electronics,Bangkok,Marketplace,11,1290,14190,1,3.7
2025-04-22,Power Bank,Electronics,Khon Kaen,In-Store,13,1590,20670,1,4.3
2025-09-18,iPhone Case,Accessories,Khon Kaen,Marketplace,48,599,28752,4,3.1
2025-11-29,Keyboard Cover,Accessories,Chiang Mai,In-Store,16,299,4784,1,5.0
2025-11-08,Mouse Pad,Accessories,Khon Kaen,Online,40,599,23960,2,3.4
2025-05-13,Laptop Bag,Bags,Pattaya,Online,46,1590,73140,2,3.8
2025-08-07,iPhone Case,Accessories,Chiang Mai,In-Store,17,299,5083,1,3.3
2025-02-06,Mouse Pad,Accessories,Chiang Mai,Marketplace,27,149,4023,2,4.2
2025-03-05,Keyboard Cover,Accessories,Pattaya,Marketplace,11,149,1639,1,4.7
2025-08-21,iPhone Case,Accessories,Pattaya,Marketplace,30,199,5970,1,3.2
2025-01-01,Keyboard Cover,Accessories,Pattaya,In-Store,41,149,6109,1,3.2
2025-09-25,Screen Protector,Accessories,Pattaya,In-Store,25,599,14975,2,3.0
2025-02-06,iPhone Case,Accessories,Khon Kaen,Online,8,349,2792,0,4.6
2025-08-02,USB-C Cable,Accessories,Phuket,In-Store,22,1590,34980,1,4.5
2025-10-29,Wireless Charger,Electronics,Chiang Mai,Online,4,1590,6360,0,4.4
2025-09-05,iPhone Case,Accessories,Bangkok,Marketplace,23,199,4577,2,4.9
2025-04-02,USB-C Cable,Accessories,Khon Kaen,Marketplace,42,149,6258,3,3.3
2025-12-27,Keyboard Cover,Accessories,Bangkok,Online,31,99,3069,3,4.9
2025-01-20,Laptop Bag,Bags,Khon Kaen,Marketplace,34,149,5066,0,3.3
2025-04-21,iPhone Case,Accessories,Chiang Mai,Marketplace,37,199,7363,3,4.6
2025-03-27,iPhone Case,Accessories,Pattaya,Marketplace,15,890,13350,0,3.0
2025-02-05,Screen Protector,Accessories,Phuket,In-Store,44,199,8756,3,4.8
2025-01-10,Keyboard Cover,Accessories,Pattaya,Online,13,149,1937,0,4.4
2025-03-13,Phone Stand,Accessories,Pattaya,Marketplace,42,299,12558,0,4.9
2025-10-12,Bluetooth Earbuds,Electronics,Phuket,Marketplace,1,1290,1290,0,4.0
2025-07-28,iPhone Case,Accessories,Chiang Mai,Marketplace,46,199,9154,4,3.8
2025-12-31,Wireless Charger,Electronics,Bangkok,Online,14,99,1386,0,4.3
2025-09-15,Mouse Pad,Accessories,Khon Kaen,Online,38,1290,49020,0,4.9
2025-08-20,Power Bank,Electronics,Phuket,Online,3,349,1047,1,4.5
2025-05-29,Phone Stand,Accessories,Chiang Mai,In-Store,35,890,31150,0,3.1
2025-12-27,Wireless Charger,Electronics,Khon Kaen,Online,20,890,17800,2,3.0
2025-11-21,Laptop Bag,Bags,Khon Kaen,Online,49,149,7301,4,3.6
2025-11-15,Power Bank,Electronics,Phuket,Marketplace,32,349,11168,1,3.4
2025-07-25,iPhone Case,Accessories,Chiang Mai,In-Store,29,199,5771,0,4.2
2025-01-21,Power Bank,Electronics,Bangkok,In-Store,11,199,2189,0,4.6
2025-10-24,iPhone Case,Accessories,Phuket,In-Store,15,299,4485,1,4.0
2025-07-11,Screen Protector,Accessories,Khon Kaen,Marketplace,25,1590,39750,1,3.2
2025-06-20,Screen Protector,Accessories,Phuket,In-Store,31,1290,39990,2,4.8
2025-10-21,Mouse Pad,Accessories,Bangkok,In-Store,29,349,10121,1,4.7
2025-12-08,Laptop Bag,Bags,Khon Kaen,Marketplace,37,99,3663,3,3.9
2025-03-27,USB-C Cable,Accessories,Bangkok,In-Store,16,199,3184,0,4.0
2025-06-10,Wireless Charger,Electronics,Chiang Mai,Marketplace,9,199,1791,1,3.1
2025-12-19,Laptop Bag,Bags,Phuket,Marketplace,17,149,2533,1,3.3
2025-08-18,Power Bank,Electronics,Bangkok,In-Store,11,1590,17490,1,4.7
2025-11-14,Laptop Bag,Bags,Khon Kaen,Marketplace,41,1590,65190,0,4.5
2025-10-24,Keyboard Cover,Accessories,Phuket,Online,19,1590,30210,1,4.4
2025-05-16,Power Bank,Electronics,Phuket,Online,40,99,3960,1,3.9
2025-01-09,Mouse Pad,Accessories,Khon Kaen,Online,11,890,9790,1,3.6
2025-06-10,Power Bank,Electronics,Khon Kaen,In-Store,4,599,2396,1,4.5
2025-07-22,Wireless Charger,Electronics,Khon Kaen,Marketplace,23,599,13777,2,3.7
2025-12-13,Keyboard Cover,Accessories,Khon Kaen,Marketplace,19,349,6631,0,3.3
2025-08-09,Bluetooth Earbuds,Electronics,Khon Kaen,In-Store,32,199,6368,2,3.4
2025-03-28,USB-C Cable,Accessories,Phuket,Marketplace,23,1590,36570,2,4.9
2025-10-20,Laptop Bag,Bags,Phuket,Online,30,349,10470,3,3.2
2025-06-19,Keyboard Cover,Accessories,Phuket,In-Store,44,1290,56760,3,3.4
2025-10-03,Mouse Pad,Accessories,Phuket,In-Store,13,599,7787,0,3.5
2025-02-19,Bluetooth Earbuds,Electronics,Chiang Mai,Marketplace,30,1590,47700,3,4.7
2025-06-25,Bluetooth Earbuds,Electronics,Phuket,In-Store,7,299,2093,0,3.9
2025-02-07,Phone Stand,Accessories,Chiang Mai,Online,46,299,13754,1,4.1
2025-08-28,Bluetooth Earbuds,Electronics,Phuket,Online,10,599,5990,0,3.8
2025-09-08,Mouse Pad,Accessories,Bangkok,Online,3,1590,4770,1,4.0
2025-08-20,Keyboard Cover,Accessories,Khon Kaen,In-Store,35,149,5215,1,4.6
2025-06-19,Keyboard Cover,Accessories,Chiang Mai,Marketplace,9,1590,14310,0,4.6
2025-11-23,Power Bank,Electronics,Bangkok,Online,21,99,2079,1,4.9
2025-12-17,Wireless Charger,Electronics,Pattaya,Online,11,199,2189,1,4.2
2025-12-19,Laptop Bag,Bags,Phuket,In-Store,43,1290,55470,1,3.4
2025-10-17,Keyboard Cover,Accessories,Chiang Mai,Online,19,1290,24510,0,3.1
2025-09-24,Power Bank,Electronics,Pattaya,Marketplace,38,299,11362,2,4.8
2025-03-07,Bluetooth Earbuds,Electronics,Khon Kaen,In-Store,5,99,495,1,3.8
2025-11-24,iPhone Case,Accessories,Phuket,In-Store,15,299,4485,0,4.3
2025-10-11,Wireless Charger,Electronics,Chiang Mai,Online,50,890,44500,5,4.6
2025-05-06,Wireless Charger,Electronics,Chiang Mai,Online,14,1290,18060,0,4.1
2025-01-13,Mouse Pad,Accessories,Phuket,Online,26,599,15574,2,3.0
2025-06-10,USB-C Cable,Accessories,Phuket,Marketplace,2,299,598,1,3.6
2025-02-13,Wireless Charger,Electronics,Chiang Mai,Online,41,99,4059,4,4.1
2025-08-02,Mouse Pad,Accessories,Bangkok,Online,8,1290,10320,1,4.0
2025-08-26,Mouse Pad,Accessories,Phuket,Online,42,149,6258,3,4.9
2025-03-15,iPhone Case,Accessories,Bangkok,Online,12,299,3588,0,4.2
2025-11-01,Keyboard Cover,Accessories,Khon Kaen,Online,43,890,38270,2,4.3
2025-05-14,Mouse Pad,Accessories,Phuket,Online,34,99,3366,1,5.0
2025-03-02,iPhone Case,Accessories,Bangkok,In-Store,14,1590,22260,1,4.5
2025-08-01,Keyboard Cover,Accessories,Bangkok,Marketplace,31,890,27590,1,3.7
2025-05-01,Laptop Bag,Bags,Chiang Mai,In-Store,36,599,21564,1,3.0
2025-12-15,iPhone Case,Accessories,Phuket,Marketplace,16,1290,20640,0,4.2
2025-02-27,Mouse Pad,Accessories,Bangkok,In-Store,16,349,5584,1,4.1
2025-07-23,iPhone Case,Accessories,Phuket,In-Store,1,199,199,0,4.0
2025-11-03,Power Bank,Electronics,Phuket,Online,45,199,8955,3,4.0
2025-09-02,Phone Stand,Accessories,Pattaya,Online,5,1590,7950,1,3.4
2025-08-29,Phone Stand,Accessories,Bangkok,In-Store,19,599,11381,1,4.1
2025-01-21,Phone Stand,Accessories,Pattaya,Online,5,199,995,0,3.1
2025-01-04,Phone Stand,Accessories,Khon Kaen,In-Store,16,199,3184,1,3.8
2025-07-03,iPhone Case,Accessories,Chiang Mai,Marketplace,46,1590,73140,2,4.9
2025-01-14,USB-C Cable,Accessories,Chiang Mai,In-Store,24,1590,38160,2,4.5
2025-08-10,USB-C Cable,Accessories,Phuket,In-Store,44,1590,69960,4,4.7
2025-09-23,Wireless Charger,Electronics,Chiang Mai,Online,28,1290,36120,0,4.4
2025-12-29,Bluetooth Earbuds,Electronics,Khon Kaen,Online,25,299,7475,1,4.8
2025-10-30,Laptop Bag,Bags,Khon Kaen,Marketplace,13,349,4537,1,4.8
2025-04-16,iPhone Case,Accessories,Pattaya,Online,35,890,31150,2,4.7
2025-11-29,Keyboard Cover,Accessories,Bangkok,Online,1,299,299,0,4.7
2025-11-16,Power Bank,Electronics,Chiang Mai,Online,17,199,3383,0,4.4
2025-05-25,Screen Protector,Accessories,Pattaya,Marketplace,41,1590,65190,1,4.4
2025-08-20,Mouse Pad,Accessories,Bangkok,Online,28,299,8372,0,4.3
2025-07-04,Mouse Pad,Accessories,Phuket,In-Store,27,1290,34830,0,4.6
2025-12-26,Power Bank,Electronics,Bangkok,In-Store,36,1290,46440,1,3.9
2025-01-10,Mouse Pad,Accessories,Pattaya,In-Store,47,99,4653,1,4.6
2025-01-25,USB-C Cable,Accessories,Bangkok,Online,31,99,3069,1,4.7
2025-04-28,USB-C Cable,Accessories,Chiang Mai,Marketplace,23,199,4577,2,4.6
2025-06-22,Keyboard Cover,Accessories,Phuket,In-Store,24,349,8376,2,3.5
2025-08-10,USB-C Cable,Accessories,Phuket,Marketplace,3,299,897,1,3.4
2025-05-26,Mouse Pad,Accessories,Khon Kaen,In-Store,8,599,4792,0,3.5
2025-05-09,Mouse Pad,Accessories,Pattaya,In-Store,16,890,14240,1,3.9
2025-04-03,iPhone Case,Accessories,Khon Kaen,Online,13,1590,20670,1,4.3
2025-01-06,Wireless Charger,Electronics,Bangkok,Marketplace,10,149,1490,0,4.7
2025-11-26,Power Bank,Electronics,Phuket,Marketplace,32,890,28480,1,4.0
2025-03-28,Power Bank,Electronics,Chiang Mai,In-Store,10,1590,15900,0,3.1
2025-10-02,USB-C Cable,Accessories,Phuket,Marketplace,9,299,2691,1,4.5
2025-11-01,Laptop Bag,Bags,Chiang Mai,In-Store,24,149,3576,1,3.6
2025-12-15,Laptop Bag,Bags,Phuket,Marketplace,15,599,8985,0,4.8
2025-03-01,Keyboard Cover,Accessories,Chiang Mai,Online,29,1290,37410,1,4.2
2025-07-11,iPhone Case,Accessories,Phuket,In-Store,23,149,3427,0,4.8
2025-11-27,iPhone Case,Accessories,Pattaya,In-Store,41,299,12259,0,4.6
2025-08-02,USB-C Cable,Accessories,Bangkok,In-Store,21,149,3129,0,4.4
2025-05-17,Laptop Bag,Bags,Phuket,Online,35,890,31150,0,3.7
2025-09-08,Laptop Bag,Bags,Bangkok,Marketplace,29,349,10121,2,4.3
2025-05-10,iPhone Case,Accessories,Bangkok,In-Store,7,1590,11130,0,3.2
2025-03-29,Laptop Bag,Bags,Bangkok,Marketplace,42,299,12558,2,4.1
2025-08-10,Power Bank,Electronics,Pattaya,Online,35,599,20965,2,3.3
2025-08-27,Mouse Pad,Accessories,Chiang Mai,Online,39,99,3861,1,3.7
2025-03-26,Screen Protector,Accessories,Khon Kaen,In-Store,26,1290,33540,1,4.2
2025-07-19,Wireless Charger,Electronics,Khon Kaen,Marketplace,9,890,8010,1,3.1
2025-01-12,USB-C Cable,Accessories,Khon Kaen,Online,19,149,2831,1,4.2
2025-06-29,USB-C Cable,Accessories,Phuket,In-Store,16,99,1584,1,4.3
2025-11-05,Screen Protector,Accessories,Bangkok,In-Store,49,149,7301,4,4.5
2025-05-10,iPhone Case,Accessories,Khon Kaen,Online,2,349,698,1,4.8
2025-12-26,Mouse Pad,Accessories,Chiang Mai,In-Store,30,99,2970,2,4.5
2025-10-29,Bluetooth Earbuds,Electronics,Khon Kaen,In-Store,36,1590,57240,2,3.2
2025-12-31,Phone Stand,Accessories,Bangkok,Marketplace,12,349,4188,1,3.9
2025-01-03,Laptop Bag,Bags,Khon Kaen,In-Store,12,1590,19080,0,4.8
2025-05-31,Bluetooth Earbuds,Electronics,Chiang Mai,Online,17,199,3383,0,3.1
2025-01-15,Wireless Charger,Electronics,Chiang Mai,Marketplace,3,149,447,1,4.2
2025-12-17,Power Bank,Electronics,Chiang Mai,Marketplace,11,1290,14190,0,4.1
2025-12-27,Screen Protector,Accessories,Bangkok,In-Store,15,299,4485,1,4.2
2025-08-11,Screen Protector,Accessories,Khon Kaen,Online,23,299,6877,2,4.2
2025-05-20,Wireless Charger,Electronics,Bangkok,In-Store,24,890,21360,2,3.2
2025-08-12,Phone Stand,Accessories,Bangkok,Marketplace,28,1590,44520,2,3.2
2025-09-15,iPhone Case,Accessories,Chiang Mai,Online,1,349,349,1,3.3
2025-06-17,iPhone Case,Accessories,Bangkok,Online,15,349,5235,0,4.8
2025-01-22,USB-C Cable,Accessories,Phuket,Marketplace,12,890,10680,0,4.1
2025-07-03,Phone Stand,Accessories,Pattaya,In-Store,50,1290,64500,3,4.2
2025-07-12,Power Bank,Electronics,Pattaya,Marketplace,25,890,22250,1,3.6
2025-01-23,Phone Stand,Accessories,Bangkok,Online,21,199,4179,0,3.2
2025-06-07,Bluetooth Earbuds,Electronics,Phuket,Online,34,149,5066,3,4.3
2025-01-28,Laptop Bag,Bags,Khon Kaen,Marketplace,39,1590,62010,1,3.2
2025-12-02,Wireless Charger,Electronics,Bangkok,In-Store,13,599,7787,0,4.1
2025-11-06,Laptop Bag,Bags,Pattaya,Online,43,890,38270,0,3.9
2025-10-16,Screen Protector,Accessories,Khon Kaen,Marketplace,13,99,1287,0,4.3
2025-10-15,USB-C Cable,Accessories,Chiang Mai,Marketplace,24,299,7176,1,4.7
2025-08-03,Keyboard Cover,Accessories,Bangkok,In-Store,17,1290,21930,0,5.0
2025-10-29,Bluetooth Earbuds,Electronics,Pattaya,Marketplace,38,890,33820,3,4.9
2025-11-29,Bluetooth Earbuds,Electronics,Phuket,Online,12,349,4188,1,4.3
2025-09-24,Screen Protector,Accessories,Bangkok,In-Store,37,599,22163,3,4.6
2025-09-28,USB-C Cable,Accessories,Pattaya,In-Store,6,599,3594,0,5.0
2025-12-13,Wireless Charger,Electronics,Pattaya,Marketplace,31,599,18569,0,4.5
2025-07-30,USB-C Cable,Accessories,Bangkok,Online,11,299,3289,1,3.6
2025-02-10,Screen Protector,Accessories,Khon Kaen,Marketplace,44,890,39160,1,4.3
2025-12-06,Bluetooth Earbuds,Electronics,Pattaya,Marketplace,17,299,5083,1,3.4
2025-10-04,Power Bank,Electronics,Khon Kaen,In-Store,33,599,19767,2,4.0
2025-06-18,Screen Protector,Accessories,Bangkok,In-Store,2,599,1198,0,4.5
2025-06-09,Wireless Charger,Electronics,Bangkok,In-Store,9,199,1791,0,4.4
2025-03-03,Phone Stand,Accessories,Bangkok,Marketplace,17,1590,27030,0,4.8
2025-03-19,iPhone Case,Accessories,Phuket,Online,17,1290,21930,1,3.0
2025-11-27,Wireless Charger,Electronics,Bangkok,Online,32,149,4768,3,3.1
2025-09-27,Keyboard Cover,Accessories,Pattaya,Marketplace,7,349,2443,1,5.0
2025-09-08,Bluetooth Earbuds,Electronics,Chiang Mai,In-Store,13,199,2587,1,3.7
2025-10-02,Power Bank,Electronics,Khon Kaen,Marketplace,21,1290,27090,0,4.4
2025-10-23,Mouse Pad,Accessories,Chiang Mai,In-Store,20,599,11980,2,3.0
2025-02-09,Power Bank,Electronics,Bangkok,In-Store,31,1290,39990,1,4.7
2025-09-05,Bluetooth Earbuds,Electronics,Bangkok,Online,11,199,2189,1,3.1
2025-03-20,Screen Protector,Accessories,Pattaya,In-Store,19,1590,30210,0,4.4
2025-08-10,Laptop Bag,Bags,Chiang Mai,Online,46,599,27554,4,3.3
2025-05-24,Phone Stand,Accessories,Phuket,Marketplace,32,599,19168,0,3.0
2025-03-25,iPhone Case,Accessories,Chiang Mai,Online,39,299,11661,3,5.0
2025-02-17,Phone Stand,Accessories,Khon Kaen,Online,19,599,11381,1,4.0
2025-03-31,Wireless Charger,Electronics,Bangkok,Marketplace,30,599,17970,0,4.0
2025-05-15,Phone Stand,Accessories,Khon Kaen,Online,37,599,22163,2,4.1
2025-01-25,Screen Protector,Accessories,Phuket,Online,17,299,5083,0,3.1
2025-11-30,Mouse Pad,Accessories,Bangkok,Online,23,349,8027,0,4.4
2025-01-21,USB-C Cable,Accessories,Phuket,Marketplace,36,349,12564,0,4.4
2025-06-13,USB-C Cable,Accessories,Chiang Mai,Online,3,1290,3870,1,4.2
2025-05-09,Wireless Charger,Electronics,Bangkok,Marketplace,13,299,3887,0,3.3
2025-05-23,Laptop Bag,Bags,Khon Kaen,Online,38,599,22762,3,3.9
2025-08-28,USB-C Cable,Accessories,Chiang Mai,In-Store,1,890,890,1,3.2
2025-10-25,Screen Protector,Accessories,Chiang Mai,Online,5,1290,6450,0,4.8
2025-05-08,USB-C Cable,Accessories,Khon Kaen,In-Store,48,890,42720,0,3.9
2025-03-15,Screen Protector,Accessories,Pattaya,In-Store,31,890,27590,3,4.9
2025-04-30,Mouse Pad,Accessories,Pattaya,Online,14,299,4186,1,4.1
2025-06-12,Laptop Bag,Bags,Bangkok,Online,23,349,8027,0,3.5
2025-09-15,Phone Stand,Accessories,Pattaya,In-Store,48,299,14352,3,4.0
2025-02-16,Laptop Bag,Bags,Phuket,Marketplace,23,99,2277,0,3.2
2025-03-18,Screen Protector,Accessories,Bangkok,Marketplace,42,890,37380,0,3.5
2025-05-15,Laptop Bag,Bags,Chiang Mai,Online,43,349,15007,3,3.7
2025-06-21,Wireless Charger,Electronics,Pattaya,Marketplace,18,299,5382,0,4.7
2025-06-09,Bluetooth Earbuds,Electronics,Chiang Mai,In-Store,16,149,2384,0,3.6
2025-12-07,Power Bank,Electronics,Phuket,In-Store,25,149,3725,2,3.6
2025-10-17,Laptop Bag,Bags,Phuket,Online,10,349,3490,1,4.8
2025-04-14,iPhone Case,Accessories,Bangkok,Online,15,1290,19350,1,4.5
2025-03-05,Laptop Bag,Bags,Phuket,In-Store,37,199,7363,2,3.0
2025-12-07,Laptop Bag,Bags,Khon Kaen,Marketplace,5,599,2995,0,4.1
2025-06-17,Wireless Charger,Electronics,Pattaya,Marketplace,16,1590,25440,0,4.7
2025-10-12,USB-C Cable,Accessories,Phuket,Online,10,1590,15900,1,3.1
2025-07-02,Phone Stand,Accessories,Phuket,In-Store,7,1290,9030,0,4.7
2025-06-23,Laptop Bag,Bags,Phuket,In-Store,48,149,7152,1,3.5
2025-12-10,Screen Protector,Accessories,Bangkok,Marketplace,16,199,3184,1,4.5
2025-06-13,Wireless Charger,Electronics,Bangkok,Marketplace,39,149,5811,0,4.2
2025-07-15,Power Bank,Electronics,Phuket,In-Store,20,890,17800,1,3.1
2025-08-15,iPhone Case,Accessories,Pattaya,Marketplace,37,349,12913,3,4.6
2025-10-19,iPhone Case,Accessories,Chiang Mai,Marketplace,20,890,17800,2,3.8
2025-08-02,Keyboard Cover,Accessories,Pattaya,Online,14,1290,18060,0,4.8
2025-03-07,Phone Stand,Accessories,Khon Kaen,Marketplace,41,1290,52890,2,3.8
2025-03-31,Laptop Bag,Bags,Chiang Mai,Online,2,149,298,1,4.6
2025-06-08,Phone Stand,Accessories,Bangkok,Online,27,199,5373,1,3.1
2025-11-09,Power Bank,Electronics,Khon Kaen,In-Store,42,1290,54180,0,4.4
2025-05-12,Keyboard Cover,Accessories,Pattaya,Online,15,299,4485,0,4.6
2025-10-30,Screen Protector,Accessories,Chiang Mai,Marketplace,1,299,299,1,3.5
2025-04-06,Wireless Charger,Electronics,Phuket,In-Store,31,99,3069,1,3.4
2025-03-26,Mouse Pad,Accessories,Chiang Mai,In-Store,5,349,1745,1,3.8
2025-03-26,Keyboard Cover,Accessories,Pattaya,Marketplace,31,149,4619,3,4.3
2025-07-28,Wireless Charger,Electronics,Phuket,Online,31,199,6169,1,3.1
2025-05-08,Mouse Pad,Accessories,Bangkok,Online,15,99,1485,0,3.0
2025-11-15,iPhone Case,Accessories,Chiang Mai,Online,27,299,8073,2,3.7
2025-02-02,Keyboard Cover,Accessories,Bangkok,Online,37,349,12913,2,3.3
2025-09-15,Phone Stand,Accessories,Phuket,Online,43,890,38270,2,4.5
2025-09-18,Phone Stand,Accessories,Khon Kaen,In-Store,46,1590,73140,4,3.3
2025-02-10,USB-C Cable,Accessories,Phuket,Online,6,1590,9540,1,4.5
2025-12-23,Bluetooth Earbuds,Electronics,Bangkok,Online,17,599,10183,0,3.5
2025-12-16,iPhone Case,Accessories,Pattaya,In-Store,45,890,40050,2,4.8
2025-07-29,Mouse Pad,Accessories,Chiang Mai,Marketplace,33,1590,52470,3,4.4
2025-07-21,Wireless Charger,Electronics,Pattaya,Marketplace,2,1590,3180,0,3.0
2025-12-25,Wireless Charger,Electronics,Pattaya,Marketplace,5,1590,7950,0,4.0
2025-06-12,Mouse Pad,Accessories,Chiang Mai,Online,44,599,26356,4,4.9
2025-10-19,Laptop Bag,Bags,Bangkok,Marketplace,20,1290,25800,1,4.4
2025-06-26,Phone Stand,Accessories,Pattaya,Online,14,1590,22260,0,4.2
2025-10-05,Power Bank,Electronics,Pattaya,Online,29,890,25810,2,4.1
2025-09-04,Screen Protector,Accessories,Pattaya,In-Store,37,349,12913,0,4.4
2025-05-16,USB-C Cable,Accessories,Phuket,Online,21,149,3129,2,4.8
2025-06-20,Bluetooth Earbuds,Electronics,Pattaya,In-Store,13,199,2587,0,3.9
2025-06-07,Power Bank,Electronics,Chiang Mai,In-Store,11,99,1089,0,4.0
2025-08-09,Screen Protector,Accessories,Chiang Mai,Online,47,199,9353,0,3.9
2025-06-07,Power Bank,Electronics,Chiang Mai,In-Store,50,149,7450,5,3.4
2025-05-18,iPhone Case,Accessories,Chiang Mai,Online,6,1290,7740,1,3.4
2025-11-26,Mouse Pad,Accessories,Phuket,Online,24,99,2376,1,4.4
2025-09-26,Power Bank,Electronics,Chiang Mai,Online,33,1290,42570,3,4.0
2025-07-10,Mouse Pad,Accessories,Bangkok,Online,16,199,3184,0,4.3
2025-10-25,Laptop Bag,Bags,Bangkok,In-Store,48,199,9552,1,3.1
2025-07-31,USB-C Cable,Accessories,Khon Kaen,In-Store,50,349,17450,1,3.3
2025-02-05,Mouse Pad,Accessories,Pattaya,In-Store,24,1290,30960,2,4.2
2025-04-04,Wireless Charger,Electronics,Chiang Mai,In-Store,45,149,6705,2,4.2
2025-11-27,Screen Protector,Accessories,Phuket,Marketplace,31,99,3069,0,4.0
2025-07-01,Laptop Bag,Bags,Khon Kaen,Marketplace,29,349,10121,1,3.2
2025-01-23,Mouse Pad,Accessories,Pattaya,Online,9,299,2691,0,4.7
2025-01-12,Keyboard Cover,Accessories,Bangkok,In-Store,41,890,36490,0,3.7
2025-06-24,Keyboard Cover,Accessories,Chiang Mai,Marketplace,41,599,24559,3,4.7
2025-10-06,Keyboard Cover,Accessories,Chiang Mai,Online,29,890,25810,2,4.4
2025-02-23,Screen Protector,Accessories,Chiang Mai,Marketplace,19,1590,30210,1,4.2
2025-08-06,Power Bank,Electronics,Phuket,Marketplace,42,599,25158,2,3.6
2025-01-09,USB-C Cable,Accessories,Phuket,Marketplace,27,299,8073,0,3.4
2025-06-28,Bluetooth Earbuds,Electronics,Chiang Mai,Online,41,890,36490,4,4.5
2025-04-07,Mouse Pad,Accessories,Phuket,Online,37,299,11063,0,3.7
2025-08-16,Bluetooth Earbuds,Electronics,Phuket,Online,4,890,3560,0,3.2
2025-05-31,Wireless Charger,Electronics,Khon Kaen,In-Store,24,1290,30960,0,3.3
2025-01-09,Wireless Charger,Electronics,Phuket,In-Store,32,1290,41280,1,4.7
2025-02-28,Mouse Pad,Accessories,Bangkok,Online,9,199,1791,0,3.5
2025-03-08,iPhone Case,Accessories,Pattaya,Marketplace,36,99,3564,3,4.9
2025-08-04,iPhone Case,Accessories,Pattaya,In-Store,30,199,5970,0,3.8
2025-07-05,iPhone Case,Accessories,Khon Kaen,Online,25,99,2475,0,3.3
2025-11-01,Phone Stand,Accessories,Bangkok,Online,34,1590,54060,3,3.7
2025-02-12,Screen Protector,Accessories,Chiang Mai,Marketplace,38,890,33820,0,3.9
2025-05-13,Wireless Charger,Electronics,Pattaya,In-Store,17,890,15130,1,3.5
2025-07-05,USB-C Cable,Accessories,Khon Kaen,Online,19,890,16910,0,4.2
2025-11-30,Screen Protector,Accessories,Khon Kaen,In-Store,35,890,31150,2,4.8
2025-05-09,Mouse Pad,Accessories,Pattaya,Marketplace,28,99,2772,2,4.6
2025-04-19,Mouse Pad,Accessories,Phuket,Marketplace,23,1290,29670,0,4.8
2025-12-08,USB-C Cable,Accessories,Khon Kaen,In-Store,4,890,3560,1,3.2
2025-10-24,Laptop Bag,Bags,Pattaya,Marketplace,10,599,5990,0,4.9
2025-05-20,Phone Stand,Accessories,Chiang Mai,Marketplace,27,99,2673,1,4.3
2025-07-27,USB-C Cable,Accessories,Pattaya,Marketplace,2,199,398,1,4.2
2025-06-27,Screen Protector,Accessories,Phuket,Marketplace,45,1290,58050,2,3.1
2025-04-23,Mouse Pad,Accessories,Bangkok,Marketplace,22,149,3278,2,3.2
2025-11-28,Keyboard Cover,Accessories,Phuket,Online,23,1290,29670,0,4.7
2025-11-10,Power Bank,Electronics,Bangkok,Marketplace,31,1590,49290,0,4.0
2025-06-04,Laptop Bag,Bags,Bangkok,Online,42,299,12558,2,4.0
2025-11-27,Wireless Charger,Electronics,Pattaya,Marketplace,41,1590,65190,3,3.1
2025-03-12,Keyboard Cover,Accessories,Phuket,Marketplace,27,149,4023,0,4.9
2025-10-24,Keyboard Cover,Accessories,Phuket,Online,14,349,4886,1,3.3
2025-08-20,USB-C Cable,Accessories,Pattaya,In-Store,25,99,2475,0,3.7
2025-05-06,Phone Stand,Accessories,Pattaya,Marketplace,14,1590,22260,0,3.7
2025-02-01,Power Bank,Electronics,Chiang Mai,Marketplace,37,599,22163,3,4.2
2025-08-27,Laptop Bag,Bags,Chiang Mai,Online,4,149,596,1,4.3
2025-04-13,iPhone Case,Accessories,Chiang Mai,Marketplace,20,299,5980,2,4.0
2025-06-23,Phone Stand,Accessories,Pattaya,Marketplace,16,299,4784,0,3.8
2025-03-21,Screen Protector,Accessories,Phuket,Marketplace,38,299,11362,1,3.4
2025-08-29,Keyboard Cover,Accessories,Khon Kaen,In-Store,44,1590,69960,3,3.6
2025-05-23,Power Bank,Electronics,Pattaya,Marketplace,25,890,22250,2,4.1
2025-02-17,Screen Protector,Accessories,Bangkok,In-Store,8,149,1192,0,3.7
2025-04-29,Bluetooth Earbuds,Electronics,Phuket,In-Store,29,1290,37410,2,3.8
2025-04-07,iPhone Case,Accessories,Pattaya,Marketplace,50,1590,79500,2,4.5
2025-03-31,Keyboard Cover,Accessories,Pattaya,Online,36,149,5364,2,4.9
2025-04-29,Mouse Pad,Accessories,Pattaya,In-Store,19,99,1881,1,3.8
2025-05-12,Wireless Charger,Electronics,Pattaya,In-Store,13,1590,20670,0,4.6
2025-05-07,Screen Protector,Accessories,Pattaya,Marketplace,1,1590,1590,0,3.2
2025-12-21,Mouse Pad,Accessories,Pattaya,Marketplace,15,99,1485,1,4.4
2025-03-19,Wireless Charger,Electronics,Khon Kaen,In-Store,1,299,299,0,3.1
2025-09-21,Wireless Charger,Electronics,Bangkok,In-Store,11,99,1089,0,4.6
2025-11-05,Laptop Bag,Bags,Khon Kaen,Marketplace,23,99,2277,2,4.7
2025-07-30,Mouse Pad,Accessories,Chiang Mai,In-Store,28,199,5572,2,5.0
2025-08-10,Screen Protector,Accessories,Pattaya,In-Store,33,890,29370,3,3.3
2025-03-06,Power Bank,Electronics,Bangkok,Online,2,199,398,0,4.8
2025-09-30,Screen Protector,Accessories,Khon Kaen,In-Store,5,99,495,0,4.9
2025-08-31,Screen Protector,Accessories,Bangkok,In-Store,22,149,3278,2,5.0
2025-01-12,Mouse Pad,Accessories,Chiang Mai,In-Store,6,1590,9540,0,4.1
2025-02-18,Power Bank,Electronics,Chiang Mai,Online,14,1290,18060,0,4.2
2025-04-12,Mouse Pad,Accessories,Chiang Mai,Online,40,99,3960,4,3.4
2025-11-29,Wireless Charger,Electronics,Chiang Mai,In-Store,29,149,4321,1,3.2
2025-01-01,USB-C Cable,Accessories,Pattaya,In-Store,50,349,17450,1,4.1
2025-11-23,Phone Stand,Accessories,Chiang Mai,Marketplace,3,199,597,0,3.5
2025-08-13,Screen Protector,Accessories,Chiang Mai,In-Store,31,149,4619,2,3.4
2025-03-12,iPhone Case,Accessories,Phuket,Online,18,349,6282,0,4.7
2025-06-19,iPhone Case,Accessories,Chiang Mai,Online,37,349,12913,1,3.1
2025-03-26,Screen Protector,Accessories,Khon Kaen,In-Store,28,299,8372,2,3.1
2025-09-01,Screen Protector,Accessories,Bangkok,Marketplace,48,99,4752,0,4.6
2025-05-13,Screen Protector,Accessories,Chiang Mai,Marketplace,23,890,20470,2,3.8
2025-01-24,Wireless Charger,Electronics,Chiang Mai,Online,47,349,16403,3,4.7
2025-04-19,Phone Stand,Accessories,Pattaya,Marketplace,43,349,15007,2,4.3
2025-08-17,USB-C Cable,Accessories,Bangkok,Online,2,199,398,1,3.3
2025-07-31,Laptop Bag,Bags,Chiang Mai,Marketplace,7,1590,11130,1,3.6
2025-04-20,Keyboard Cover,Accessories,Pattaya,In-Store,42,99,4158,0,4.7
2025-02-15,Wireless Charger,Electronics,Bangkok,Marketplace,44,890,39160,3,3.0
2025-12-08,Laptop Bag,Bags,Chiang Mai,Online,12,149,1788,0,4.5
2025-01-01,Keyboard Cover,Accessories,Pattaya,In-Store,31,349,10819,1,3.3
2025-03-15,USB-C Cable,Accessories,Bangkok,Online,29,149,4321,0,3.9
2025-12-10,Phone Stand,Accessories,Pattaya,Marketplace,10,890,8900,0,3.2
2025-06-27,Screen Protector,Accessories,Khon Kaen,Marketplace,19,99,1881,1,3.0
2025-02-23,Phone Stand,Accessories,Khon Kaen,In-Store,38,890,33820,0,3.5
2025-11-25,USB-C Cable,Accessories,Bangkok,Marketplace,34,890,30260,2,4.4
2025-03-09,Wireless Charger,Electronics,Bangkok,In-Store,40,1590,63600,1,4.4
2025-05-05,Phone Stand,Accessories,Khon Kaen,Online,26,349,9074,0,3.9
2025-07-09,iPhone Case,Accessories,Pattaya,Marketplace,48,1590,76320,3,3.6
2025-10-26,Power Bank,Electronics,Bangkok,Marketplace,13,599,7787,0,3.7
2025-09-21,Mouse Pad,Accessories,Phuket,Marketplace,3,1290,3870,1,3.6
2025-10-13,Bluetooth Earbuds,Electronics,Khon Kaen,Online,15,890,13350,0,3.5
2025-09-07,USB-C Cable,Accessories,Khon Kaen,Marketplace,20,349,6980,1,3.2
2025-09-16,Power Bank,Electronics,Bangkok,Online,13,99,1287,1,4.4
2025-08-12,Keyboard Cover,Accessories,Chiang Mai,In-Store,40,99,3960,0,4.1
2025-04-09,USB-C Cable,Accessories,Khon Kaen,Marketplace,27,349,9423,2,4.8
2025-08-25,Screen Protector,Accessories,Pattaya,In-Store,38,599,22762,3,4.0
2025-09-27,iPhone Case,Accessories,Khon Kaen,Online,41,349,14309,1,3.7
2025-12-02,iPhone Case,Accessories,Khon Kaen,Marketplace,11,299,3289,1,4.9
2025-05-30,Screen Protector,Accessories,Pattaya,Online,17,149,2533,0,3.4
2025-04-20,Mouse Pad,Accessories,Khon Kaen,In-Store,33,890,29370,1,3.2
2025-05-29,Wireless Charger,Electronics,Khon Kaen,Marketplace,41,99,4059,3,3.3
2025-07-06,Mouse Pad,Accessories,Bangkok,Online,13,599,7787,0,3.9
2025-07-07,Laptop Bag,Bags,Phuket,In-Store,1,149,149,0,5.0
2025-02-24,Laptop Bag,Bags,Phuket,Online,35,199,6965,2,3.4
2025-12-09,USB-C Cable,Accessories,Chiang Mai,In-Store,47,1290,60630,4,3.2
2025-11-29,Bluetooth Earbuds,Electronics,Khon Kaen,Marketplace,36,1590,57240,1,3.3
2025-12-12,Power Bank,Electronics,Bangkok,Online,49,199,9751,2,3.9
2025-06-29,Phone Stand,Accessories,Khon Kaen,Online,38,349,13262,3,3.3
2025-10-08,Laptop Bag,Bags,Khon Kaen,Marketplace,42,299,12558,3,3.3
2025-01-12,Phone Stand,Accessories,Chiang Mai,Marketplace,15,599,8985,0,3.3
2025-07-06,iPhone Case,Accessories,Chiang Mai,Marketplace,16,599,9584,1,4.8
2025-02-22,USB-C Cable,Accessories,Chiang Mai,In-Store,19,349,6631,1,4.6
2025-07-05,Phone Stand,Accessories,Pattaya,Online,34,199,6766,0,5.0
2025-12-24,Wireless Charger,Electronics,Phuket,Online,40,1290,51600,2,3.3
2025-11-14,USB-C Cable,Accessories,Phuket,Marketplace,18,149,2682,1,3.9
2025-12-21,Phone Stand,Accessories,Chiang Mai,Marketplace,18,199,3582,1,3.7
2025-08-01,USB-C Cable,Accessories,Chiang Mai,In-Store,6,890,5340,1,4.7
2025-11-24,iPhone Case,Accessories,Bangkok,Marketplace,32,1290,41280,2,4.6
2025-11-02,Wireless Charger,Electronics,Khon Kaen,Online,11,349,3839,1,3.3
2025-09-20,Phone Stand,Accessories,Phuket,Online,23,1290,29670,1,4.6
2025-03-23,Bluetooth Earbuds,Electronics,Chiang Mai,Online,38,299,11362,0,4.3
2025-03-19,Mouse Pad,Accessories,Chiang Mai,Marketplace,43,1590,68370,0,4.9
2025-08-24,Keyboard Cover,Accessories,Bangkok,Marketplace,35,599,20965,0,3.8
2025-06-14,Screen Protector,Accessories,Pattaya,Marketplace,37,299,11063,2,4.9
2025-03-17,Laptop Bag,Bags,Chiang Mai,Marketplace,49,199,9751,3,3.2
2025-11-02,iPhone Case,Accessories,Pattaya,Online,22,349,7678,0,3.6
2025-06-03,iPhone Case,Accessories,Bangkok,Marketplace,36,599,21564,1,4.6
2025-11-30,Phone Stand,Accessories,Khon Kaen,Online,47,599,28153,4,4.6
2025-04-14,Wireless Charger,Electronics,Khon Kaen,Marketplace,49,199,9751,0,4.5
2025-01-08,Screen Protector,Accessories,Pattaya,Online,34,1290,43860,3,4.4
2025-06-17,Bluetooth Earbuds,Electronics,Pattaya,Marketplace,31,1590,49290,0,3.8
2025-11-28,USB-C Cable,Accessories,Phuket,Marketplace,33,199,6567,3,3.2
2025-03-15,Laptop Bag,Bags,Chiang Mai,In-Store,24,199,4776,1,4.8
2025-03-31,Bluetooth Earbuds,Electronics,Bangkok,Online,14,299,4186,1,3.1
2025-05-10,Laptop Bag,Bags,Phuket,Online,28,349,9772,1,4.3
2025-06-07,Bluetooth Earbuds,Electronics,Bangkok,In-Store,33,599,19767,1,4.1
2025-11-18,USB-C Cable,Accessories,Chiang Mai,Online,4,349,1396,0,4.6
2025-01-16,USB-C Cable,Accessories,Pattaya,Online,39,299,11661,3,4.5
2025-08-21,Laptop Bag,Bags,Phuket,In-Store,45,149,6705,4,4.6
2025-09-29,Bluetooth Earbuds,Electronics,Chiang Mai,Marketplace,21,890,18690,0,4.5
2025-03-22,Bluetooth Earbuds,Electronics,Bangkok,Online,14,1290,18060,0,3.3
2025-09-14,Wireless Charger,Electronics,Phuket,In-Store,43,299,12857,4,3.7
2025-06-01,iPhone Case,Accessories,Bangkok,Marketplace,16,299,4784,1,4.9
2025-02-16,iPhone Case,Accessories,Khon Kaen,In-Store,48,199,9552,4,4.4
2025-01-24,USB-C Cable,Accessories,Phuket,In-Store,47,1590,74730,4,4.5
2025-04-17,Power Bank,Electronics,Bangkok,Marketplace,33,890,29370,3,3.1
2025-12-31,Phone Stand,Accessories,Khon Kaen,Online,18,349,6282,1,3.9
2025-11-23,Power Bank,Electronics,Phuket,In-Store,3,99,297,1,4.4
2025-02-09,Bluetooth Earbuds,Electronics,Pattaya,Marketplace,8,299,2392,0,3.5
2025-11-28,Wireless Charger,Electronics,Bangkok,In-Store,27,99,2673,2,3.8
2025-11-18,Wireless Charger,Electronics,Pattaya,In-Store,18,299,5382,1,4.8
2025-12-22,Wireless Charger,Electronics,Khon Kaen,In-Store,16,149,2384,0,3.7
2025-12-04,USB-C Cable,Accessories,Khon Kaen,In-Store,4,1290,5160,1,4.4
2025-01-20,Phone Stand,Accessories,Bangkok,Marketplace,19,99,1881,0,3.3
2025-04-16,iPhone Case,Accessories,Pattaya,In-Store,5,1290,6450,0,3.1
2025-04-05,Wireless Charger,Electronics,Bangkok,Online,42,1590,66780,4,3.5
2025-09-13,Bluetooth Earbuds,Electronics,Chiang Mai,Online,5,349,1745,1,4.3
2025-04-18,Laptop Bag,Bags,Khon Kaen,In-Store,19,599,11381,1,4.8
2025-06-07,USB-C Cable,Accessories,Chiang Mai,Marketplace,26,349,9074,0,4.2
2025-04-20,Bluetooth Earbuds,Electronics,Bangkok,Marketplace,6,349,2094,0,4.2
2025-12-31,Power Bank,Electronics,Khon Kaen,Marketplace,41,99,4059,4,3.9
2025-11-18,Laptop Bag,Bags,Bangkok,In-Store,1,1290,1290,0,3.4
2025-02-25,Power Bank,Electronics,Bangkok,In-Store,37,349,12913,3,4.5
2025-11-28,USB-C Cable,Accessories,Pattaya,In-Store,29,349,10121,0,4.9
2025-04-05,Laptop Bag,Bags,Phuket,Online,38,599,22762,3,3.5
2025-08-07,Bluetooth Earbuds,Electronics,Khon Kaen,Online,10,1590,15900,0,3.6
2025-08-05,Screen Protector,Accessories,Pattaya,In-Store,17,199,3383,0,3.4
2025-11-01,Keyboard Cover,Accessories,Chiang Mai,Online,27,890,24030,0,3.5
2025-12-09,iPhone Case,Accessories,Bangkok,In-Store,16,299,4784,0,4.6
2025-04-20,iPhone Case,Accessories,Pattaya,In-Store,9,890,8010,0,4.6
2025-12-26,Mouse Pad,Accessories,Bangkok,Online,18,199,3582,0,4.8
2025-03-05,Wireless Charger,Electronics,Phuket,Marketplace,36,599,21564,0,4.4
2025-11-16,Power Bank,Electronics,Chiang Mai,In-Store,29,99,2871,0,4.3
2025-12-02,Power Bank,Electronics,Chiang Mai,Marketplace,22,1290,28380,1,3.4
2025-11-27,Wireless Charger,Electronics,Phuket,Marketplace,28,199,5572,1,4.2
2025-11-22,Keyboard Cover,Accessories,Bangkok,Online,49,890,43610,0,3.7
2025-06-07,Bluetooth Earbuds,Electronics,Khon Kaen,In-Store,29,99,2871,2,3.8
2025-07-09,Screen Protector,Accessories,Phuket,Marketplace,23,349,8027,2,4.5
2025-04-03,Laptop Bag,Bags,Phuket,In-Store,17,349,5933,1,3.1
2025-10-14,Screen Protector,Accessories,Phuket,In-Store,50,199,9950,4,3.7
2025-10-19,Keyboard Cover,Accessories,Pattaya,In-Store,16,99,1584,1,3.1
2025-12-07,Laptop Bag,Bags,Chiang Mai,Online,22,1590,34980,1,4.2
2025-08-27,Phone Stand,Accessories,Bangkok,In-Store,3,349,1047,1,3.8
2025-01-08,Screen Protector,Accessories,Chiang Mai,Online,13,99,1287,0,3.9
2025-01-04,Power Bank,Electronics,Khon Kaen,Marketplace,50,890,44500,2,3.1
2025-01-11,Keyboard Cover,Accessories,Khon Kaen,In-Store,4,890,3560,0,3.5
2025-02-16,USB-C Cable,Accessories,Pattaya,Online,30,1590,47700,2,4.2
2025-12-18,Wireless Charger,Electronics,Phuket,In-Store,49,199,9751,4,4.0
2025-02-16,Phone Stand,Accessories,Bangkok,Online,23,149,3427,1,4.6
2025-04-30,Laptop Bag,Bags,Phuket,Online,31,599,18569,2,3.4
2025-09-18,iPhone Case,Accessories,Bangkok,Marketplace,9,299,2691,1,4.8
2025-03-01,Power Bank,Electronics,Phuket,Online,46,99,4554,4,3.6
2025-11-14,Mouse Pad,Accessories,Bangkok,In-Store,34,149,5066,1,4.5
2025-07-01,Power Bank,Electronics,Phuket,Online,12,1290,15480,1,3.4
2025-12-02,Laptop Bag,Bags,Bangkok,Online,26,1590,41340,0,3.3
2025-04-03,Mouse Pad,Accessories,Pattaya,Marketplace,31,1590,49290,0,3.9
2025-05-16,Phone Stand,Accessories,Phuket,In-Store,41,1290,52890,4,4.5
2025-06-19,Wireless Charger,Electronics,Phuket,In-Store,47,99,4653,4,3.6
2025-07-23,USB-C Cable,Accessories,Bangkok,Marketplace,49,199,9751,2,4.4
2025-11-24,Laptop Bag,Bags,Phuket,In-Store,3,890,2670,0,4.1
2025-11-22,iPhone Case,Accessories,Chiang Mai,In-Store,31,349,10819,3,4.0
2025-06-24,iPhone Case,Accessories,Khon Kaen,In-Store,21,99,2079,1,3.8
2025-05-09,Mouse Pad,Accessories,Pattaya,In-Store,7,599,4193,1,3.5
2025-11-29,Phone Stand,Accessories,Chiang Mai,In-Store,48,149,7152,2,3.2
2025-07-22,Keyboard Cover,Accessories,Chiang Mai,Online,38,1290,49020,0,3.6
2025-10-04,Mouse Pad,Accessories,Khon Kaen,Marketplace,22,1290,28380,2,4.3
2025-12-09,Power Bank,Electronics,Chiang Mai,In-Store,44,1590,69960,0,3.2
2025-09-24,Phone Stand,Accessories,Bangkok,In-Store,41,1290,52890,1,4.0
2025-07-30,Bluetooth Earbuds,Electronics,Pattaya,Marketplace,28,890,24920,1,4.6
2025-08-08,Bluetooth Earbuds,Electronics,Khon Kaen,In-Store,5,99,495,1,4.5
2025-01-01,Bluetooth Earbuds,Electronics,Chiang Mai,Marketplace,13,599,7787,1,4.2
2025-04-19,USB-C Cable,Accessories,Khon Kaen,Marketplace,17,299,5083,0,4.7
2025-01-08,Mouse Pad,Accessories,Bangkok,Online,39,149,5811,0,4.1
2025-07-10,Mouse Pad,Accessories,Pattaya,In-Store,20,299,5980,1,3.7
2025-09-02,Mouse Pad,Accessories,Bangkok,Online,1,149,149,1,4.2
2025-06-04,Phone Stand,Accessories,Phuket,In-Store,19,299,5681,0,4.4
2025-08-23,USB-C Cable,Accessories,Phuket,In-Store,7,199,1393,1,4.7
2025-07-22,Phone Stand,Accessories,Chiang Mai,Marketplace,20,199,3980,1,4.1
2025-07-07,Power Bank,Electronics,Chiang Mai,Online,20,149,2980,1,4.1
2025-04-22,USB-C Cable,Accessories,Phuket,Online,37,349,12913,3,3.9
2025-10-04,Power Bank,Electronics,Phuket,Online,40,349,13960,3,4.6
2025-06-04,Wireless Charger,Electronics,Pattaya,In-Store,20,199,3980,1,3.9
2025-06-27,Power Bank,Electronics,Khon Kaen,Online,32,99,3168,2,3.0
2025-01-21,Phone Stand,Accessories,Phuket,Online,1,299,299,0,4.6
2025-01-08,USB-C Cable,Accessories,Chiang Mai,In-Store,41,99,4059,2,3.9
2025-11-03,Keyboard Cover,Accessories,Khon Kaen,In-Store,12,349,4188,1,4.3
2025-09-18,Mouse Pad,Accessories,Phuket,In-Store,24,299,7176,0,3.7
2025-02-01,Screen Protector,Accessories,Bangkok,In-Store,35,890,31150,0,4.8
2025-10-29,USB-C Cable,Accessories,Bangkok,Marketplace,17,1290,21930,1,3.4
2025-05-28,Keyboard Cover,Accessories,Khon Kaen,Marketplace,35,149,5215,2,3.4
2025-08-29,Screen Protector,Accessories,Chiang Mai,Online,22,349,7678,1,3.4
2025-06-01,Keyboard Cover,Accessories,Pattaya,Online,20,599,11980,1,4.7
2025-11-10,Keyboard Cover,Accessories,Chiang Mai,In-Store,25,1590,39750,1,3.9
2025-12-16,Power Bank,Electronics,Bangkok,Marketplace,12,299,3588,1,4.1
2025-11-05,Keyboard Cover,Accessories,Pattaya,In-Store,35,1590,55650,1,3.4
2025-09-04,iPhone Case,Accessories,Khon Kaen,In-Store,15,1290,19350,1,4.5
2025-09-18,Keyboard Cover,Accessories,Chiang Mai,Online,36,1590,57240,0,4.5
2025-09-27,Screen Protector,Accessories,Bangkok,Marketplace,1,1590,1590,1,3.6
2025-05-01,Screen Protector,Accessories,Pattaya,In-Store,27,299,8073,0,3.1
2025-09-15,Mouse Pad,Accessories,Pattaya,In-Store,1,349,349,1,4.9
2025-12-30,Screen Protector,Accessories,Chiang Mai,In-Store,31,1290,39990,1,4.6
2025-02-03,Power Bank,Electronics,Pattaya,In-Store,21,299,6279,2,3.1
2025-04-04,USB-C Cable,Accessories,Khon Kaen,Marketplace,5,599,2995,0,4.5
2025-01-05,Screen Protector,Accessories,Chiang Mai,In-Store,28,149,4172,0,3.4
2025-02-19,Phone Stand,Accessories,Pattaya,Online,6,149,894,1,4.9
2025-04-16,Mouse Pad,Accessories,Pattaya,Marketplace,12,299,3588,1,3.3
2025-04-15,Mouse Pad,Accessories,Chiang Mai,Marketplace,48,349,16752,0,3.1
2025-07-24,Laptop Bag,Bags,Chiang Mai,Online,37,99,3663,2,4.2
2025-10-20,USB-C Cable,Accessories,Chiang Mai,Marketplace,34,199,6766,2,4.4
2025-08-09,Screen Protector,Accessories,Pattaya,Online,16,1290,20640,1,4.0
2025-04-07,Laptop Bag,Bags,Pattaya,Marketplace,3,199,597,0,3.6
2025-03-19,Wireless Charger,Electronics,Pattaya,In-Store,9,1590,14310,1,3.5
2025-03-05,Wireless Charger,Electronics,Pattaya,In-Store,37,299,11063,0,3.6
2025-01-15,Wireless Charger,Electronics,Phuket,Marketplace,8,149,1192,0,3.5
2025-09-18,Laptop Bag,Bags,Phuket,Online,49,349,17101,3,4.3
2025-12-30,iPhone Case,Accessories,Phuket,Marketplace,43,149,6407,1,3.4
2025-04-26,Mouse Pad,Accessories,Khon Kaen,Online,18,349,6282,0,4.2
2025-11-25,Bluetooth Earbuds,Electronics,Pattaya,Online,41,1290,52890,0,3.2
2025-07-24,Bluetooth Earbuds,Electronics,Bangkok,Marketplace,49,199,9751,1,3.6
2025-09-22,iPhone Case,Accessories,Phuket,Online,22,199,4378,2,3.9
2025-12-02,Screen Protector,Accessories,Pattaya,Marketplace,32,299,9568,0,4.8
2025-09-19,iPhone Case,Accessories,Chiang Mai,In-Store,48,1590,76320,3,4.1
2025-08-02,Wireless Charger,Electronics,Pattaya,Online,39,299,11661,3,4.8
2025-12-05,Power Bank,Electronics,Phuket,In-Store,30,199,5970,3,4.7
2025-02-15,Bluetooth Earbuds,Electronics,Chiang Mai,Marketplace,8,199,1592,0,3.5
2025-01-19,Laptop Bag,Bags,Bangkok,In-Store,23,1290,29670,1,3.1
2025-07-11,USB-C Cable,Accessories,Phuket,Marketplace,36,349,12564,1,3.3
2025-12-02,Screen Protector,Accessories,Chiang Mai,In-Store,23,599,13777,1,3.7
2025-10-29,Keyboard Cover,Accessories,Pattaya,Online,27,199,5373,1,4.4
2025-03-02,iPhone Case,Accessories,Pattaya,Marketplace,9,199,1791,1,3.8
2025-10-21,Screen Protector,Accessories,Pattaya,In-Store,16,149,2384,1,4.5
2025-06-07,iPhone Case,Accessories,Bangkok,Marketplace,20,599,11980,2,4.1
2025-05-31,Wireless Charger,Electronics,Pattaya,In-Store,6,599,3594,1,3.3
2025-12-04,Wireless Charger,Electronics,Pattaya,Marketplace,32,890,28480,3,3.1
2025-07-01,Phone Stand,Accessories,Phuket,In-Store,45,99,4455,3,3.9
2025-12-23,Bluetooth Earbuds,Electronics,Phuket,In-Store,41,149,6109,3,4.9
2025-07-30,Wireless Charger,Electronics,Chiang Mai,In-Store,30,1590,47700,2,4.3
2025-02-13,Keyboard Cover,Accessories,Chiang Mai,Marketplace,44,1590,69960,2,4.6
2025-03-26,Mouse Pad,Accessories,Chiang Mai,Online,40,1590,63600,3,4.7
2025-04-14,Phone Stand,Accessories,Phuket,Online,50,299,14950,4,3.8
2025-07-31,Bluetooth Earbuds,Electronics,Phuket,Marketplace,48,1590,76320,3,4.9
2025-11-24,Wireless Charger,Electronics,Khon Kaen,In-Store,6,599,3594,1,3.6
2025-04-18,Wireless Charger,Electronics,Pattaya,In-Store,10,1590,15900,0,4.0
2025-05-27,Power Bank,Electronics,Khon Kaen,In-Store,29,1290,37410,2,3.8
2025-07-13,Wireless Charger,Electronics,Phuket,Marketplace,3,349,1047,1,4.3
2025-09-26,Power Bank,Electronics,Pattaya,In-Store,5,199,995,0,5.0
2025-10-12,Laptop Bag,Bags,Chiang Mai,Marketplace,35,299,10465,2,3.5
2025-06-02,Power Bank,Electronics,Khon Kaen,Online,2,890,1780,1,4.3
2025-12-13,Keyboard Cover,Accessories,Pattaya,Online,3,99,297,1,4.6
2025-07-11,Laptop Bag,Bags,Chiang Mai,Marketplace,8,299,2392,1,3.0
2025-01-18,Bluetooth Earbuds,Electronics,Bangkok,In-Store,6,199,1194,0,4.3
2025-08-30,Screen Protector,Accessories,Chiang Mai,In-Store,29,1290,37410,2,3.8
2025-12-05,Keyboard Cover,Accessories,Khon Kaen,In-Store,37,299,11063,1,3.3
2025-03-19,Keyboard Cover,Accessories,Chiang Mai,In-Store,23,199,4577,1,4.3
2025-10-12,Mouse Pad,Accessories,Phuket,Marketplace,35,1590,55650,1,5.0
2025-08-07,Power Bank,Electronics,Chiang Mai,Online,37,599,22163,1,4.1
2025-03-28,Mouse Pad,Accessories,Khon Kaen,Online,6,99,594,1,4.0
2025-06-15,Mouse Pad,Accessories,Bangkok,Online,26,1290,33540,2,3.3
2025-07-28,USB-C Cable,Accessories,Pattaya,In-Store,9,1590,14310,0,3.6
2025-09-28,Phone Stand,Accessories,Pattaya,Online,46,599,27554,2,3.7
2025-12-13,iPhone Case,Accessories,Pattaya,Marketplace,42,599,25158,2,3.3
2025-07-07,Mouse Pad,Accessories,Bangkok,Online,46,890,40940,0,5.0
2025-04-08,Bluetooth Earbuds,Electronics,Khon Kaen,Online,28,99,2772,0,3.9
2025-10-25,Wireless Charger,Electronics,Pattaya,Marketplace,44,299,13156,4,3.3
2025-08-27,iPhone Case,Accessories,Khon Kaen,Marketplace,1,890,890,0,4.7
2025-09-27,iPhone Case,Accessories,Khon Kaen,Online,20,99,1980,1,5.0
2025-04-17,USB-C Cable,Accessories,Khon Kaen,Marketplace,44,1290,56760,1,4.4
2025-06-10,USB-C Cable,Accessories,Phuket,Marketplace,37,1290,47730,2,3.3
2025-08-19,Screen Protector,Accessories,Phuket,Online,35,1590,55650,3,3.7
2025-01-03,Keyboard Cover,Accessories,Khon Kaen,In-Store,29,890,25810,2,3.2
2025-12-03,USB-C Cable,Accessories,Pattaya,Marketplace,38,599,22762,3,4.1
2025-05-13,Bluetooth Earbuds,Electronics,Chiang Mai,Marketplace,47,890,41830,2,4.1
2025-09-06,Wireless Charger,Electronics,Phuket,In-Store,13,99,1287,0,3.4
2025-04-11,Keyboard Cover,Accessories,Chiang Mai,Marketplace,2,1290,2580,0,4.4
2025-07-07,Power Bank,Electronics,Khon Kaen,Online,50,299,14950,2,4.2
2025-10-23,Bluetooth Earbuds,Electronics,Khon Kaen,Online,25,349,8725,1,4.0
2025-01-28,Wireless Charger,Electronics,Chiang Mai,In-Store,17,890,15130,1,4.3
2025-03-16,Mouse Pad,Accessories,Pattaya,In-Store,46,1590,73140,0,3.0
2025-09-12,Mouse Pad,Accessories,Phuket,Online,34,149,5066,1,3.1
2025-05-12,Bluetooth Earbuds,Electronics,Phuket,In-Store,4,99,396,0,4.9
2025-05-10,USB-C Cable,Accessories,Bangkok,In-Store,36,149,5364,0,4.6
2025-07-27,Power Bank,Electronics,Pattaya,In-Store,42,599,25158,0,3.1
2025-10-01,Bluetooth Earbuds,Electronics,Chiang Mai,Online,42,599,25158,4,4.0
2025-11-30,Mouse Pad,Accessories,Phuket,In-Store,45,890,40050,1,3.1
2025-04-14,Laptop Bag,Bags,Bangkok,Online,29,199,5771,2,3.4
2025-10-03,Keyboard Cover,Accessories,Pattaya,Online,3,349,1047,1,3.1
2025-04-26,Power Bank,Electronics,Khon Kaen,In-Store,13,99,1287,0,4.7
2025-04-15,Phone Stand,Accessories,Chiang Mai,Online,9,299,2691,1,4.7
2025-05-10,Screen Protector,Accessories,Phuket,Online,47,1290,60630,4,4.1
2025-01-06,Phone Stand,Accessories,Khon Kaen,Marketplace,13,1590,20670,1,3.5
2025-09-30,Keyboard Cover,Accessories,Pattaya,Marketplace,42,1590,66780,3,4.9
2025-12-28,iPhone Case,Accessories,Pattaya,Online,24,890,21360,0,3.8
2025-03-17,Screen Protector,Accessories,Phuket,Marketplace,37,890,32930,2,4.7
2025-05-06,USB-C Cable,Accessories,Bangkok,Online,40,349,13960,2,3.5
2025-09-24,Power Bank,Electronics,Bangkok,Online,33,149,4917,1,4.2
2025-06-26,Phone Stand,Accessories,Bangkok,Online,40,890,35600,2,4.3
2025-08-06,USB-C Cable,Accessories,Pattaya,Marketplace,47,1290,60630,0,3.3
2025-08-24,Screen Protector,Accessories,Bangkok,Marketplace,26,890,23140,2,4.7
2025-05-10,Wireless Charger,Electronics,Khon Kaen,In-Store,49,599,29351,4,4.9
2025-06-11,Wireless Charger,Electronics,Pattaya,Marketplace,43,1590,68370,3,3.8
2025-04-10,Wireless Charger,Electronics,Bangkok,In-Store,12,299,3588,1,5.0
2025-09-08,Wireless Charger,Electronics,Phuket,In-Store,29,599,17371,1,4.9
2025-12-06,USB-C Cable,Accessories,Khon Kaen,In-Store,40,599,23960,2,3.5
2025-02-01,Screen Protector,Accessories,Phuket,Online,30,890,26700,2,4.8
2025-04-17,Phone Stand,Accessories,Khon Kaen,Online,36,599,21564,2,3.4
2025-12-18,Laptop Bag,Bags,Khon Kaen,Marketplace,17,1290,21930,0,3.7
2025-09-02,USB-C Cable,Accessories,Bangkok,In-Store,46,99,4554,2,3.3
2025-07-06,USB-C Cable,Accessories,Phuket,Online,20,1290,25800,2,4.7
2025-07-04,Mouse Pad,Accessories,Phuket,Marketplace,35,149,5215,3,3.1
2025-01-31,Wireless Charger,Electronics,Bangkok,In-Store,29,99,2871,0,3.3
2025-05-20,Bluetooth Earbuds,Electronics,Chiang Mai,Online,34,599,20366,0,4.7
2025-02-06,Screen Protector,Accessories,Chiang Mai,In-Store,33,890,29370,3,3.8
2025-05-17,Screen Protector,Accessories,Chiang Mai,In-Store,21,349,7329,0,4.9
2025-08-22,Bluetooth Earbuds,Electronics,Pattaya,Marketplace,6,299,1794,1,4.7
2025-10-10,Wireless Charger,Electronics,Chiang Mai,Marketplace,29,349,10121,0,3.7
2025-02-25,iPhone Case,Accessories,Khon Kaen,In-Store,35,599,20965,1,4.5
2025-09-06,Screen Protector,Accessories,Phuket,Online,26,349,9074,1,4.3
2025-04-12,Mouse Pad,Accessories,Chiang Mai,Marketplace,42,199,8358,1,4.4
2025-07-21,Laptop Bag,Bags,Phuket,In-Store,49,349,17101,0,3.2
2025-03-20,Mouse Pad,Accessories,Bangkok,Online,3,890,2670,0,4.0
2025-04-17,Mouse Pad,Accessories,Chiang Mai,Marketplace,31,149,4619,3,3.0
2025-01-13,USB-C Cable,Accessories,Pattaya,Online,44,149,6556,4,4.0
2025-07-06,Wireless Charger,Electronics,Bangkok,Online,33,99,3267,3,3.2
2025-10-26,iPhone Case,Accessories,Phuket,Marketplace,38,299,11362,3,3.7
2025-08-18,Keyboard Cover,Accessories,Khon Kaen,Marketplace,48,349,16752,1,3.2
2025-01-14,USB-C Cable,Accessories,Pattaya,Online,27,1590,42930,2,4.3
2025-12-01,Phone Stand,Accessories,Chiang Mai,In-Store,40,149,5960,4,4.7
2025-12-05,Keyboard Cover,Accessories,Phuket,Marketplace,1,99,99,0,4.4
2025-08-24,Screen Protector,Accessories,Khon Kaen,In-Store,4,1590,6360,1,3.5
2025-05-05,iPhone Case,Accessories,Chiang Mai,Marketplace,37,1290,47730,0,3.3
2025-07-18,Laptop Bag,Bags,Khon Kaen,Online,21,890,18690,2,4.3
2025-11-27,iPhone Case,Accessories,Bangkok,Marketplace,11,599,6589,0,3.0
2025-07-31,Phone Stand,Accessories,Bangkok,Online,46,99,4554,3,4.8
2025-09-06,Power Bank,Electronics,Phuket,Marketplace,4,299,1196,1,3.7
2025-11-29,Keyboard Cover,Accessories,Chiang Mai,Marketplace,47,349,16403,3,4.1
2025-04-07,Screen Protector,Accessories,Pattaya,Marketplace,27,1290,34830,0,4.5
2025-03-07,Mouse Pad,Accessories,Chiang Mai,Online,9,890,8010,0,3.5
2025-02-04,Wireless Charger,Electronics,Chiang Mai,Online,27,199,5373,2,4.0
2025-12-09,Wireless Charger,Electronics,Khon Kaen,In-Store,37,199,7363,0,3.4
2025-08-27,Wireless Charger,Electronics,Khon Kaen,Marketplace,10,890,8900,1,3.5
2025-05-23,Laptop Bag,Bags,Khon Kaen,Online,11,349,3839,1,4.1
2025-01-09,Mouse Pad,Accessories,Chiang Mai,Online,24,349,8376,2,4.0
2025-03-03,USB-C Cable,Accessories,Chiang Mai,Marketplace,18,599,10782,0,4.9
2025-05-27,Keyboard Cover,Accessories,Chiang Mai,In-Store,46,199,9154,0,4.2
2025-12-14,Power Bank,Electronics,Bangkok,In-Store,36,599,21564,0,4.9
2025-08-12,Screen Protector,Accessories,Khon Kaen,In-Store,23,349,8027,2,3.0
2025-05-27,Power Bank,Electronics,Pattaya,Marketplace,24,1290,30960,0,3.5
2025-12-23,iPhone Case,Accessories,Bangkok,In-Store,40,599,23960,0,4.4
2025-11-19,Bluetooth Earbuds,Electronics,Bangkok,Online,19,890,16910,0,4.0
2025-06-19,Screen Protector,Accessories,Khon Kaen,Online,46,349,16054,2,3.4
2025-04-20,USB-C Cable,Accessories,Khon Kaen,Online,19,1290,24510,0,3.5
2025-06-13,iPhone Case,Accessories,Khon Kaen,In-Store,12,299,3588,0,4.4
2025-08-28,Power Bank,Electronics,Chiang Mai,In-Store,10,349,3490,0,3.7
2025-12-02,iPhone Case,Accessories,Chiang Mai,Marketplace,5,99,495,1,4.8
2025-10-05,Bluetooth Earbuds,Electronics,Pattaya,Marketplace,27,99,2673,2,3.4
2025-08-14,iPhone Case,Accessories,Bangkok,Online,46,1290,59340,4,3.8
2025-08-19,Keyboard Cover,Accessories,Bangkok,Marketplace,23,349,8027,1,3.1
2025-07-04,Wireless Charger,Electronics,Khon Kaen,Marketplace,28,599,16772,2,4.2
2025-07-13,Wireless Charger,Electronics,Pattaya,Marketplace,48,1290,61920,3,4.6
2025-04-27,Mouse Pad,Accessories,Phuket,Online,49,349,17101,4,4.5
2025-12-05,Power Bank,Electronics,Pattaya,Marketplace,13,99,1287,0,3.0
2025-09-30,Keyboard Cover,Accessories,Khon Kaen,Marketplace,9,149,1341,0,3.9
2025-06-11,Phone Stand,Accessories,Bangkok,In-Store,28,1290,36120,0,4.8
2025-03-29,Laptop Bag,Bags,Phuket,In-Store,2,1590,3180,1,4.1
2025-10-10,Mouse Pad,Accessories,Pattaya,Marketplace,20,890,17800,0,3.4
2025-08-27,iPhone Case,Accessories,Bangkok,In-Store,30,299,8970,1,4.9
2025-04-26,Screen Protector,Accessories,Chiang Mai,Marketplace,43,299,12857,1,4.2
2025-10-22,Mouse Pad,Accessories,Chiang Mai,Marketplace,1,199,199,0,3.7
2025-04-17,Mouse Pad,Accessories,Bangkok,Marketplace,5,1590,7950,0,4.4
2025-01-16,Bluetooth Earbuds,Electronics,Phuket,Online,11,199,2189,1,4.0
2025-12-22,Mouse Pad,Accessories,Bangkok,Marketplace,43,1290,55470,0,3.3
2025-06-14,Power Bank,Electronics,Bangkok,In-Store,15,149,2235,1,3.2
2025-12-12,Keyboard Cover,Accessories,Pattaya,Marketplace,43,1290,55470,0,3.1
2025-04-14,iPhone Case,Accessories,Pattaya,In-Store,44,890,39160,3,4.4
2025-07-12,Bluetooth Earbuds,Electronics,Phuket,Marketplace,50,299,14950,5,4.8
2025-12-02,Bluetooth Earbuds,Electronics,Khon Kaen,Marketplace,8,349,2792,1,3.0
2025-07-03,iPhone Case,Accessories,Bangkok,Marketplace,1,149,149,1,4.3
2025-12-17,Phone Stand,Accessories,Bangkok,Marketplace,38,199,7562,0,4.4
2025-02-11,Power Bank,Electronics,Bangkok,Online,7,149,1043,0,4.1
2025-06-16,USB-C Cable,Accessories,Chiang Mai,Online,6,299,1794,1,4.8
2025-07-04,iPhone Case,Accessories,Chiang Mai,Marketplace,41,349,14309,1,3.7
2025-09-20,Phone Stand,Accessories,Phuket,In-Store,15,149,2235,1,4.1
2025-07-06,USB-C Cable,Accessories,Bangkok,Online,20,1590,31800,0,4.6
2025-03-04,Screen Protector,Accessories,Bangkok,Online,13,1290,16770,0,4.9
2025-12-26,Mouse Pad,Accessories,Khon Kaen,In-Store,38,1590,60420,1,3.7
2025-12-18,Keyboard Cover,Accessories,Bangkok,In-Store,46,1590,73140,2,5.0
2025-10-14,iPhone Case,Accessories,Chiang Mai,Online,7,299,2093,0,3.2
2025-11-12,iPhone Case,Accessories,Chiang Mai,Online,27,199,5373,2,4.0
2025-05-25,Screen Protector,Accessories,Phuket,In-Store,41,299,12259,3,4.1
2025-10-24,Screen Protector,Accessories,Pattaya,In-Store,28,599,16772,1,4.8
2025-08-27,Laptop Bag,Bags,Chiang Mai,In-Store,44,1590,69960,2,3.0
2025-04-29,USB-C Cable,Accessories,Bangkok,Marketplace,34,890,30260,3,3.3
2025-11-05,Power Bank,Electronics,Bangkok,In-Store,26,890,23140,1,3.0
2025-12-23,Phone Stand,Accessories,Pattaya,In-Store,3,1290,3870,0,4.7
2025-04-23,Wireless Charger,Electronics,Khon Kaen,Marketplace,36,1290,46440,0,4.8
2025-05-13,Keyboard Cover,Accessories,Khon Kaen,In-Store,47,149,7003,2,4.6
2025-01-18,Phone Stand,Accessories,Chiang Mai,Online,7,349,2443,1,3.2
2025-12-06,Phone Stand,Accessories,Pattaya,Marketplace,10,890,8900,1,4.1
2025-01-05,Laptop Bag,Bags,Pattaya,Online,17,299,5083,1,3.3
2025-08-16,Screen Protector,Accessories,Pattaya,In-Store,31,149,4619,2,3.7
2025-08-15,iPhone Case,Accessories,Phuket,In-Store,15,890,13350,1,4.9
2025-09-02,Phone Stand,Accessories,Bangkok,Online,13,1290,16770,1,3.9
2025-01-19,Screen Protector,Accessories,Bangkok,Online,19,599,11381,1,4.7
2025-06-27,Phone Stand,Accessories,Bangkok,In-Store,31,599,18569,2,3.5
2025-07-24,Power Bank,Electronics,Phuket,Online,25,599,14975,0,4.8
2025-10-07,Mouse Pad,Accessories,Bangkok,Marketplace,47,149,7003,4,4.7
2025-01-03,Screen Protector,Accessories,Chiang Mai,Marketplace,5,599,2995,0,3.8
2025-01-13,Laptop Bag,Bags,Chiang Mai,In-Store,35,1590,55650,2,4.3
2025-07-04,Bluetooth Earbuds,Electronics,Pattaya,Online,22,599,13178,2,3.0
2025-01-08,Wireless Charger,Electronics,Khon Kaen,In-Store,15,1590,23850,1,4.3
2025-09-20,Mouse Pad,Accessories,Pattaya,In-Store,45,1290,58050,0,4.2
2025-11-07,Bluetooth Earbuds,Electronics,Phuket,In-Store,9,199,1791,1,5.0
2025-09-30,Mouse Pad,Accessories,Pattaya,In-Store,1,199,199,1,4.0
2025-03-21,Mouse Pad,Accessories,Chiang Mai,Online,10,149,1490,0,3.7
2025-05-31,Laptop Bag,Bags,Chiang Mai,Marketplace,17,199,3383,1,3.8
2025-05-24,Phone Stand,Accessories,Pattaya,Marketplace,25,149,3725,1,4.9
2025-04-07,Bluetooth Earbuds,Electronics,Pattaya,Marketplace,13,299,3887,0,3.4
2025-09-04,Screen Protector,Accessories,Phuket,In-Store,20,299,5980,1,4.5
2025-05-18,Wireless Charger,Electronics,Khon Kaen,Marketplace,43,99,4257,3,4.2
2025-12-22,Keyboard Cover,Accessories,Khon Kaen,In-Store,22,149,3278,2,3.5
2025-12-16,iPhone Case,Accessories,Khon Kaen,Online,19,349,6631,1,4.4
2025-08-04,Wireless Charger,Electronics,Bangkok,Marketplace,6,299,1794,0,3.3
2025-03-12,Wireless Charger,Electronics,Khon Kaen,Online,16,199,3184,0,3.8
2025-09-06,USB-C Cable,Accessories,Pattaya,In-Store,16,1590,25440,1,4.8
2025-11-01,Mouse Pad,Accessories,Chiang Mai,In-Store,20,1590,31800,1,5.0
2025-07-21,Power Bank,Electronics,Bangkok,Marketplace,29,99,2871,2,4.3
2025-06-08,iPhone Case,Accessories,Phuket,Online,45,1590,71550,2,3.1
2025-04-02,USB-C Cable,Accessories,Bangkok,Marketplace,33,99,3267,1,4.7
2025-08-01,Keyboard Cover,Accessories,Phuket,In-Store,12,299,3588,1,4.2
2025-05-07,USB-C Cable,Accessories,Pattaya,Marketplace,50,299,14950,3,3.8
2025-12-12,Keyboard Cover,Accessories,Chiang Mai,In-Store,8,890,7120,0,3.9
2025-04-10,Laptop Bag,Bags,Chiang Mai,Online,31,199,6169,2,4.8
2025-04-02,Power Bank,Electronics,Phuket,In-Store,3,299,897,0,4.4
2025-12-05,Wireless Charger,Electronics,Bangkok,Marketplace,46,149,6854,2,5.0
2025-07-20,USB-C Cable,Accessories,Khon Kaen,In-Store,6,199,1194,0,4.9
2025-11-11,Screen Protector,Accessories,Phuket,Marketplace,37,199,7363,1,4.2
2025-12-01,Screen Protector,Accessories,Bangkok,In-Store,27,890,24030,1,4.6
2025-08-17,Mouse Pad,Accessories,Phuket,Online,8,1590,12720,0,4.6
2025-09-10,iPhone Case,Accessories,Chiang Mai,Online,6,199,1194,1,3.3
2025-05-29,Phone Stand,Accessories,Bangkok,Marketplace,36,199,7164,3,4.2
2025-02-10,Screen Protector,Accessories,Pattaya,Online,36,299,10764,0,4.9
2025-03-17,Mouse Pad,Accessories,Pattaya,In-Store,49,199,9751,4,4.9
2025-05-06,iPhone Case,Accessories,Chiang Mai,Online,11,299,3289,0,4.8
2025-09-25,Keyboard Cover,Accessories,Phuket,Online,27,199,5373,1,4.9
2025-05-18,USB-C Cable,Accessories,Phuket,In-Store,2,349,698,0,4.6
2025-05-08,Bluetooth Earbuds,Electronics,Bangkok,Online,12,890,10680,0,3.6
2025-09-09,Mouse Pad,Accessories,Khon Kaen,Online,46,890,40940,4,3.9
2025-03-13,Power Bank,Electronics,Pattaya,Marketplace,12,1290,15480,1,4.8
2025-01-01,Screen Protector,Accessories,Pattaya,Marketplace,29,99,2871,0,3.6
2025-04-04,iPhone Case,Accessories,Phuket,In-Store,6,99,594,0,4.7
2025-11-21,Mouse Pad,Accessories,Pattaya,In-Store,26,149,3874,2,3.9
2025-11-18,Screen Protector,Accessories,Pattaya,Online,39,99,3861,0,4.6
2025-07-02,Wireless Charger,Electronics,Bangkok,In-Store,35,199,6965,1,4.8
2025-02-20,Power Bank,Electronics,Khon Kaen,Marketplace,45,890,40050,4,4.2
2025-03-25,Keyboard Cover,Accessories,Pattaya,In-Store,36,299,10764,1,3.3
2025-11-02,Phone Stand,Accessories,Pattaya,Online,32,99,3168,0,3.8
2025-08-09,Keyboard Cover,Accessories,Phuket,Online,4,599,2396,0,3.2
2025-06-16,Wireless Charger,Electronics,Khon Kaen,Marketplace,36,149,5364,3,4.9
2025-11-19,Phone Stand,Accessories,Pattaya,In-Store,39,149,5811,2,4.4
2025-12-09,Keyboard Cover,Accessories,Pattaya,Online,15,1290,19350,0,3.2
2025-01-06,iPhone Case,Accessories,Pattaya,Marketplace,48,890,42720,4,4.8
2025-11-06,USB-C Cable,Accessories,Pattaya,Marketplace,49,199,9751,4,4.3
2025-01-09,Screen Protector,Accessories,Bangkok,Marketplace,50,149,7450,2,4.8
2025-07-28,Bluetooth Earbuds,Electronics,Pattaya,Online,8,199,1592,1,3.9
2025-08-23,Laptop Bag,Bags,Bangkok,Marketplace,22,199,4378,0,4.5
2025-09-26,Laptop Bag,Bags,Chiang Mai,Marketplace,35,599,20965,3,4.6
2025-12-31,USB-C Cable,Accessories,Phuket,Online,11,349,3839,1,3.8
2025-11-22,Bluetooth Earbuds,Electronics,Phuket,Online,26,199,5174,1,4.6
2025-04-13,USB-C Cable,Accessories,Pattaya,In-Store,25,149,3725,2,3.4
2025-09-16,iPhone Case,Accessories,Chiang Mai,Marketplace,26,599,15574,1,4.0
2025-02-17,iPhone Case,Accessories,Phuket,Online,5,99,495,0,3.0
2025-06-02,iPhone Case,Accessories,Khon Kaen,Online,50,599,29950,2,3.0
2025-01-15,Wireless Charger,Electronics,Chiang Mai,In-Store,27,149,4023,1,4.6
2025-06-13,USB-C Cable,Accessories,Phuket,Marketplace,46,99,4554,1,4.3
2025-09-12,Screen Protector,Accessories,Bangkok,Online,17,1590,27030,1,3.3
2025-05-20,Laptop Bag,Bags,Chiang Mai,Marketplace,47,349,16403,2,4.9
2025-06-10,Phone Stand,Accessories,Chiang Mai,In-Store,49,890,43610,0,3.0
2025-03-04,USB-C Cable,Accessories,Chiang Mai,In-Store,27,1590,42930,0,4.7
2025-08-20,USB-C Cable,Accessories,Phuket,Marketplace,39,299,11661,2,3.5
2025-10-28,Screen Protector,Accessories,Phuket,Marketplace,7,199,1393,1,3.1
2025-12-04,Screen Protector,Accessories,Phuket,Online,24,99,2376,2,4.7
2025-05-05,iPhone Case,Accessories,Pattaya,Online,24,349,8376,0,4.8
2025-11-06,USB-C Cable,Accessories,Chiang Mai,Marketplace,32,99,3168,0,4.3
2025-05-15,Mouse Pad,Accessories,Bangkok,Online,31,1290,39990,2,4.9
2025-03-17,Laptop Bag,Bags,Pattaya,In-Store,31,1290,39990,2,3.3
2025-07-17,Screen Protector,Accessories,Bangkok,In-Store,26,890,23140,2,3.7
2025-06-15,Phone Stand,Accessories,Chiang Mai,Online,7,890,6230,1,4.2
2025-06-21,USB-C Cable,Accessories,Chiang Mai,Online,20,599,11980,2,4.1
2025-08-18,USB-C Cable,Accessories,Khon Kaen,In-Store,28,199,5572,2,3.1
2025-03-04,Bluetooth Earbuds,Electronics,Bangkok,Online,19,299,5681,1,3.0
2025-01-16,Mouse Pad,Accessories,Phuket,Marketplace,39,149,5811,2,3.4
2025-04-14,Mouse Pad,Accessories,Pattaya,Online,11,1590,17490,0,4.5
2025-10-02,Mouse Pad,Accessories,Phuket,In-Store,24,1590,38160,2,3.5
2025-05-01,Keyboard Cover,Accessories,Chiang Mai,Online,14,99,1386,1,3.8
2025-03-25,Laptop Bag,Bags,Bangkok,In-Store,36,1290,46440,2,4.3
2025-11-16,Screen Protector,Accessories,Phuket,Marketplace,2,1590,3180,1,3.0
2025-08-28,USB-C Cable,Accessories,Khon Kaen,Online,7,99,693,1,3.8
2025-10-09,USB-C Cable,Accessories,Phuket,Marketplace,34,890,30260,1,3.7
2025-06-23,Wireless Charger,Electronics,Chiang Mai,Online,2,99,198,1,4.1
2025-04-16,Power Bank,Electronics,Bangkok,Online,19,1290,24510,1,4.0
2025-06-17,Phone Stand,Accessories,Bangkok,Online,4,890,3560,0,4.3
2025-12-22,Screen Protector,Accessories,Khon Kaen,Marketplace,28,199,5572,1,3.7
2025-08-20,USB-C Cable,Accessories,Khon Kaen,Marketplace,21,149,3129,0,4.8
2025-12-12,Screen Protector,Accessories,Bangkok,Marketplace,32,890,28480,2,3.9
2025-07-18,Keyboard Cover,Accessories,Khon Kaen,Online,29,599,17371,1,3.4
2025-08-08,iPhone Case,Accessories,Phuket,Online,7,299,2093,1,3.2
2025-07-06,Power Bank,Electronics,Bangkok,Marketplace,26,599,15574,1,4.0
2025-08-01,Phone Stand,Accessories,Khon Kaen,Marketplace,45,1290,58050,4,4.8
2025-06-05,USB-C Cable,Accessories,Phuket,Marketplace,16,890,14240,0,4.4
2025-08-13,iPhone Case,Accessories,Chiang Mai,Marketplace,4,299,1196,0,4.0
2025-08-14,Phone Stand,Accessories,Khon Kaen,Online,36,890,32040,0,4.3
2025-03-15,Screen Protector,Accessories,Chiang Mai,Marketplace,17,299,5083,1,3.3
2025-12-16,Wireless Charger,Electronics,Chiang Mai,Marketplace,50,890,44500,0,4.6
2025-05-24,Phone Stand,Accessories,Khon Kaen,In-Store,1,599,599,0,4.1
2025-06-02,Bluetooth Earbuds,Electronics,Phuket,Online,32,199,6368,0,3.9
2025-01-21,Wireless Charger,Electronics,Chiang Mai,Marketplace,22,1590,34980,2,4.8
2025-02-01,Bluetooth Earbuds,Electronics,Phuket,In-Store,48,199,9552,3,4.4
2025-07-24,Wireless Charger,Electronics,Khon Kaen,Marketplace,30,1590,47700,3,4.5
2025-08-30,USB-C Cable,Accessories,Phuket,In-Store,6,199,1194,0,3.9
2025-08-12,iPhone Case,Accessories,Pattaya,Marketplace,9,349,3141,0,3.7
2025-11-28,Bluetooth Earbuds,Electronics,Phuket,Online,46,99,4554,0,3.5
2025-08-15,Screen Protector,Accessories,Phuket,Marketplace,46,599,27554,1,3.0
2025-05-16,Phone Stand,Accessories,Pattaya,In-Store,30,1590,47700,3,4.1
2025-01-01,Bluetooth Earbuds,Electronics,Khon Kaen,In-Store,5,890,4450,0,4.4
2025-05-21,Mouse Pad,Accessories,Pattaya,Online,26,1290,33540,2,3.8
2025-03-11,Screen Protector,Accessories,Chiang Mai,Marketplace,3,199,597,1,4.3
2025-10-08,Power Bank,Electronics,Bangkok,Marketplace,27,99,2673,2,3.1
2025-07-21,Laptop Bag,Bags,Chiang Mai,Online,3,599,1797,0,3.6
2025-01-15,USB-C Cable,Accessories,Pattaya,Online,22,299,6578,0,4.9
2025-05-25,Phone Stand,Accessories,Chiang Mai,Online,30,599,17970,3,4.4
2025-02-02,Laptop Bag,Bags,Pattaya,In-Store,20,149,2980,1,4.0
2025-02-23,Laptop Bag,Bags,Bangkok,In-Store,2,149,298,1,4.2
2025-02-17,iPhone Case,Accessories,Phuket,Online,42,99,4158,4,3.2
2025-08-28,Keyboard Cover,Accessories,Khon Kaen,Online,29,149,4321,2,4.4
2025-12-03,Screen Protector,Accessories,Phuket,In-Store,19,149,2831,0,4.1
2025-08-19,iPhone Case,Accessories,Khon Kaen,Marketplace,28,599,16772,0,5.0
2025-07-05,USB-C Cable,Accessories,Bangkok,Online,9,349,3141,1,3.9
2025-05-08,Bluetooth Earbuds,Electronics,Pattaya,Marketplace,38,299,11362,1,4.3
2025-04-10,Laptop Bag,Bags,Khon Kaen,Marketplace,50,1590,79500,3,3.5
2025-04-02,Power Bank,Electronics,Khon Kaen,Marketplace,21,599,12579,1,4.3
2025-11-26,Power Bank,Electronics,Bangkok,Online,42,890,37380,0,4.2
2025-03-09,Laptop Bag,Bags,Khon Kaen,Online,20,349,6980,0,3.5
2025-03-22,Bluetooth Earbuds,Electronics,Chiang Mai,In-Store,19,599,11381,0,4.4
2025-11-29,Wireless Charger,Electronics,Phuket,Marketplace,1,1290,1290,1,3.5
2025-01-07,Mouse Pad,Accessories,Khon Kaen,Online,7,199,1393,0,4.7
2025-08-29,Wireless Charger,Electronics,Chiang Mai,Online,14,149,2086,1,3.2
2025-04-03,Mouse Pad,Accessories,Chiang Mai,In-Store,38,890,33820,0,3.8
2025-08-08,Phone Stand,Accessories,Phuket,Marketplace,26,1290,33540,0,4.0
2025-01-15,iPhone Case,Accessories,Khon Kaen,Marketplace,37,1290,47730,3,3.6
2025-07-07,Screen Protector,Accessories,Pattaya,Marketplace,25,890,22250,0,3.5
2025-04-12,Power Bank,Electronics,Khon Kaen,In-Store,12,890,10680,1,3.5
2025-07-19,Phone Stand,Accessories,Phuket,In-Store,21,1290,27090,2,4.1
2025-10-04,Wireless Charger,Electronics,Khon Kaen,Online,12,1590,19080,1,4.8
2025-02-22,iPhone Case,Accessories,Bangkok,Online,1,890,890,1,3.2
2025-12-27,Mouse Pad,Accessories,Chiang Mai,In-Store,27,149,4023,0,3.5
2025-02-18,Wireless Charger,Electronics,Phuket,In-Store,29,1290,37410,0,4.4
2025-03-14,Mouse Pad,Accessories,Phuket,Online,43,149,6407,3,3.2
2025-02-10,Bluetooth Earbuds,Electronics,Chiang Mai,Marketplace,40,199,7960,0,3.3
2025-05-27,Screen Protector,Accessories,Phuket,Online,9,1590,14310,1,3.8
2025-03-01,Mouse Pad,Accessories,Bangkok,Marketplace,21,299,6279,0,4.0
2025-02-18,Phone Stand,Accessories,Bangkok,In-Store,16,1590,25440,1,4.4
2025-10-15,Laptop Bag,Bags,Chiang Mai,Marketplace,19,99,1881,1,3.3
2025-06-11,Mouse Pad,Accessories,Chiang Mai,Online,28,890,24920,2,4.3
2025-04-09,iPhone Case,Accessories,Phuket,Online,9,299,2691,0,4.3
2025-01-07,Laptop Bag,Bags,Pattaya,Online,15,199,2985,1,4.3
2025-03-15,Mouse Pad,Accessories,Chiang Mai,Online,18,149,2682,0,3.9
2025-06-19,USB-C Cable,Accessories,Khon Kaen,Marketplace,10,599,5990,1,3.4
2025-02-09,Keyboard Cover,Accessories,Bangkok,Online,40,599,23960,4,3.7
2025-01-16,Mouse Pad,Accessories,Phuket,Marketplace,9,299,2691,0,4.3
2025-06-26,Mouse Pad,Accessories,Chiang Mai,Online,43,890,38270,4,4.2
2025-09-02,Keyboard Cover,Accessories,Khon Kaen,In-Store,25,199,4975,2,3.6
2025-01-19,Wireless Charger,Electronics,Bangkok,Online,39,149,5811,1,4.0
2025-04-01,Bluetooth Earbuds,Electronics,Pattaya,Online,1,1290,1290,1,4.8
2025-09-23,Phone Stand,Accessories,Phuket,In-Store,16,99,1584,0,4.0
2025-09-23,Mouse Pad,Accessories,Phuket,Marketplace,11,599,6589,0,3.5
2025-04-21,Mouse Pad,Accessories,Chiang Mai,Marketplace,45,349,15705,4,4.6
2025-09-14,Power Bank,Electronics,Bangkok,In-Store,49,599,29351,2,3.7
2025-01-08,Phone Stand,Accessories,Chiang Mai,Online,49,99,4851,1,4.5
2025-07-17,Laptop Bag,Bags,Bangkok,Marketplace,8,199,1592,1,4.5
2025-12-14,Laptop Bag,Bags,Bangkok,Online,19,1590,30210,1,4.6
2025-08-30,Phone Stand,Accessories,Khon Kaen,Online,8,349,2792,1,4.2
2025-07-14,USB-C Cable,Accessories,Bangkok,Online,2,199,398,0,3.2
2025-02-06,Bluetooth Earbuds,Electronics,Pattaya,Online,49,1590,77910,0,3.8
2025-02-18,iPhone Case,Accessories,Bangkok,In-Store,22,149,3278,2,3.6
2025-03-30,USB-C Cable,Accessories,Chiang Mai,Marketplace,14,99,1386,0,3.4
2025-10-17,USB-C Cable,Accessories,Phuket,Marketplace,17,599,10183,1,4.3
2025-12-31,USB-C Cable,Accessories,Bangkok,In-Store,22,199,4378,0,3.2
2025-07-02,Power Bank,Electronics,Pattaya,In-Store,37,99,3663,1,4.4
2025-02-20,Phone Stand,Accessories,Pattaya,Online,12,599,7188,0,3.5
2025-01-28,Wireless Charger,Electronics,Pattaya,Marketplace,46,349,16054,4,3.2
2025-01-07,Keyboard Cover,Accessories,Pattaya,Online,5,299,1495,0,4.2
2025-09-13,Mouse Pad,Accessories,Bangkok,Marketplace,36,199,7164,0,3.6
2025-12-17,Screen Protector,Accessories,Chiang Mai,Online,27,599,16173,1,3.6
2025-11-05,Power Bank,Electronics,Pattaya,Marketplace,12,599,7188,1,3.3
2025-02-27,Keyboard Cover,Accessories,Chiang Mai,Online,26,1590,41340,0,3.7
2025-07-23,Wireless Charger,Electronics,Bangkok,Online,31,299,9269,1,4.5
2025-09-07,Keyboard Cover,Accessories,Bangkok,In-Store,21,149,3129,0,4.8
2025-06-26,Laptop Bag,Bags,Khon Kaen,Marketplace,12,890,10680,0,4.2
2025-02-23,Screen Protector,Accessories,Bangkok,Online,41,299,12259,4,3.8
2025-05-03,Phone Stand,Accessories,Bangkok,In-Store,40,1290,51600,1,4.5
2025-08-15,Wireless Charger,Electronics,Bangkok,Online,30,890,26700,3,3.2
2025-04-29,Phone Stand,Accessories,Khon Kaen,Online,50,599,29950,1,3.3
2025-04-16,Wireless Charger,Electronics,Bangkok,Marketplace,37,99,3663,2,4.4
2025-11-09,Bluetooth Earbuds,Electronics,Phuket,Marketplace,21,1590,33390,0,3.2
2025-06-16,USB-C Cable,Accessories,Bangkok,In-Store,23,349,8027,0,4.6
2025-09-29,Phone Stand,Accessories,Khon Kaen,Online,20,349,6980,0,4.5
2025-04-23,Bluetooth Earbuds,Electronics,Bangkok,Online,3,299,897,0,4.8
2025-07-13,Keyboard Cover,Accessories,Bangkok,In-Store,21,299,6279,1,4.5
2025-03-17,Laptop Bag,Bags,Bangkok,Marketplace,44,99,4356,0,3.2
2025-04-30,iPhone Case,Accessories,Chiang Mai,Online,50,599,29950,4,3.2
2025-12-03,Screen Protector,Accessories,Phuket,In-Store,39,99,3861,2,4.2
2025-10-21,iPhone Case,Accessories,Pattaya,Marketplace,44,199,8756,3,4.1
2025-06-03,USB-C Cable,Accessories,Pattaya,Online,21,1290,27090,0,4.9
2025-11-05,Wireless Charger,Electronics,Bangkok,Marketplace,28,599,16772,0,3.6
2025-05-11,Bluetooth Earbuds,Electronics,Chiang Mai,Online,15,349,5235,1,3.6
2025-03-03,Keyboard Cover,Accessories,Khon Kaen,Marketplace,26,1590,41340,0,4.2
2025-03-19,Power Bank,Electronics,Phuket,Online,30,99,2970,3,3.0
2025-03-04,Wireless Charger,Electronics,Khon Kaen,In-Store,35,599,20965,1,3.3
2025-02-18,Keyboard Cover,Accessories,Phuket,Online,2,99,198,0,3.9
2025-03-03,Laptop Bag,Bags,Chiang Mai,Online,50,199,9950,2,4.9
2025-12-20,iPhone Case,Accessories,Bangkok,Online,7,349,2443,0,3.8
2025-10-04,Laptop Bag,Bags,Pattaya,In-Store,9,1290,11610,1,4.2
2025-02-21,Wireless Charger,Electronics,Pattaya,In-Store,17,349,5933,1,3.9
2025-08-18,Bluetooth Earbuds,Electronics,Chiang Mai,In-Store,44,1590,69960,2,4.2
2025-04-20,Screen Protector,Accessories,Chiang Mai,Marketplace,40,199,7960,4,3.5
2025-03-18,Mouse Pad,Accessories,Khon Kaen,Online,30,1590,47700,1,4.6
2025-02-05,iPhone Case,Accessories,Pattaya,Online,49,1590,77910,2,3.7
2025-06-17,USB-C Cable,Accessories,Chiang Mai,In-Store,31,299,9269,3,5.0
2025-04-03,Bluetooth Earbuds,Electronics,Bangkok,Online,1,199,199,1,4.8
2025-03-07,Mouse Pad,Accessories,Pattaya,Online,11,299,3289,1,3.3
2025-12-17,Bluetooth Earbuds,Electronics,Bangkok,In-Store,37,299,11063,1,4.6
2025-10-06,Phone Stand,Accessories,Bangkok,In-Store,33,299,9867,1,3.6
2025-07-10,Mouse Pad,Accessories,Bangkok,Marketplace,34,349,11866,3,3.9
2025-02-22,iPhone Case,Accessories,Khon Kaen,Marketplace,21,890,18690,2,5.0
2025-04-02,Keyboard Cover,Accessories,Pattaya,In-Store,44,890,39160,3,3.4
2025-09-11,Keyboard Cover,Accessories,Chiang Mai,Marketplace,20,890,17800,0,3.4
2025-11-29,Phone Stand,Accessories,Khon Kaen,Marketplace,47,299,14053,3,4.9
2025-09-20,Bluetooth Earbuds,Electronics,Khon Kaen,Online,30,149,4470,0,3.6
2025-12-14,Phone Stand,Accessories,Pattaya,Online,20,149,2980,1,4.5
2025-12-20,iPhone Case,Accessories,Bangkok,Online,10,599,5990,0,4.9
2025-02-25,Phone Stand,Accessories,Khon Kaen,Marketplace,7,349,2443,1,3.4
2025-10-24,Mouse Pad,Accessories,Pattaya,Online,9,99,891,0,4.3
2025-06-05,Screen Protector,Accessories,Bangkok,In-Store,43,99,4257,2,4.1
2025-02-24,Phone Stand,Accessories,Chiang Mai,Marketplace,38,149,5662,0,3.2
2025-02-12,Wireless Charger,Electronics,Chiang Mai,Marketplace,5,349,1745,1,3.9
2025-06-11,Keyboard Cover,Accessories,Khon Kaen,Marketplace,6,149,894,1,3.0
2025-01-04,Laptop Bag,Bags,Bangkok,Online,19,349,6631,0,4.2
2025-09-05,Screen Protector,Accessories,Pattaya,Online,14,299,4186,0,4.1
2025-09-25,Power Bank,Electronics,Pattaya,Online,6,890,5340,1,4.6
2025-01-23,Phone Stand,Accessories,Pattaya,Marketplace,33,349,11517,2,4.1
2025-09-06,Power Bank,Electronics,Chiang Mai,Online,2,890,1780,1,3.7
2025-11-27,Bluetooth Earbuds,Electronics,Khon Kaen,Marketplace,5,1590,7950,0,4.0
2025-01-05,Laptop Bag,Bags,Pattaya,Online,32,599,19168,1,5.0
2025-03-29,Mouse Pad,Accessories,Pattaya,Marketplace,39,599,23361,1,4.3
2025-04-19,Laptop Bag,Bags,Bangkok,Marketplace,16,299,4784,1,4.3
2025-09-04,Wireless Charger,Electronics,Khon Kaen,Online,23,299,6877,0,4.0
2025-04-03,iPhone Case,Accessories,Chiang Mai,In-Store,40,349,13960,2,3.5
2025-09-11,Power Bank,Electronics,Pattaya,Online,2,99,198,1,4.2
2025-11-10,Phone Stand,Accessories,Chiang Mai,Online,19,890,16910,1,3.4
2025-05-05,Keyboard Cover,Accessories,Chiang Mai,Online,10,99,990,1,3.4
2025-07-12,Screen Protector,Accessories,Bangkok,Online,49,299,14651,3,3.5
2025-01-10,Mouse Pad,Accessories,Phuket,Marketplace,31,599,18569,3,3.4
2025-04-23,Mouse Pad,Accessories,Chiang Mai,In-Store,6,149,894,1,4.5
2025-12-18,Bluetooth Earbuds,Electronics,Bangkok,Online,21,99,2079,1,3.2
2025-02-11,USB-C Cable,Accessories,Pattaya,In-Store,41,1590,65190,2,4.0
2025-03-20,Keyboard Cover,Accessories,Khon Kaen,Marketplace,26,199,5174,1,3.9
2025-12-23,Screen Protector,Accessories,Pattaya,In-Store,32,599,19168,3,4.8
2025-02-24,Laptop Bag,Bags,Chiang Mai,Marketplace,33,1290,42570,3,3.2
2025-04-04,Phone Stand,Accessories,Bangkok,Online,30,1590,47700,1,4.3
2025-03-25,Phone Stand,Accessories,Pattaya,In-Store,50,890,44500,2,3.7
2025-11-02,iPhone Case,Accessories,Pattaya,Marketplace,44,99,4356,4,3.1
2025-03-22,Wireless Charger,Electronics,Khon Kaen,Online,19,149,2831,1,3.8
2025-08-18,Bluetooth Earbuds,Electronics,Phuket,In-Store,23,99,2277,1,3.6
2025-02-05,Power Bank,Electronics,Khon Kaen,In-Store,11,149,1639,1,3.3
2025-06-15,Screen Protector,Accessories,Phuket,Online,2,1290,2580,1,4.4
2025-09-10,Mouse Pad,Accessories,Chiang Mai,Marketplace,4,349,1396,1,4.7
2025-11-11,Laptop Bag,Bags,Phuket,In-Store,26,99,2574,2,3.8
2025-07-14,iPhone Case,Accessories,Khon Kaen,Marketplace,34,99,3366,1,4.2
2025-02-02,USB-C Cable,Accessories,Pattaya,Marketplace,47,199,9353,0,3.1
2025-08-17,USB-C Cable,Accessories,Pattaya,Online,38,890,33820,2,3.5
2025-01-21,USB-C Cable,Accessories,Chiang Mai,Marketplace,44,1590,69960,3,3.2
2025-09-22,Mouse Pad,Accessories,Chiang Mai,In-Store,34,199,6766,1,3.4
2025-04-15,Screen Protector,Accessories,Chiang Mai,Online,42,199,8358,4,3.8
2025-10-22,Screen Protector,Accessories,Pattaya,In-Store,46,199,9154,4,4.9
2025-07-16,Screen Protector,Accessories,Pattaya,Marketplace,47,890,41830,0,4.8
2025-07-09,Power Bank,Electronics,Phuket,Online,16,299,4784,0,4.4
2025-09-25,iPhone Case,Accessories,Pattaya,Online,14,599,8386,1,3.5
2025-02-13,Keyboard Cover,Accessories,Phuket,In-Store,31,149,4619,0,4.9
2025-10-16,Bluetooth Earbuds,Electronics,Pattaya,Online,16,599,9584,1,3.4
2025-04-10,Screen Protector,Accessories,Khon Kaen,In-Store,31,299,9269,2,4.8
2025-07-09,Bluetooth Earbuds,Electronics,Bangkok,Online,23,349,8027,0,3.5
2025-09-02,Phone Stand,Accessories,Phuket,Marketplace,17,890,15130,0,4.0
2025-07-13,Power Bank,Electronics,Phuket,In-Store,21,890,18690,2,3.7
2025-07-27,USB-C Cable,Accessories,Phuket,Online,22,199,4378,2,4.4
2025-12-30,Power Bank,Electronics,Pattaya,Marketplace,36,890,32040,0,3.5
2025-02-19,Keyboard Cover,Accessories,Chiang Mai,In-Store,40,149,5960,4,4.2
2025-01-12,Keyboard Cover,Accessories,Pattaya,In-Store,34,199,6766,2,4.6
2025-05-06,USB-C Cable,Accessories,Pattaya,In-Store,48,890,42720,2,4.3
2025-01-28,iPhone Case,Accessories,Khon Kaen,In-Store,22,599,13178,1,4.6
2025-05-19,Laptop Bag,Bags,Khon Kaen,In-Store,28,299,8372,2,4.4
2025-03-28,Screen Protector,Accessories,Pattaya,In-Store,8,99,792,1,3.4
2025-06-01,USB-C Cable,Accessories,Phuket,In-Store,2,1290,2580,0,4.3
2025-09-13,Mouse Pad,Accessories,Chiang Mai,Marketplace,45,599,26955,1,3.2
2025-01-05,Keyboard Cover,Accessories,Chiang Mai,In-Store,5,599,2995,0,3.1
2025-08-01,Phone Stand,Accessories,Bangkok,In-Store,18,199,3582,0,3.5
2025-05-28,Laptop Bag,Bags,Chiang Mai,Marketplace,25,1290,32250,1,3.1
2025-01-25,Mouse Pad,Accessories,Phuket,In-Store,33,599,19767,3,3.5
2025-05-29,Wireless Charger,Electronics,Chiang Mai,In-Store,41,299,12259,4,3.3
2025-07-25,USB-C Cable,Accessories,Khon Kaen,Marketplace,43,890,38270,2,4.0
2025-01-22,Phone Stand,Accessories,Chiang Mai,Online,13,149,1937,1,4.0
2025-06-13,Bluetooth Earbuds,Electronics,Bangkok,Marketplace,44,99,4356,2,3.1
2025-10-31,USB-C Cable,Accessories,Bangkok,Marketplace,39,99,3861,3,3.5
2025-05-10,USB-C Cable,Accessories,Chiang Mai,Online,15,599,8985,0,3.3
2025-09-08,Keyboard Cover,Accessories,Bangkok,Online,1,299,299,1,4.2
2025-07-08,Keyboard Cover,Accessories,Khon Kaen,In-Store,27,149,4023,2,4.8
2025-11-24,Power Bank,Electronics,Khon Kaen,In-Store,49,890,43610,4,4.5
2025-12-28,Keyboard Cover,Accessories,Chiang Mai,Online,6,299,1794,1,4.3
2025-08-28,Bluetooth Earbuds,Electronics,Pattaya,Online,48,349,16752,3,4.3
2025-08-29,Keyboard Cover,Accessories,Phuket,In-Store,32,1290,41280,2,3.9
2025-03-26,Phone Stand,Accessories,Bangkok,Marketplace,1,599,599,1,3.9
2025-07-12,Keyboard Cover,Accessories,Phuket,Marketplace,2,890,1780,0,5.0
2025-04-25,Laptop Bag,Bags,Bangkok,Marketplace,25,199,4975,1,3.8
2025-07-21,Wireless Charger,Electronics,Phuket,In-Store,42,1290,54180,3,3.2
2025-09-04,Mouse Pad,Accessories,Phuket,Online,12,199,2388,0,3.1
2025-01-14,Power Bank,Electronics,Bangkok,Online,14,349,4886,0,3.6
2025-06-30,Bluetooth Earbuds,Electronics,Pattaya,Marketplace,19,149,2831,0,3.8
2025-03-11,Screen Protector,Accessories,Pattaya,Online,5,299,1495,1,3.6
2025-04-12,Laptop Bag,Bags,Khon Kaen,Online,7,599,4193,0,3.8
2025-02-14,Phone Stand,Accessories,Bangkok,Online,47,1590,74730,3,3.7
2025-02-22,Wireless Charger,Electronics,Pattaya,In-Store,45,199,8955,2,4.9
2025-05-09,Laptop Bag,Bags,Phuket,Marketplace,49,1590,77910,0,3.3
2025-08-31,Screen Protector,Accessories,Bangkok,Online,22,890,19580,1,4.4
2025-04-30,USB-C Cable,Accessories,Chiang Mai,Marketplace,3,890,2670,0,4.0
2025-09-26,USB-C Cable,Accessories,Pattaya,Online,19,99,1881,0,3.2
2025-10-03,Phone Stand,Accessories,Chiang Mai,Online,14,1290,18060,0,4.4
2025-10-19,iPhone Case,Accessories,Bangkok,Marketplace,6,890,5340,0,4.7
2025-09-10,Laptop Bag,Bags,Khon Kaen,In-Store,50,349,17450,5,3.0
2025-04-04,Bluetooth Earbuds,Electronics,Chiang Mai,Online,28,890,24920,1,3.1
2025-11-19,Power Bank,Electronics,Phuket,In-Store,45,1290,58050,1,3.3
2025-06-08,Mouse Pad,Accessories,Khon Kaen,Marketplace,42,1290,54180,1,4.2
2025-09-06,Power Bank,Electronics,Chiang Mai,Marketplace,48,199,9552,0,4.6
2025-07-26,Wireless Charger,Electronics,Pattaya,Online,41,1590,65190,3,4.5
2025-09-08,Phone Stand,Accessories,Pattaya,Marketplace,48,149,7152,2,4.4
2025-08-22,iPhone Case,Accessories,Chiang Mai,Online,18,99,1782,0,4.7
2025-01-25,Wireless Charger,Electronics,Khon Kaen,Online,47,199,9353,2,4.7
2025-10-16,USB-C Cable,Accessories,Phuket,Marketplace,11,299,3289,0,4.2
2025-03-10,Keyboard Cover,Accessories,Chiang Mai,In-Store,27,199,5373,1,3.6
2025-10-04,Keyboard Cover,Accessories,Phuket,Online,28,299,8372,2,3.9
2025-02-15,Mouse Pad,Accessories,Chiang Mai,Online,34,299,10166,3,3.6
2025-10-12,USB-C Cable,Accessories,Chiang Mai,Marketplace,46,1290,59340,0,4.0
2025-02-23,Mouse Pad,Accessories,Chiang Mai,In-Store,19,99,1881,1,3.4
2025-08-04,Bluetooth Earbuds,Electronics,Chiang Mai,In-Store,48,1290,61920,4,4.9
2025-10-25,iPhone Case,Accessories,Pattaya,In-Store,44,149,6556,2,3.7
2025-07-03,Laptop Bag,Bags,Phuket,Marketplace,16,1290,20640,0,3.8
2025-01-02,Power Bank,Electronics,Phuket,Online,31,149,4619,3,4.5
2025-08-10,Bluetooth Earbuds,Electronics,Khon Kaen,In-Store,3,1290,3870,1,4.8
2025-11-11,Bluetooth Earbuds,Electronics,Pattaya,In-Store,22,1590,34980,2,4.8
2025-09-16,Keyboard Cover,Accessories,Phuket,Marketplace,50,99,4950,2,4.5
2025-03-01,iPhone Case,Accessories,Phuket,Online,47,1290,60630,4,5.0
2025-10-18,USB-C Cable,Accessories,Phuket,Online,13,349,4537,1,4.7
2025-03-02,iPhone Case,Accessories,Phuket,Online,12,149,1788,1,3.6
2025-11-22,Wireless Charger,Electronics,Khon Kaen,In-Store,23,349,8027,2,3.8
2025-05-31,Mouse Pad,Accessories,Pattaya,Marketplace,3,199,597,0,4.0
2025-12-28,Wireless Charger,Electronics,Pattaya,Online,12,199,2388,1,4.8
2025-05-07,USB-C Cable,Accessories,Khon Kaen,Marketplace,28,149,4172,1,4.0
2025-03-05,Mouse Pad,Accessories,Pattaya,Online,21,349,7329,2,4.1
2025-12-25,iPhone Case,Accessories,Phuket,Online,44,199,8756,1,4.5
2025-10-22,Phone Stand,Accessories,Khon Kaen,Online,40,1290,51600,1,3.2
2025-07-13,Bluetooth Earbuds,Electronics,Khon Kaen,In-Store,15,890,13350,0,3.3
2025-09-27,USB-C Cable,Accessories,Bangkok,Marketplace,30,1290,38700,1,4.2
2025-09-28,Keyboard Cover,Accessories,Phuket,Online,30,349,10470,2,4.7
2025-08-20,Phone Stand,Accessories,Chiang Mai,Online,20,149,2980,1,4.7
2025-12-06,Power Bank,Electronics,Khon Kaen,In-Store,47,1290,60630,1,3.5
2025-07-08,Mouse Pad,Accessories,Khon Kaen,Marketplace,20,1290,25800,1,3.8
2025-07-11,Laptop Bag,Bags,Pattaya,In-Store,8,1590,12720,0,4.5
2025-07-02,Mouse Pad,Accessories,Khon Kaen,In-Store,32,599,19168,1,3.6
2025-07-03,Laptop Bag,Bags,Bangkok,In-Store,16,599,9584,1,3.4
2025-02-28,Keyboard Cover,Accessories,Chiang Mai,In-Store,25,149,3725,1,4.9
2025-06-19,Wireless Charger,Electronics,Chiang Mai,Online,46,299,13754,0,3.4
2025-07-22,Keyboard Cover,Accessories,Bangkok,In-Store,48,1290,61920,1,4.1
2025-08-09,Wireless Charger,Electronics,Phuket,In-Store,30,349,10470,3,3.3
2025-12-14,Mouse Pad,Accessories,Phuket,In-Store,13,349,4537,1,3.6
2025-01-12,Power Bank,Electronics,Phuket,Marketplace,8,99,792,1,4.9
2025-05-30,Wireless Charger,Electronics,Phuket,Online,36,149,5364,3,4.3
2025-09-30,Screen Protector,Accessories,Bangkok,In-Store,47,299,14053,2,3.8
2025-02-15,iPhone Case,Accessories,Pattaya,Marketplace,46,890,40940,4,4.4
2025-05-18,Keyboard Cover,Accessories,Phuket,In-Store,39,99,3861,1,3.4
2025-08-06,Mouse Pad,Accessories,Chiang Mai,Online,35,890,31150,0,3.7
2025-10-17,Screen Protector,Accessories,Khon Kaen,Online,8,890,7120,0,3.8
2025-06-03,Laptop Bag,Bags,Phuket,In-Store,35,599,20965,1,3.4
2025-06-08,Bluetooth Earbuds,Electronics,Chiang Mai,Marketplace,20,599,11980,0,4.4
2025-07-09,Phone Stand,Accessories,Khon Kaen,In-Store,39,599,23361,2,4.1
2025-09-09,Keyboard Cover,Accessories,Khon Kaen,In-Store,50,149,7450,0,3.9
2025-11-30,Wireless Charger,Electronics,Phuket,Marketplace,43,890,38270,1,3.2
2025-08-18,USB-C Cable,Accessories,Bangkok,Marketplace,41,299,12259,1,4.4
2025-07-26,iPhone Case,Accessories,Phuket,Marketplace,30,349,10470,3,3.5
2025-04-11,Power Bank,Electronics,Pattaya,In-Store,1,599,599,0,3.9
2025-03-01,Keyboard Cover,Accessories,Khon Kaen,In-Store,10,1290,12900,0,4.7
2025-05-04,Phone Stand,Accessories,Bangkok,In-Store,40,199,7960,0,5.0
2025-08-24,Power Bank,Electronics,Phuket,Online,9,149,1341,1,3.3
2025-06-06,Bluetooth Earbuds,Electronics,Bangkok,Marketplace,34,199,6766,2,4.2
2025-07-17,Screen Protector,Accessories,Bangkok,Marketplace,38,1290,49020,0,4.5
2025-06-28,Keyboard Cover,Accessories,Bangkok,In-Store,24,890,21360,2,3.2
2025-01-03,iPhone Case,Accessories,Phuket,Marketplace,48,1590,76320,4,4.9
2025-12-30,iPhone Case,Accessories,Phuket,In-Store,23,99,2277,1,3.1
2025-09-07,Screen Protector,Accessories,Chiang Mai,Marketplace,45,199,8955,3,4.1
2025-03-16,Bluetooth Earbuds,Electronics,Phuket,In-Store,29,890,25810,1,4.3
2025-04-01,Power Bank,Electronics,Chiang Mai,Marketplace,21,349,7329,2,4.5
2025-10-01,Power Bank,Electronics,Khon Kaen,Marketplace,22,1590,34980,1,3.2
2025-05-30,USB-C Cable,Accessories,Phuket,Marketplace,23,149,3427,1,3.9
2025-04-02,Bluetooth Earbuds,Electronics,Pattaya,Marketplace,9,599,5391,0,4.8
2025-05-19,Wireless Charger,Electronics,Khon Kaen,Marketplace,38,599,22762,0,4.5
2025-08-06,Keyboard Cover,Accessories,Pattaya,Online,16,1290,20640,0,3.1
2025-06-17,Phone Stand,Accessories,Bangkok,Online,17,149,2533,1,3.6
2025-11-07,Power Bank,Electronics,Khon Kaen,In-Store,9,99,891,0,3.8
2025-03-06,Screen Protector,Accessories,Bangkok,Online,24,599,14376,2,3.7
2025-05-18,iPhone Case,Accessories,Chiang Mai,In-Store,19,890,16910,1,4.0
2025-01-20,Mouse Pad,Accessories,Khon Kaen,Marketplace,43,99,4257,1,3.6
2025-06-23,Wireless Charger,Electronics,Pattaya,Online,17,349,5933,1,4.4
2025-04-12,USB-C Cable,Accessories,Pattaya,Online,26,890,23140,2,4.6
2025-08-17,Bluetooth Earbuds,Electronics,Bangkok,Marketplace,28,349,9772,1,3.7
2025-12-09,Keyboard Cover,Accessories,Phuket,Marketplace,32,890,28480,1,4.0
2025-04-12,USB-C Cable,Accessories,Phuket,In-Store,30,890,26700,2,4.4
2025-09-19,Mouse Pad,Accessories,Khon Kaen,In-Store,50,1290,64500,4,4.0
2025-07-08,Laptop Bag,Bags,Bangkok,Marketplace,36,890,32040,1,4.1
2025-07-30,Wireless Charger,Electronics,Bangkok,In-Store,6,349,2094,1,4.0
2025-01-16,Laptop Bag,Bags,Phuket,Marketplace,34,1290,43860,2,4.0
2025-08-14,Power Bank,Electronics,Khon Kaen,In-Store,6,1290,7740,0,3.7
2025-07-31,Phone Stand,Accessories,Bangkok,Online,39,890,34710,2,3.9
2025-01-24,Keyboard Cover,Accessories,Bangkok,In-Store,27,99,2673,1,3.0
2025-11-14,Laptop Bag,Bags,Khon Kaen,Online,12,149,1788,1,4.4
2025-11-03,Laptop Bag,Bags,Khon Kaen,Online,25,1590,39750,1,3.9
2025-07-05,Screen Protector,Accessories,Phuket,Marketplace,47,890,41830,4,3.5
2025-10-17,USB-C Cable,Accessories,Pattaya,Online,5,890,4450,0,3.6
2025-09-03,Phone Stand,Accessories,Khon Kaen,Marketplace,43,299,12857,2,3.7
2025-10-23,Laptop Bag,Bags,Khon Kaen,Online,27,890,24030,2,3.2
2025-12-26,Screen Protector,Accessories,Bangkok,Marketplace,16,349,5584,0,4.5
2025-12-31,Bluetooth Earbuds,Electronics,Phuket,In-Store,48,349,16752,4,4.9
2025-11-18,USB-C Cable,Accessories,Phuket,Online,41,890,36490,0,3.4
2025-10-07,Mouse Pad,Accessories,Phuket,Marketplace,40,149,5960,2,4.3
2025-04-15,Wireless Charger,Electronics,Chiang Mai,Online,38,599,22762,3,3.2
2025-09-14,iPhone Case,Accessories,Phuket,Marketplace,19,299,5681,1,4.1
2025-01-07,USB-C Cable,Accessories,Bangkok,Marketplace,46,299,13754,4,3.5
2025-08-22,USB-C Cable,Accessories,Bangkok,Marketplace,2,890,1780,0,3.0
2025-01-17,Bluetooth Earbuds,Electronics,Phuket,In-Store,42,1290,54180,2,5.0
2025-08-12,Power Bank,Electronics,Pattaya,Online,2,1290,2580,1,3.2
2025-12-15,Bluetooth Earbuds,Electronics,Chiang Mai,In-Store,50,1590,79500,1,3.3
2025-08-07,iPhone Case,Accessories,Bangkok,In-Store,39,99,3861,2,3.7
2025-12-13,Laptop Bag,Bags,Phuket,Marketplace,22,1290,28380,0,4.1
2025-10-08,Wireless Charger,Electronics,Chiang Mai,Marketplace,31,349,10819,1,3.8
2025-02-20,Power Bank,Electronics,Phuket,In-Store,27,1290,34830,0,4.0
2025-05-05,Bluetooth Earbuds,Electronics,Bangkok,In-Store,2,199,398,0,3.6
2025-09-19,Laptop Bag,Bags,Phuket,Online,28,149,4172,1,4.1
2025-06-06,Bluetooth Earbuds,Electronics,Phuket,Marketplace,7,1290,9030,0,4.7
2025-01-06,Screen Protector,Accessories,Pattaya,Marketplace,27,1290,34830,1,4.5
2025-05-26,iPhone Case,Accessories,Khon Kaen,Marketplace,23,149,3427,2,5.0
2025-06-08,Phone Stand,Accessories,Khon Kaen,In-Store,47,349,16403,1,5.0
2025-08-02,Screen Protector,Accessories,Bangkok,In-Store,28,149,4172,0,3.2
2025-10-04,Bluetooth Earbuds,Electronics,Phuket,In-Store,23,199,4577,0,4.1
2025-05-25,Laptop Bag,Bags,Pattaya,Online,14,1290,18060,0,3.7
2025-05-25,Laptop Bag,Bags,Pattaya,In-Store,50,1590,79500,2,4.1
2025-11-23,Wireless Charger,Electronics,Pattaya,Online,49,349,17101,4,3.2
2025-10-12,Bluetooth Earbuds,Electronics,Khon Kaen,Online,32,299,9568,2,3.9
2025-01-18,iPhone Case,Accessories,Chiang Mai,In-Store,45,1290,58050,2,3.2
2025-08-31,iPhone Case,Accessories,Khon Kaen,Marketplace,1,349,349,1,3.5
2025-10-21,Power Bank,Electronics,Khon Kaen,Online,31,299,9269,1,4.7
2025-06-02,Phone Stand,Accessories,Bangkok,Marketplace,31,890,27590,1,4.0
2025-02-19,iPhone Case,Accessories,Phuket,Marketplace,18,1290,23220,1,3.0
2025-11-23,Mouse Pad,Accessories,Bangkok,In-Store,15,199,2985,0,4.2
2025-01-16,Phone Stand,Accessories,Pattaya,Marketplace,29,349,10121,0,3.3
2025-10-21,Power Bank,Electronics,Khon Kaen,Online,47,99,4653,0,5.0
2025-04-08,Bluetooth Earbuds,Electronics,Khon Kaen,In-Store,35,149,5215,1,3.4
2025-06-22,Screen Protector,Accessories,Pattaya,In-Store,48,890,42720,0,4.7
2025-03-23,Laptop Bag,Bags,Chiang Mai,In-Store,39,349,13611,0,4.3
2025-01-14,Mouse Pad,Accessories,Chiang Mai,In-Store,15,1290,19350,1,4.5
2025-08-04,iPhone Case,Accessories,Chiang Mai,Marketplace,44,1290,56760,3,4.0
2025-01-06,Keyboard Cover,Accessories,Chiang Mai,Online,29,349,10121,2,4.0
2025-11-11,iPhone Case,Accessories,Phuket,Online,6,599,3594,1,3.2
2025-02-26,Power Bank,Electronics,Bangkok,Marketplace,17,890,15130,1,3.5
2025-09-22,Phone Stand,Accessories,Pattaya,In-Store,34,1290,43860,3,3.2
2025-09-24,iPhone Case,Accessories,Chiang Mai,In-Store,29,199,5771,2,4.4
2025-11-19,Wireless Charger,Electronics,Khon Kaen,Online,42,149,6258,0,4.9
2025-04-21,Keyboard Cover,Accessories,Bangkok,Marketplace,16,149,2384,0,4.3
2025-07-17,Screen Protector,Accessories,Phuket,Online,19,299,5681,0,3.2
2025-10-02,Mouse Pad,Accessories,Khon Kaen,Marketplace,31,599,18569,2,3.1
2025-11-30,Mouse Pad,Accessories,Bangkok,Online,48,1590,76320,0,3.6
2025-05-08,Keyboard Cover,Accessories,Bangkok,Online,36,1590,57240,1,4.0
2025-03-03,Screen Protector,Accessories,Chiang Mai,Online,1,1290,1290,1,3.1
2025-02-11,Laptop Bag,Bags,Pattaya,Online,28,149,4172,2,4.4
2025-07-14,Keyboard Cover,Accessories,Pattaya,Marketplace,10,1590,15900,0,3.9
2025-07-02,Keyboard Cover,Accessories,Bangkok,Marketplace,39,1590,62010,0,4.0
2025-08-19,Screen Protector,Accessories,Chiang Mai,In-Store,19,1290,24510,1,4.4
2025-05-24,iPhone Case,Accessories,Phuket,In-Store,15,1290,19350,0,3.9
2025-07-07,Screen Protector,Accessories,Khon Kaen,Marketplace,28,890,24920,2,4.9
2025-09-02,Laptop Bag,Bags,Bangkok,Online,23,199,4577,2,4.4
2025-11-30,Power Bank,Electronics,Phuket,Marketplace,48,599,28752,0,3.2
2025-04-04,iPhone Case,Accessories,Pattaya,In-Store,8,349,2792,1,4.0
2025-11-03,Screen Protector,Accessories,Bangkok,Marketplace,13,349,4537,1,3.8
2025-01-29,Keyboard Cover,Accessories,Pattaya,Marketplace,42,99,4158,2,3.5
2025-02-08,USB-C Cable,Accessories,Chiang Mai,Marketplace,14,1290,18060,1,3.5
2025-05-04,Power Bank,Electronics,Chiang Mai,Marketplace,17,149,2533,0,4.9
2025-04-21,Screen Protector,Accessories,Phuket,In-Store,41,149,6109,0,4.0
2025-11-04,Screen Protector,Accessories,Phuket,In-Store,25,149,3725,2,3.0
2025-02-09,Laptop Bag,Bags,Pattaya,Online,22,149,3278,0,3.3
2025-11-09,Phone Stand,Accessories,Bangkok,Online,4,349,1396,0,4.4
2025-01-09,Bluetooth Earbuds,Electronics,Pattaya,Marketplace,27,299,8073,1,4.4
2025-01-24,USB-C Cable,Accessories,Pattaya,Online,22,349,7678,0,3.6
2025-01-13,Mouse Pad,Accessories,Phuket,Marketplace,36,890,32040,3,3.2
2025-09-29,Bluetooth Earbuds,Electronics,Pattaya,Marketplace,12,1290,15480,0,4.8
2025-01-05,Laptop Bag,Bags,Phuket,In-Store,39,199,7761,1,4.1
2025-02-07,Power Bank,Electronics,Khon Kaen,Online,9,149,1341,0,4.4
2025-06-17,USB-C Cable,Accessories,Pattaya,Marketplace,49,99,4851,3,3.9
2025-12-05,Screen Protector,Accessories,Khon Kaen,Online,41,99,4059,1,4.7
2025-05-31,Phone Stand,Accessories,Chiang Mai,Online,43,1590,68370,3,4.7
2025-09-23,Mouse Pad,Accessories,Phuket,Marketplace,33,99,3267,0,3.6
2025-08-05,USB-C Cable,Accessories,Pattaya,Online,26,349,9074,1,3.8
2025-07-20,Mouse Pad,Accessories,Bangkok,In-Store,10,599,5990,0,4.5
2025-07-28,Power Bank,Electronics,Chiang Mai,In-Store,34,299,10166,1,3.6
2025-12-21,USB-C Cable,Accessories,Bangkok,Online,6,349,2094,0,4.0
2025-02-04,Keyboard Cover,Accessories,Phuket,Online,2,1290,2580,1,3.7
2025-04-25,Laptop Bag,Bags,Khon Kaen,In-Store,48,599,28752,2,4.7
2025-01-16,Bluetooth Earbuds,Electronics,Khon Kaen,Marketplace,22,349,7678,1,4.2
2025-01-21,Keyboard Cover,Accessories,Chiang Mai,Marketplace,6,299,1794,0,3.1
2025-08-03,Power Bank,Electronics,Khon Kaen,In-Store,36,1290,46440,3,5.0
2025-03-30,Screen Protector,Accessories,Pattaya,Marketplace,32,1590,50880,2,3.1
2025-10-17,Power Bank,Electronics,Pattaya,In-Store,40,99,3960,2,4.2
2025-01-28,Screen Protector,Accessories,Phuket,Marketplace,41,890,36490,1,3.6
2025-05-31,Bluetooth Earbuds,Electronics,Khon Kaen,Online,26,349,9074,2,3.3
2025-02-11,Power Bank,Electronics,Chiang Mai,Marketplace,25,1290,32250,1,4.3
2025-09-02,Laptop Bag,Bags,Pattaya,In-Store,34,99,3366,3,4.7
2025-02-26,Laptop Bag,Bags,Chiang Mai,Online,9,1590,14310,0,3.7
2025-04-28,iPhone Case,Accessories,Bangkok,Online,26,299,7774,2,4.3
2025-01-13,iPhone Case,Accessories,Khon Kaen,Online,30,349,10470,1,4.2
2025-05-09,Bluetooth Earbuds,Electronics,Khon Kaen,Marketplace,15,149,2235,1,4.0
2025-01-24,iPhone Case,Accessories,Khon Kaen,Marketplace,19,299,5681,1,3.9
2025-04-27,iPhone Case,Accessories,Pattaya,Marketplace,39,1590,62010,0,3.9
2025-07-17,Keyboard Cover,Accessories,Phuket,Marketplace,15,99,1485,0,4.7
2025-08-02,iPhone Case,Accessories,Pattaya,Marketplace,30,99,2970,2,4.9
2025-01-03,USB-C Cable,Accessories,Phuket,Online,35,299,10465,2,5.0
2025-01-07,iPhone Case,Accessories,Phuket,In-Store,36,599,21564,0,4.0
2025-02-18,Phone Stand,Accessories,Phuket,Online,5,890,4450,0,3.2
2025-05-03,Screen Protector,Accessories,Pattaya,In-Store,18,149,2682,0,3.7
2025-04-01,Keyboard Cover,Accessories,Chiang Mai,In-Store,46,1290,59340,2,4.6
2025-12-20,Mouse Pad,Accessories,Pattaya,Online,34,299,10166,0,4.3
2025-03-28,iPhone Case,Accessories,Khon Kaen,Marketplace,48,99,4752,0,3.9
2025-11-11,USB-C Cable,Accessories,Pattaya,Online,19,199,3781,1,4.3
2025-03-03,iPhone Case,Accessories,Khon Kaen,In-Store,29,149,4321,1,3.2
2025-10-04,Bluetooth Earbuds,Electronics,Bangkok,In-Store,11,149,1639,0,4.1
2025-12-06,iPhone Case,Accessories,Chiang Mai,Online,24,599,14376,2,4.0
2025-05-31,Phone Stand,Accessories,Pattaya,Marketplace,32,299,9568,1,3.5
2025-02-02,Keyboard Cover,Accessories,Phuket,Online,23,299,6877,2,4.3
2025-10-13,Screen Protector,Accessories,Pattaya,Online,24,299,7176,0,4.9
2025-09-14,iPhone Case,Accessories,Khon Kaen,Online,24,149,3576,2,4.0
2025-06-23,Wireless Charger,Electronics,Chiang Mai,Marketplace,12,199,2388,1,3.8
2025-07-11,Laptop Bag,Bags,Khon Kaen,Online,13,599,7787,1,4.5
2025-10-22,Mouse Pad,Accessories,Bangkok,Online,34,1590,54060,0,3.1
2025-01-02,USB-C Cable,Accessories,Chiang Mai,Online,20,1290,25800,0,3.3
2025-12-19,Phone Stand,Accessories,Chiang Mai,In-Store,22,1590,34980,2,4.8
2025-10-23,Screen Protector,Accessories,Pattaya,Marketplace,14,890,12460,1,4.0
2025-01-11,iPhone Case,Accessories,Phuket,In-Store,42,299,12558,1,4.7
2025-01-06,Bluetooth Earbuds,Electronics,Bangkok,Marketplace,12,99,1188,1,4.3
2025-05-19,Wireless Charger,Electronics,Chiang Mai,In-Store,46,299,13754,1,4.5
2025-09-12,Bluetooth Earbuds,Electronics,Bangkok,Marketplace,11,149,1639,0,3.7
2025-11-08,Wireless Charger,Electronics,Chiang Mai,In-Store,21,149,3129,1,4.2
2025-10-12,Wireless Charger,Electronics,Khon Kaen,In-Store,26,199,5174,2,3.7
2025-03-28,Wireless Charger,Electronics,Phuket,Online,23,299,6877,0,4.7
2025-03-09,Mouse Pad,Accessories,Pattaya,Marketplace,2,199,398,0,3.1
2025-01-25,Power Bank,Electronics,Pattaya,Marketplace,10,99,990,0,3.2
2025-06-13,Bluetooth Earbuds,Electronics,Khon Kaen,In-Store,16,299,4784,1,4.1
2025-10-12,Phone Stand,Accessories,Chiang Mai,Marketplace,35,1590,55650,3,4.8
2025-02-19,Power Bank,Electronics,Phuket,Marketplace,25,599,14975,2,4.9
2025-08-27,USB-C Cable,Accessories,Bangkok,Online,22,349,7678,0,3.9
2025-11-04,USB-C Cable,Accessories,Bangkok,In-Store,11,1290,14190,1,4.2
2025-11-02,iPhone Case,Accessories,Khon Kaen,Online,35,349,12215,0,4.4
2025-10-18,Screen Protector,Accessories,Pattaya,Online,10,1590,15900,1,3.8
2025-12-26,iPhone Case,Accessories,Pattaya,Online,31,99,3069,3,4.9
2025-09-13,Phone Stand,Accessories,Phuket,Online,3,349,1047,1,4.0
2025-10-20,Mouse Pad,Accessories,Chiang Mai,Online,50,890,44500,0,4.6
2025-12-25,Laptop Bag,Bags,Pattaya,In-Store,10,199,1990,0,3.7
2025-01-25,Mouse Pad,Accessories,Bangkok,Marketplace,25,99,2475,1,4.0
2025-02-17,iPhone Case,Accessories,Bangkok,Online,10,599,5990,0,4.5
2025-09-21,USB-C Cable,Accessories,Phuket,In-Store,31,199,6169,0,4.0
2025-12-22,Bluetooth Earbuds,Electronics,Khon Kaen,In-Store,48,99,4752,3,4.7
2025-09-05,USB-C Cable,Accessories,Bangkok,Marketplace,23,349,8027,0,4.1
2025-12-17,Screen Protector,Accessories,Khon Kaen,Online,34,99,3366,0,4.5
2025-09-21,Power Bank,Electronics,Pattaya,Online,11,149,1639,0,3.8
2025-07-29,Bluetooth Earbuds,Electronics,Bangkok,In-Store,33,349,11517,0,4.5
2025-06-09,Keyboard Cover,Accessories,Chiang Mai,Marketplace,3,199,597,1,4.0
2025-09-06,Laptop Bag,Bags,Phuket,Marketplace,17,1290,21930,1,3.1
2025-10-08,Bluetooth Earbuds,Electronics,Phuket,Online,32,299,9568,1,3.7
2025-02-16,Phone Stand,Accessories,Khon Kaen,Marketplace,11,299,3289,1,4.0
2025-02-17,Mouse Pad,Accessories,Khon Kaen,In-Store,7,1290,9030,1,4.3
2025-06-18,Wireless Charger,Electronics,Chiang Mai,Marketplace,2,299,598,1,4.7
2025-04-30,Phone Stand,Accessories,Bangkok,In-Store,6,599,3594,0,3.1
2025-03-24,Keyboard Cover,Accessories,Pattaya,In-Store,42,1590,66780,1,3.8
2025-09-23,Mouse Pad,Accessories,Pattaya,In-Store,44,599,26356,3,4.1
2025-08-09,Phone Stand,Accessories,Khon Kaen,In-Store,35,890,31150,3,4.1
2025-09-05,Laptop Bag,Bags,Pattaya,Marketplace,39,1590,62010,1,4.2
2025-03-13,Phone Stand,Accessories,Khon Kaen,Online,37,199,7363,2,4.3
2025-10-28,Phone Stand,Accessories,Bangkok,Marketplace,6,99,594,1,5.0
2025-08-03,Screen Protector,Accessories,Khon Kaen,In-Store,42,149,6258,2,3.4
2025-09-10,Keyboard Cover,Accessories,Phuket,Marketplace,4,99,396,0,3.6
2025-11-15,Laptop Bag,Bags,Bangkok,In-Store,4,890,3560,0,3.1
2025-08-17,Power Bank,Electronics,Chiang Mai,Marketplace,40,199,7960,0,4.3
2025-10-02,USB-C Cable,Accessories,Khon Kaen,In-Store,17,599,10183,0,4.2
2025-02-02,Laptop Bag,Bags,Pattaya,In-Store,38,890,33820,2,4.4
2025-02-28,Wireless Charger,Electronics,Pattaya,In-Store,16,1590,25440,0,3.9
2025-11-10,Phone Stand,Accessories,Phuket,In-Store,25,890,22250,1,4.3
2025-03-23,Wireless Charger,Electronics,Bangkok,Online,47,299,14053,3,3.1
2025-03-16,Screen Protector,Accessories,Pattaya,In-Store,13,890,11570,1,4.6
2025-04-17,Phone Stand,Accessories,Chiang Mai,Online,1,1590,1590,1,4.0
2025-12-15,Bluetooth Earbuds,Electronics,Bangkok,Online,21,599,12579,2,3.2
2025-09-15,Screen Protector,Accessories,Phuket,In-Store,11,890,9790,0,3.3
2025-07-14,USB-C Cable,Accessories,Chiang Mai,In-Store,48,599,28752,1,4.1
2025-11-02,Mouse Pad,Accessories,Chiang Mai,In-Store,48,1590,76320,2,4.3
2025-02-25,USB-C Cable,Accessories,Phuket,In-Store,37,349,12913,3,3.2
2025-07-13,Power Bank,Electronics,Chiang Mai,In-Store,37,149,5513,2,3.7
2025-05-08,Screen Protector,Accessories,Phuket,Online,2,890,1780,0,4.5
2025-10-24,Power Bank,Electronics,Bangkok,Marketplace,7,99,693,1,4.7
2025-06-27,Screen Protector,Accessories,Bangkok,Marketplace,21,890,18690,1,4.1
2025-04-29,Power Bank,Electronics,Phuket,Online,39,99,3861,3,4.2
2025-09-02,Phone Stand,Accessories,Khon Kaen,In-Store,49,149,7301,1,3.6
2025-12-08,Bluetooth Earbuds,Electronics,Khon Kaen,In-Store,7,199,1393,1,4.8
2025-08-28,Screen Protector,Accessories,Phuket,In-Store,18,149,2682,1,3.2
2025-10-15,iPhone Case,Accessories,Pattaya,Online,15,149,2235,1,4.7
2025-07-31,iPhone Case,Accessories,Phuket,In-Store,38,349,13262,0,4.5
2025-08-19,Keyboard Cover,Accessories,Phuket,In-Store,49,349,17101,0,3.5
2025-05-20,USB-C Cable,Accessories,Chiang Mai,Marketplace,45,349,15705,4,3.7
2025-12-21,iPhone Case,Accessories,Bangkok,In-Store,33,349,11517,2,4.2
2025-06-10,Phone Stand,Accessories,Khon Kaen,Marketplace,45,199,8955,2,3.7
2025-06-16,Laptop Bag,Bags,Bangkok,In-Store,9,890,8010,0,3.8
2025-12-30,Phone Stand,Accessories,Pattaya,Online,10,199,1990,1,3.2
2025-12-12,Keyboard Cover,Accessories,Bangkok,Online,38,149,5662,2,3.2
2025-07-23,USB-C Cable,Accessories,Phuket,Marketplace,43,890,38270,2,3.8
2025-08-21,Mouse Pad,Accessories,Khon Kaen,Online,5,349,1745,0,3.9
2025-09-25,Power Bank,Electronics,Bangkok,In-Store,21,599,12579,1,4.9
2025-10-27,Phone Stand,Accessories,Khon Kaen,Marketplace,49,99,4851,3,4.2
2025-05-02,Mouse Pad,Accessories,Pattaya,Online,16,349,5584,0,4.3
2025-10-31,Wireless Charger,Electronics,Khon Kaen,Online,5,99,495,0,3.2
2025-12-04,Power Bank,Electronics,Pattaya,In-Store,8,299,2392,0,4.6
2025-03-16,Phone Stand,Accessories,Chiang Mai,Marketplace,21,1290,27090,2,4.4
2025-03-12,Wireless Charger,Electronics,Pattaya,In-Store,15,299,4485,0,4.5
2025-11-03,iPhone Case,Accessories,Phuket,In-Store,25,149,3725,0,4.6
2025-11-15,Keyboard Cover,Accessories,Chiang Mai,Marketplace,24,599,14376,0,4.5
2025-01-12,Laptop Bag,Bags,Chiang Mai,Marketplace,45,299,13455,1,3.2
2025-11-13,iPhone Case,Accessories,Bangkok,In-Store,2,349,698,0,4.6
2025-12-29,Mouse Pad,Accessories,Khon Kaen,Online,12,599,7188,0,4.8
2025-11-04,Keyboard Cover,Accessories,Khon Kaen,Marketplace,14,599,8386,0,5.0
2025-03-26,Laptop Bag,Bags,Pattaya,Online,35,149,5215,3,4.1
2025-07-27,USB-C Cable,Accessories,Chiang Mai,Marketplace,45,349,15705,0,3.3
2025-10-24,Power Bank,Electronics,Pattaya,Marketplace,15,299,4485,0,4.8
2025-08-29,iPhone Case,Accessories,Bangkok,In-Store,49,599,29351,4,4.1
2025-10-06,Bluetooth Earbuds,Electronics,Khon Kaen,Marketplace,9,890,8010,0,4.6
2025-10-16,Power Bank,Electronics,Chiang Mai,Online,34,149,5066,1,4.3
2025-06-19,iPhone Case,Accessories,Pattaya,Online,23,349,8027,0,3.7
2025-07-17,Mouse Pad,Accessories,Khon Kaen,In-Store,34,99,3366,1,5.0
2025-06-05,Phone Stand,Accessories,Bangkok,Online,25,149,3725,0,4.6
2025-07-07,Wireless Charger,Electronics,Bangkok,Marketplace,29,99,2871,1,3.9
2025-03-23,Laptop Bag,Bags,Phuket,In-Store,42,599,25158,1,3.8
2025-09-05,USB-C Cable,Accessories,Chiang Mai,Online,27,599,16173,0,3.4
2025-08-22,Phone Stand,Accessories,Phuket,In-Store,7,1590,11130,0,4.8
2025-02-06,USB-C Cable,Accessories,Chiang Mai,In-Store,25,1590,39750,1,3.2
2025-06-21,Mouse Pad,Accessories,Chiang Mai,In-Store,1,1290,1290,0,3.3
2025-08-24,Mouse Pad,Accessories,Pattaya,In-Store,24,99,2376,2,5.0
2025-10-19,Laptop Bag,Bags,Phuket,Online,33,199,6567,1,4.9
2025-10-11,Laptop Bag,Bags,Khon Kaen,In-Store,9,1290,11610,1,3.1
2025-12-23,Wireless Charger,Electronics,Pattaya,Marketplace,12,1290,15480,0,4.6
2025-08-29,Power Bank,Electronics,Pattaya,Online,27,149,4023,0,4.4
2025-04-12,Keyboard Cover,Accessories,Khon Kaen,Marketplace,28,1290,36120,1,5.0
2025-05-09,Power Bank,Electronics,Bangkok,In-Store,2,890,1780,1,3.8
2025-10-08,Wireless Charger,Electronics,Khon Kaen,Online,13,149,1937,0,4.4
2025-09-12,Phone Stand,Accessories,Khon Kaen,Marketplace,32,99,3168,3,3.8
2025-10-12,USB-C Cable,Accessories,Khon Kaen,Marketplace,29,1290,37410,2,4.0
2025-05-08,iPhone Case,Accessories,Bangkok,Marketplace,5,599,2995,1,3.3
2025-01-20,Phone Stand,Accessories,Khon Kaen,Online,46,890,40940,3,4.2
2025-04-12,USB-C Cable,Accessories,Phuket,In-Store,1,299,299,0,4.8
2025-04-20,Phone Stand,Accessories,Khon Kaen,Marketplace,31,149,4619,3,4.8
2025-04-16,Laptop Bag,Bags,Khon Kaen,Online,29,1290,37410,0,4.8
2025-12-12,Keyboard Cover,Accessories,Khon Kaen,In-Store,36,1290,46440,2,3.4
2025-09-29,Keyboard Cover,Accessories,Khon Kaen,Marketplace,15,149,2235,0,4.8
2025-02-26,Mouse Pad,Accessories,Khon Kaen,Marketplace,39,599,23361,2,4.9
2025-05-09,Bluetooth Earbuds,Electronics,Bangkok,In-Store,30,1290,38700,0,3.9
2025-06-21,Mouse Pad,Accessories,Phuket,In-Store,12,890,10680,1,4.2
2025-12-11,Bluetooth Earbuds,Electronics,Phuket,In-Store,3,599,1797,1,4.3
2025-01-25,Mouse Pad,Accessories,Pattaya,Online,2,349,698,0,3.5
2025-02-25,USB-C Cable,Accessories,Phuket,In-Store,31,149,4619,3,3.9
2025-02-14,Screen Protector,Accessories,Khon Kaen,In-Store,30,99,2970,3,3.6
2025-12-13,Screen Protector,Accessories,Chiang Mai,Marketplace,37,199,7363,0,4.5
2025-12-09,Screen Protector,Accessories,Khon Kaen,Online,1,1590,1590,0,4.2
2025-04-14,Bluetooth Earbuds,Electronics,Bangkok,Marketplace,34,599,20366,1,4.0
2025-07-16,Screen Protector,Accessories,Chiang Mai,Marketplace,16,349,5584,0,3.9
2025-12-10,Mouse Pad,Accessories,Chiang Mai,Online,50,149,7450,3,3.0
2025-05-05,USB-C Cable,Accessories,Bangkok,In-Store,30,1590,47700,3,4.9
2025-01-10,Laptop Bag,Bags,Chiang Mai,Online,21,199,4179,0,3.5
2025-05-08,Power Bank,Electronics,Pattaya,Marketplace,2,199,398,0,4.0
2025-09-25,Phone Stand,Accessories,Chiang Mai,In-Store,14,1590,22260,0,3.0
2025-08-06,iPhone Case,Accessories,Bangkok,Marketplace,47,1290,60630,1,4.6
2025-05-20,Screen Protector,Accessories,Bangkok,Online,32,199,6368,0,4.9
2025-02-15,Mouse Pad,Accessories,Khon Kaen,Marketplace,32,890,28480,0,4.0
2025-07-30,Power Bank,Electronics,Bangkok,In-Store,16,890,14240,0,3.9
2025-12-18,Wireless Charger,Electronics,Chiang Mai,Online,15,299,4485,0,4.5
2025-12-01,Bluetooth Earbuds,Electronics,Pattaya,In-Store,25,99,2475,2,3.6
2025-10-14,Bluetooth Earbuds,Electronics,Phuket,Marketplace,41,1590,65190,3,3.3
2025-11-07,Wireless Charger,Electronics,Bangkok,Online,10,199,1990,1,4.7
2025-02-14,Keyboard Cover,Accessories,Bangkok,Marketplace,6,599,3594,1,3.2
2025-10-07,Screen Protector,Accessories,Bangkok,Marketplace,20,99,1980,2,3.9
2025-08-31,iPhone Case,Accessories,Phuket,Online,10,299,2990,0,4.7
2025-01-02,Bluetooth Earbuds,Electronics,Khon Kaen,Online,43,599,25757,2,4.2
2025-10-12,Bluetooth Earbuds,Electronics,Pattaya,Marketplace,12,299,3588,1,3.8
2025-07-30,Power Bank,Electronics,Bangkok,Online,43,299,12857,1,4.0
2025-05-10,Power Bank,Electronics,Chiang Mai,Online,29,1290,37410,1,3.0
2025-07-13,Phone Stand,Accessories,Phuket,Marketplace,7,199,1393,1,4.1
2025-08-13,USB-C Cable,Accessories,Pattaya,Online,26,299,7774,0,3.8
2025-06-27,Mouse Pad,Accessories,Pattaya,Online,6,1590,9540,1,4.4
2025-12-19,iPhone Case,Accessories,Pattaya,Online,25,349,8725,0,4.5
2025-01-16,USB-C Cable,Accessories,Phuket,Online,43,890,38270,0,3.2
2025-01-17,Wireless Charger,Electronics,Bangkok,Online,12,1590,19080,0,4.7
2025-08-16,Screen Protector,Accessories,Chiang Mai,Online,47,349,16403,1,4.1
2025-12-03,Keyboard Cover,Accessories,Bangkok,Marketplace,15,1290,19350,1,3.2
2025-04-06,Wireless Charger,Electronics,Khon Kaen,Marketplace,1,199,199,0,3.7
2025-02-09,Keyboard Cover,Accessories,Pattaya,Marketplace,34,1290,43860,1,4.0
2025-06-29,Power Bank,Electronics,Pattaya,Marketplace,21,299,6279,0,3.7
2025-03-24,USB-C Cable,Accessories,Pattaya,In-Store,47,149,7003,1,4.0
2025-05-21,Laptop Bag,Bags,Bangkok,Online,38,349,13262,2,3.1
2025-08-07,Screen Protector,Accessories,Khon Kaen,Marketplace,45,99,4455,2,3.4
2025-09-26,Bluetooth Earbuds,Electronics,Pattaya,Online,12,99,1188,1,3.7
2025-02-19,iPhone Case,Accessories,Khon Kaen,In-Store,19,349,6631,0,3.7
2025-08-19,Keyboard Cover,Accessories,Pattaya,In-Store,10,599,5990,0,4.2
2025-03-16,Bluetooth Earbuds,Electronics,Pattaya,Marketplace,1,1590,1590,1,4.2
2025-11-07,Screen Protector,Accessories,Phuket,Marketplace,10,349,3490,0,4.2
2025-06-18,Keyboard Cover,Accessories,Chiang Mai,In-Store,11,299,3289,0,4.2
2025-07-14,Mouse Pad,Accessories,Bangkok,Online,3,99,297,0,4.4
2025-11-14,Keyboard Cover,Accessories,Pattaya,In-Store,13,599,7787,0,4.5
2025-08-04,Bluetooth Earbuds,Electronics,Bangkok,Online,34,299,10166,3,4.0
2025-10-20,Mouse Pad,Accessories,Khon Kaen,Online,21,199,4179,0,4.9
2025-09-11,Bluetooth Earbuds,Electronics,Pattaya,Marketplace,33,890,29370,1,3.3
2025-04-25,Screen Protector,Accessories,Bangkok,Online,43,1590,68370,0,4.7
2025-10-19,Keyboard Cover,Accessories,Pattaya,Marketplace,19,599,11381,0,3.6
2025-06-04,iPhone Case,Accessories,Phuket,Online,30,199,5970,2,4.4
2025-04-14,iPhone Case,Accessories,Bangkok,Marketplace,15,349,5235,0,5.0
2025-09-30,Phone Stand,Accessories,Pattaya,Marketplace,31,199,6169,1,3.8
2025-11-24,Wireless Charger,Electronics,Khon Kaen,Online,27,349,9423,2,3.0
2025-10-11,iPhone Case,Accessories,Phuket,Online,47,1290,60630,0,3.7
2025-12-04,Phone Stand,Accessories,Bangkok,Marketplace,5,99,495,1,3.7
2025-03-01,Wireless Charger,Electronics,Bangkok,In-Store,35,99,3465,2,4.6
2025-11-19,Laptop Bag,Bags,Chiang Mai,In-Store,48,299,14352,3,4.3
2025-03-25,iPhone Case,Accessories,Phuket,Online,18,1590,28620,0,4.8
2025-08-07,Laptop Bag,Bags,Bangkok,Marketplace,29,1590,46110,0,4.2
2025-09-15,Bluetooth Earbuds,Electronics,Chiang Mai,Online,2,890,1780,0,4.8
2025-06-27,Phone Stand,Accessories,Khon Kaen,Marketplace,4,149,596,0,4.6
2025-04-11,Keyboard Cover,Accessories,Chiang Mai,In-Store,18,599,10782,0,4.0
2025-01-03,Screen Protector,Accessories,Phuket,Online,39,1590,62010,3,4.1
2025-09-30,USB-C Cable,Accessories,Chiang Mai,Marketplace,48,599,28752,1,4.5
2025-06-17,iPhone Case,Accessories,Khon Kaen,Marketplace,8,1290,10320,1,3.0
2025-11-17,Keyboard Cover,Accessories,Khon Kaen,Online,37,890,32930,1,4.1
2025-04-25,Laptop Bag,Bags,Phuket,In-Store,47,149,7003,2,3.1
2025-07-19,Phone Stand,Accessories,Chiang Mai,Marketplace,4,349,1396,0,3.2
2025-12-14,Wireless Charger,Electronics,Phuket,Online,33,1290,42570,3,3.4
2025-02-23,Screen Protector,Accessories,Khon Kaen,Marketplace,13,99,1287,0,3.5
2025-10-02,Laptop Bag,Bags,Phuket,Marketplace,25,890,22250,0,3.2
2025-09-28,Screen Protector,Accessories,Phuket,Online,4,149,596,0,3.6
2025-06-15,Phone Stand,Accessories,Bangkok,Online,39,199,7761,1,4.2
2025-08-21,Laptop Bag,Bags,Khon Kaen,In-Store,8,99,792,0,3.6
2025-10-25,Phone Stand,Accessories,Bangkok,Online,31,599,18569,0,4.0
2025-07-20,Wireless Charger,Electronics,Bangkok,Marketplace,36,299,10764,1,3.6
2025-02-16,iPhone Case,Accessories,Phuket,In-Store,19,1290,24510,1,3.2
2025-01-03,Wireless Charger,Electronics,Pattaya,In-Store,3,149,447,1,3.7
2025-10-22,Power Bank,Electronics,Pattaya,In-Store,17,1290,21930,1,4.7
2025-01-25,Phone Stand,Accessories,Chiang Mai,In-Store,25,349,8725,2,3.2
2025-08-03,Mouse Pad,Accessories,Phuket,Marketplace,3,99,297,1,4.4
2025-04-07,Phone Stand,Accessories,Chiang Mai,Online,6,349,2094,0,3.8
2025-06-08,USB-C Cable,Accessories,Khon Kaen,In-Store,14,599,8386,0,4.6
2025-07-22,Bluetooth Earbuds,Electronics,Phuket,In-Store,30,99,2970,0,4.6
2025-07-15,Wireless Charger,Electronics,Khon Kaen,Marketplace,18,199,3582,0,4.0
2025-11-07,Phone Stand,Accessories,Pattaya,Online,34,349,11866,2,4.3
2025-01-29,Mouse Pad,Accessories,Bangkok,In-Store,48,1590,76320,1,4.0
2025-02-10,USB-C Cable,Accessories,Bangkok,In-Store,38,349,13262,0,5.0
2025-01-25,Mouse Pad,Accessories,Khon Kaen,In-Store,16,99,1584,0,4.7
2025-06-15,Bluetooth Earbuds,Electronics,Bangkok,Marketplace,14,349,4886,0,4.9
2025-09-10,Keyboard Cover,Accessories,Pattaya,Online,36,599,21564,2,4.7
2025-07-26,Laptop Bag,Bags,Phuket,In-Store,15,599,8985,0,4.2
2025-06-25,Wireless Charger,Electronics,Chiang Mai,Marketplace,20,1590,31800,1,3.4
2025-11-08,iPhone Case,Accessories,Khon Kaen,Marketplace,19,1590,30210,0,4.7
2025-01-25,iPhone Case,Accessories,Pattaya,Marketplace,13,1290,16770,0,3.9
2025-08-04,Laptop Bag,Bags,Khon Kaen,Marketplace,4,1590,6360,1,3.6
2025-05-10,Phone Stand,Accessories,Phuket,Online,7,199,1393,1,3.3
2025-05-19,iPhone Case,Accessories,Chiang Mai,In-Store,3,199,597,1,4.3
2025-02-01,Laptop Bag,Bags,Chiang Mai,In-Store,16,890,14240,1,3.6
2025-10-30,Phone Stand,Accessories,Khon Kaen,Marketplace,34,99,3366,2,4.6
2025-05-24,Keyboard Cover,Accessories,Bangkok,Online,50,99,4950,2,3.4
2025-01-18,Wireless Charger,Electronics,Bangkok,Marketplace,12,1590,19080,1,3.7
2025-11-20,Laptop Bag,Bags,Bangkok,In-Store,5,1290,6450,0,4.2
2025-02-26,Laptop Bag,Bags,Khon Kaen,Marketplace,31,299,9269,0,3.5
2025-08-02,Laptop Bag,Bags,Bangkok,Online,50,1590,79500,2,3.8
2025-07-19,Wireless Charger,Electronics,Phuket,In-Store,27,1290,34830,0,3.1
2025-06-14,Mouse Pad,Accessories,Phuket,Marketplace,50,149,7450,0,3.1
2025-01-26,Laptop Bag,Bags,Pattaya,In-Store,18,1590,28620,1,4.6
2025-07-23,Power Bank,Electronics,Phuket,In-Store,43,149,6407,0,4.9
2025-01-19,Mouse Pad,Accessories,Chiang Mai,Marketplace,43,1590,68370,1,4.3
2025-05-10,Keyboard Cover,Accessories,Chiang Mai,Marketplace,47,299,14053,3,4.0
2025-01-08,Power Bank,Electronics,Chiang Mai,Online,6,199,1194,0,3.3
2025-06-13,Mouse Pad,Accessories,Phuket,In-Store,1,890,890,1,3.6
2025-07-12,Mouse Pad,Accessories,Pattaya,Online,3,349,1047,1,3.0
2025-02-08,Wireless Charger,Electronics,Bangkok,In-Store,10,299,2990,1,4.0
2025-07-22,Mouse Pad,Accessories,Phuket,Online,47,1290,60630,2,4.7
2025-10-08,Keyboard Cover,Accessories,Chiang Mai,Marketplace,14,99,1386,1,4.6
2025-06-22,iPhone Case,Accessories,Chiang Mai,Online,42,349,14658,0,4.9
2025-03-21,iPhone Case,Accessories,Pattaya,Online,23,349,8027,1,3.1
2025-08-23,Power Bank,Electronics,Phuket,In-Store,3,299,897,1,3.9
2025-11-24,Power Bank,Electronics,Pattaya,Marketplace,33,1590,52470,3,4.8
2025-04-30,Power Bank,Electronics,Chiang Mai,Marketplace,1,99,99,1,3.1
2025-07-26,Power Bank,Electronics,Pattaya,Marketplace,14,299,4186,0,4.7
2025-08-16,Mouse Pad,Accessories,Bangkok,In-Store,41,1290,52890,0,3.1
2025-12-30,Wireless Charger,Electronics,Phuket,In-Store,7,149,1043,1,3.9
2025-01-08,Mouse Pad,Accessories,Chiang Mai,Marketplace,32,1590,50880,0,4.7
2025-11-26,Phone Stand,Accessories,Bangkok,Online,5,149,745,0,4.1
2025-07-19,Wireless Charger,Electronics,Bangkok,Marketplace,39,149,5811,3,4.6
2025-04-24,Screen Protector,Accessories,Pattaya,Marketplace,12,890,10680,0,3.3
2025-09-16,USB-C Cable,Accessories,Khon Kaen,In-Store,45,1290,58050,2,4.2
2025-02-09,Laptop Bag,Bags,Phuket,Online,7,1290,9030,1,4.0
2025-04-14,Phone Stand,Accessories,Pattaya,Marketplace,27,199,5373,2,3.4
2025-06-18,Phone Stand,Accessories,Phuket,In-Store,11,1290,14190,1,3.1
2025-01-10,Bluetooth Earbuds,Electronics,Phuket,In-Store,50,890,44500,1,3.1
2025-04-22,Laptop Bag,Bags,Chiang Mai,In-Store,32,1290,41280,0,3.6
2025-10-21,Keyboard Cover,Accessories,Bangkok,Marketplace,1,1290,1290,0,3.1
2025-01-09,Screen Protector,Accessories,Chiang Mai,Marketplace,32,1290,41280,1,4.9
2025-01-18,USB-C Cable,Accessories,Bangkok,Marketplace,2,1290,2580,0,4.9
2025-01-04,Bluetooth Earbuds,Electronics,Bangkok,In-Store,33,299,9867,0,4.2
2025-07-13,Laptop Bag,Bags,Khon Kaen,Online,23,99,2277,2,3.6
2025-07-07,Laptop Bag,Bags,Bangkok,Marketplace,18,1290,23220,0,3.5
2025-09-20,Phone Stand,Accessories,Bangkok,In-Store,25,1290,32250,1,3.7
2025-11-24,Screen Protector,Accessories,Phuket,In-Store,15,890,13350,1,3.3
2025-09-23,USB-C Cable,Accessories,Pattaya,In-Store,29,349,10121,2,4.0
2025-07-15,Power Bank,Electronics,Chiang Mai,In-Store,37,99,3663,3,4.5
2025-06-27,Keyboard Cover,Accessories,Khon Kaen,Marketplace,40,890,35600,3,4.9
2025-10-27,Bluetooth Earbuds,Electronics,Khon Kaen,Online,15,890,13350,1,3.4
2025-01-04,iPhone Case,Accessories,Pattaya,Marketplace,19,890,16910,0,3.3
2025-03-04,Power Bank,Electronics,Pattaya,Marketplace,35,149,5215,3,4.9
2025-01-19,Bluetooth Earbuds,Electronics,Pattaya,In-Store,11,199,2189,1,4.4
2025-03-09,Power Bank,Electronics,Phuket,Online,22,890,19580,1,3.6
2025-11-04,Mouse Pad,Accessories,Khon Kaen,In-Store,49,299,14651,4,3.4
2025-07-11,Laptop Bag,Bags,Phuket,In-Store,42,1290,54180,3,4.4
2025-07-18,Wireless Charger,Electronics,Phuket,Marketplace,2,599,1198,0,3.7
2025-05-13,USB-C Cable,Accessories,Pattaya,In-Store,23,599,13777,2,3.9
2025-10-26,Phone Stand,Accessories,Pattaya,Marketplace,47,99,4653,4,3.3
2025-11-11,Phone Stand,Accessories,Pattaya,Marketplace,3,199,597,0,3.1
2025-08-02,iPhone Case,Accessories,Khon Kaen,Marketplace,24,599,14376,0,3.7
2025-11-28,Mouse Pad,Accessories,Pattaya,In-Store,1,1290,1290,0,4.3
2025-08-29,Power Bank,Electronics,Pattaya,Marketplace,12,99,1188,0,4.4
2025-04-04,iPhone Case,Accessories,Bangkok,Online,6,99,594,1,4.9
2025-10-30,Wireless Charger,Electronics,Chiang Mai,Marketplace,26,1290,33540,1,3.3
2025-03-13,USB-C Cable,Accessories,Khon Kaen,Online,11,599,6589,0,3.1
2025-05-07,Mouse Pad,Accessories,Khon Kaen,Marketplace,38,599,22762,1,3.7
2025-04-12,iPhone Case,Accessories,Bangkok,In-Store,19,299,5681,1,5.0
2025-02-08,Keyboard Cover,Accessories,Phuket,Marketplace,40,1590,63600,0,4.4
2025-11-27,iPhone Case,Accessories,Chiang Mai,Online,38,1590,60420,3,4.5
2025-10-24,iPhone Case,Accessories,Chiang Mai,Marketplace,39,349,13611,1,3.8
2025-05-27,Mouse Pad,Accessories,Phuket,Marketplace,16,349,5584,1,3.2
2025-09-03,Keyboard Cover,Accessories,Bangkok,Marketplace,46,99,4554,2,3.5
2025-08-14,Power Bank,Electronics,Chiang Mai,Marketplace,6,1290,7740,0,3.1
2025-02-05,iPhone Case,Accessories,Chiang Mai,In-Store,1,349,349,0,3.8
2025-03-12,iPhone Case,Accessories,Chiang Mai,Online,47,1290,60630,1,4.7
2025-09-13,USB-C Cable,Accessories,Phuket,Marketplace,46,890,40940,1,4.0
2025-05-26,Wireless Charger,Electronics,Pattaya,Online,41,349,14309,4,3.3
2025-12-16,Laptop Bag,Bags,Khon Kaen,Marketplace,44,599,26356,0,3.8
2025-08-21,Mouse Pad,Accessories,Phuket,Online,45,1590,71550,4,5.0
2025-09-05,Screen Protector,Accessories,Bangkok,Online,33,599,19767,3,4.9
2025-04-21,Screen Protector,Accessories,Khon Kaen,Online,39,299,11661,2,3.5
2025-04-04,USB-C Cable,Accessories,Pattaya,Online,35,599,20965,3,4.1
2025-02-27,Bluetooth Earbuds,Electronics,Pattaya,Marketplace,25,349,8725,1,3.6
2025-02-15,Bluetooth Earbuds,Electronics,Bangkok,Marketplace,5,149,745,0,4.5
2025-10-14,Laptop Bag,Bags,Phuket,Marketplace,7,1590,11130,1,4.4
2025-08-09,Screen Protector,Accessories,Chiang Mai,Marketplace,22,599,13178,2,4.9
2025-12-01,Power Bank,Electronics,Pattaya,In-Store,26,890,23140,0,4.3
2025-08-28,USB-C Cable,Accessories,Pattaya,Marketplace,41,299,12259,0,4.7
2025-07-24,Screen Protector,Accessories,Pattaya,In-Store,17,199,3383,1,3.2
2025-02-09,Mouse Pad,Accessories,Phuket,Online,47,349,16403,3,4.1
2025-05-30,Mouse Pad,Accessories,Khon Kaen,Online,37,349,12913,1,3.8
2025-12-19,Laptop Bag,Bags,Khon Kaen,Online,14,149,2086,1,4.5
2025-07-04,Phone Stand,Accessories,Phuket,Marketplace,10,199,1990,0,4.4
2025-12-03,Wireless Charger,Electronics,Khon Kaen,Online,48,99,4752,2,3.8
2025-06-20,iPhone Case,Accessories,Phuket,In-Store,44,149,6556,3,3.6
2025-02-28,Keyboard Cover,Accessories,Chiang Mai,Online,14,299,4186,1,4.5
2025-01-06,Laptop Bag,Bags,Chiang Mai,Online,17,890,15130,0,4.3
2025-03-17,Screen Protector,Accessories,Chiang Mai,Marketplace,45,1590,71550,4,4.8
2025-04-25,Mouse Pad,Accessories,Khon Kaen,Online,43,199,8557,0,4.2
2025-10-03,Wireless Charger,Electronics,Pattaya,Online,17,299,5083,0,3.9
2025-01-28,Screen Protector,Accessories,Bangkok,Online,8,299,2392,1,4.1
2025-06-08,Mouse Pad,Accessories,Phuket,Marketplace,9,890,8010,1,3.1
2025-10-25,Mouse Pad,Accessories,Phuket,Online,38,1290,49020,3,3.4
2025-09-26,Laptop Bag,Bags,Chiang Mai,Online,22,299,6578,1,3.3
2025-12-29,Wireless Charger,Electronics,Chiang Mai,Online,5,1590,7950,1,4.8
2025-10-27,Power Bank,Electronics,Khon Kaen,In-Store,4,1290,5160,0,4.9
2025-08-02,Screen Protector,Accessories,Khon Kaen,In-Store,19,1290,24510,1,4.2
2025-01-21,Bluetooth Earbuds,Electronics,Phuket,In-Store,44,149,6556,0,4.3
2025-05-24,Mouse Pad,Accessories,Bangkok,In-Store,21,149,3129,0,4.3
2025-02-12,Phone Stand,Accessories,Chiang Mai,Online,44,1290,56760,4,3.8
2025-09-22,Screen Protector,Accessories,Bangkok,In-Store,27,149,4023,2,4.2
2025-09-14,Keyboard Cover,Accessories,Bangkok,In-Store,17,1590,27030,0,3.6
2025-12-27,Laptop Bag,Bags,Phuket,In-Store,2,149,298,0,3.7
2025-02-02,Keyboard Cover,Accessories,Bangkok,Online,13,1590,20670,0,3.4
2025-03-26,Keyboard Cover,Accessories,Chiang Mai,Marketplace,41,890,36490,1,4.2
2025-03-17,USB-C Cable,Accessories,Phuket,Online,20,599,11980,2,5.0
2025-01-31,Laptop Bag,Bags,Pattaya,Online,41,599,24559,0,4.6
2025-02-04,Screen Protector,Accessories,Khon Kaen,In-Store,32,149,4768,2,3.3
2025-02-24,Mouse Pad,Accessories,Chiang Mai,Online,24,1290,30960,0,4.2
2025-03-26,Power Bank,Electronics,Khon Kaen,Marketplace,48,299,14352,1,3.5
2025-07-02,Wireless Charger,Electronics,Chiang Mai,In-Store,23,299,6877,1,4.0
2025-09-20,Screen Protector,Accessories,Pattaya,In-Store,23,1590,36570,1,4.3
2025-05-31,Mouse Pad,Accessories,Pattaya,Online,24,149,3576,0,3.2
2025-09-14,Keyboard Cover,Accessories,Khon Kaen,In-Store,45,1590,71550,2,4.4
2025-12-11,USB-C Cable,Accessories,Phuket,In-Store,22,1590,34980,0,4.0
2025-11-19,Wireless Charger,Electronics,Pattaya,In-Store,18,1590,28620,1,4.7
2025-08-16,Phone Stand,Accessories,Pattaya,Marketplace,20,1590,31800,2,4.2
2025-08-24,Laptop Bag,Bags,Phuket,Online,31,1290,39990,0,3.2
2025-03-21,USB-C Cable,Accessories,Phuket,In-Store,20,99,1980,2,3.7
2025-12-13,Laptop Bag,Bags,Phuket,Online,46,199,9154,3,5.0
2025-09-27,Screen Protector,Accessories,Bangkok,In-Store,21,1590,33390,0,4.6
2025-09-12,Wireless Charger,Electronics,Bangkok,Marketplace,29,99,2871,1,3.7
2025-08-07,Phone Stand,Accessories,Phuket,In-Store,22,1290,28380,1,3.6
2025-01-27,Laptop Bag,Bags,Phuket,Marketplace,33,599,19767,2,4.7
2025-03-23,Mouse Pad,Accessories,Phuket,In-Store,7,890,6230,1,4.3
2025-07-11,Keyboard Cover,Accessories,Chiang Mai,Marketplace,12,349,4188,1,3.5
2025-03-04,Power Bank,Electronics,Khon Kaen,Marketplace,10,199,1990,1,4.6
2025-08-29,Bluetooth Earbuds,Electronics,Bangkok,In-Store,8,99,792,1,4.0
2025-08-03,Laptop Bag,Bags,Pattaya,In-Store,35,349,12215,1,3.6
2025-07-31,iPhone Case,Accessories,Pattaya,In-Store,15,199,2985,0,3.5
2025-08-23,Screen Protector,Accessories,Phuket,Marketplace,11,1590,17490,1,4.3
2025-07-22,iPhone Case,Accessories,Chiang Mai,Marketplace,14,1290,18060,0,3.4
2025-05-13,Power Bank,Electronics,Chiang Mai,Marketplace,21,349,7329,2,4.6
2025-02-13,Bluetooth Earbuds,Electronics,Pattaya,Marketplace,40,1290,51600,0,4.4
2025-07-30,Phone Stand,Accessories,Bangkok,Marketplace,40,890,35600,2,4.6
2025-04-10,USB-C Cable,Accessories,Bangkok,Online,34,199,6766,0,3.5
2025-09-06,iPhone Case,Accessories,Khon Kaen,Marketplace,36,349,12564,1,4.1
2025-10-05,Bluetooth Earbuds,Electronics,Phuket,In-Store,35,99,3465,1,4.5
2025-11-12,Bluetooth Earbuds,Electronics,Phuket,Marketplace,20,349,6980,1,3.8
2025-08-17,Laptop Bag,Bags,Chiang Mai,Online,10,890,8900,1,3.1
2025-12-06,Laptop Bag,Bags,Pattaya,Online,38,599,22762,1,3.6
2025-12-03,Bluetooth Earbuds,Electronics,Pattaya,Online,41,1290,52890,3,4.2
2025-08-16,Laptop Bag,Bags,Pattaya,Online,32,349,11168,3,3.0
2025-11-18,Bluetooth Earbuds,Electronics,Phuket,Marketplace,16,1590,25440,0,3.4
2025-03-25,Power Bank,Electronics,Bangkok,Online,30,299,8970,3,3.1
2025-07-22,Laptop Bag,Bags,Bangkok,Marketplace,27,349,9423,2,4.7
2025-07-14,Screen Protector,Accessories,Bangkok,Online,9,299,2691,0,3.5
2025-04-22,Wireless Charger,Electronics,Pattaya,Online,27,1590,42930,2,3.8
2025-02-12,Laptop Bag,Bags,Chiang Mai,Marketplace,45,99,4455,2,3.2
2025-09-12,Screen Protector,Accessories,Chiang Mai,In-Store,43,199,8557,2,5.0
2025-11-11,Screen Protector,Accessories,Khon Kaen,Online,40,149,5960,1,3.8
2025-09-28,Power Bank,Electronics,Pattaya,Online,5,99,495,0,3.4
2025-01-21,Bluetooth Earbuds,Electronics,Chiang Mai,Marketplace,43,149,6407,0,4.7
2025-12-28,Bluetooth Earbuds,Electronics,Khon Kaen,In-Store,45,599,26955,4,4.6
2025-09-08,Screen Protector,Accessories,Chiang Mai,In-Store,48,99,4752,1,3.1
2025-05-14,Screen Protector,Accessories,Pattaya,Online,13,890,11570,0,3.2
2025-06-05,Screen Protector,Accessories,Bangkok,Online,23,199,4577,1,4.3
2025-08-30,Mouse Pad,Accessories,Bangkok,Marketplace,40,1590,63600,0,3.9
2025-04-19,Bluetooth Earbuds,Electronics,Chiang Mai,Marketplace,7,599,4193,1,4.8
2025-04-20,Keyboard Cover,Accessories,Chiang Mai,In-Store,40,149,5960,3,4.2
2025-06-09,Wireless Charger,Electronics,Khon Kaen,Marketplace,6,1590,9540,1,4.9
2025-09-16,Mouse Pad,Accessories,Khon Kaen,Online,29,149,4321,1,4.2
2025-10-30,Mouse Pad,Accessories,Khon Kaen,Marketplace,27,149,4023,0,3.3
2025-08-05,Wireless Charger,Electronics,Bangkok,Online,23,890,20470,1,4.1
2025-01-23,USB-C Cable,Accessories,Phuket,Marketplace,1,1290,1290,0,3.8
2025-07-10,Phone Stand,Accessories,Phuket,Online,18,599,10782,0,4.9
2025-02-19,Phone Stand,Accessories,Bangkok,In-Store,35,599,20965,0,3.7
2025-11-24,Power Bank,Electronics,Pattaya,Online,26,599,15574,1,4.8
2025-08-17,Keyboard Cover,Accessories,Bangkok,In-Store,41,99,4059,2,4.1
2025-04-04,USB-C Cable,Accessories,Khon Kaen,In-Store,25,349,8725,0,3.6
2025-06-04,iPhone Case,Accessories,Khon Kaen,In-Store,25,890,22250,1,5.0
2025-06-02,Power Bank,Electronics,Bangkok,Marketplace,1,1590,1590,0,4.1
2025-06-30,Mouse Pad,Accessories,Pattaya,In-Store,24,599,14376,1,3.7
2025-02-06,Laptop Bag,Bags,Khon Kaen,Online,50,349,17450,2,3.0
2025-11-05,iPhone Case,Accessories,Chiang Mai,Online,40,890,35600,1,3.7
2025-01-23,USB-C Cable,Accessories,Phuket,In-Store,8,99,792,0,4.9
2025-03-30,Laptop Bag,Bags,Chiang Mai,Marketplace,19,99,1881,0,4.5
2025-08-04,iPhone Case,Accessories,Bangkok,Online,3,349,1047,1,3.7
2025-03-27,USB-C Cable,Accessories,Pattaya,Online,41,1590,65190,1,3.9
2025-05-01,Wireless Charger,Electronics,Chiang Mai,Online,14,199,2786,1,3.4
2025-07-17,Wireless Charger,Electronics,Pattaya,In-Store,41,299,12259,1,3.3
2025-03-29,Laptop Bag,Bags,Pattaya,Marketplace,33,199,6567,1,5.0
2025-01-15,Laptop Bag,Bags,Phuket,Marketplace,3,1290,3870,0,3.8
2025-03-28,Keyboard Cover,Accessories,Chiang Mai,Marketplace,9,1590,14310,1,4.4
2025-11-11,Mouse Pad,Accessories,Bangkok,Online,31,99,3069,0,3.1
2025-04-08,Laptop Bag,Bags,Khon Kaen,Marketplace,8,1590,12720,1,4.9
2025-06-08,Phone Stand,Accessories,Pattaya,Online,43,99,4257,0,4.2
2025-09-02,Laptop Bag,Bags,Pattaya,Marketplace,34,599,20366,3,3.2
2025-02-09,iPhone Case,Accessories,Bangkok,Online,46,599,27554,0,3.5
2025-06-04,Bluetooth Earbuds,Electronics,Pattaya,Online,43,599,25757,4,4.2
2025-05-04,iPhone Case,Accessories,Chiang Mai,Marketplace,48,1290,61920,0,4.2
2025-03-02,Bluetooth Earbuds,Electronics,Khon Kaen,In-Store,22,99,2178,2,3.8
2025-01-08,Mouse Pad,Accessories,Khon Kaen,Marketplace,12,149,1788,0,5.0
2025-01-25,Screen Protector,Accessories,Khon Kaen,Marketplace,44,890,39160,1,4.0
2025-01-14,USB-C Cable,Accessories,Chiang Mai,Marketplace,4,890,3560,1,3.7
2025-09-21,Mouse Pad,Accessories,Chiang Mai,In-Store,11,99,1089,0,3.9
2025-03-07,Mouse Pad,Accessories,Chiang Mai,Online,34,1290,43860,0,3.1
2025-09-27,USB-C Cable,Accessories,Chiang Mai,Online,16,599,9584,0,4.7
2025-04-15,Wireless Charger,Electronics,Khon Kaen,In-Store,43,99,4257,1,4.9
2025-07-21,iPhone Case,Accessories,Chiang Mai,Marketplace,9,299,2691,0,4.5
2025-09-24,Laptop Bag,Bags,Khon Kaen,In-Store,29,199,5771,0,4.1
2025-03-20,Bluetooth Earbuds,Electronics,Chiang Mai,In-Store,49,1290,63210,1,4.9
2025-09-05,iPhone Case,Accessories,Pattaya,Marketplace,49,349,17101,2,4.0
2025-08-26,Mouse Pad,Accessories,Khon Kaen,In-Store,47,890,41830,3,3.8
2025-01-18,Screen Protector,Accessories,Khon Kaen,In-Store,27,149,4023,0,4.6
2025-11-05,Laptop Bag,Bags,Pattaya,In-Store,11,149,1639,0,4.3
2025-06-16,Bluetooth Earbuds,Electronics,Bangkok,Marketplace,28,199,5572,2,4.5
2025-02-12,Laptop Bag,Bags,Pattaya,In-Store,2,599,1198,0,3.7
2025-09-15,Screen Protector,Accessories,Khon Kaen,Online,19,349,6631,0,4.1
2025-01-23,Wireless Charger,Electronics,Pattaya,Marketplace,5,99,495,1,3.1
2025-04-12,Power Bank,Electronics,Bangkok,Marketplace,36,149,5364,3,4.4
2025-08-25,Mouse Pad,Accessories,Phuket,Online,26,99,2574,0,4.3
2025-09-28,Mouse Pad,Accessories,Phuket,Marketplace,2,349,698,0,4.4
2025-06-11,Wireless Charger,Electronics,Khon Kaen,Marketplace,45,1590,71550,0,4.3
2025-12-23,Laptop Bag,Bags,Chiang Mai,Marketplace,45,1290,58050,1,3.2
2025-12-10,USB-C Cable,Accessories,Bangkok,Online,37,299,11063,0,3.1
2025-02-04,Keyboard Cover,Accessories,Phuket,In-Store,32,1590,50880,3,4.3
2025-03-10,Keyboard Cover,Accessories,Bangkok,Online,41,149,6109,1,3.3
2025-06-03,Phone Stand,Accessories,Phuket,In-Store,16,890,14240,0,4.8
2025-03-17,Laptop Bag,Bags,Chiang Mai,Marketplace,21,149,3129,0,4.9
2025-04-29,Mouse Pad,Accessories,Phuket,Online,1,1290,1290,0,4.6
2025-05-24,Wireless Charger,Electronics,Chiang Mai,Marketplace,16,1290,20640,1,4.9
2025-10-04,Mouse Pad,Accessories,Pattaya,Marketplace,50,1590,79500,0,3.6
2025-05-18,Phone Stand,Accessories,Pattaya,In-Store,28,890,24920,0,4.0
2025-08-28,Bluetooth Earbuds,Electronics,Chiang Mai,In-Store,7,199,1393,0,4.4
2025-12-15,Wireless Charger,Electronics,Pattaya,Online,45,99,4455,3,4.9
2025-10-05,Phone Stand,Accessories,Chiang Mai,In-Store,40,890,35600,1,3.8
2025-01-31,Screen Protector,Accessories,Khon Kaen,Online,5,1590,7950,1,4.1
2025-04-21,Bluetooth Earbuds,Electronics,Phuket,Marketplace,8,299,2392,0,4.5
2025-01-17,Bluetooth Earbuds,Electronics,Phuket,In-Store,14,890,12460,0,3.9
2025-01-19,Mouse Pad,Accessories,Chiang Mai,Marketplace,33,199,6567,0,3.9
2025-06-15,Wireless Charger,Electronics,Bangkok,In-Store,28,890,24920,1,4.1
2025-12-13,Screen Protector,Accessories,Bangkok,Online,32,99,3168,1,4.8
2025-01-27,Laptop Bag,Bags,Pattaya,In-Store,5,149,745,1,3.1
2025-05-25,Mouse Pad,Accessories,Phuket,Marketplace,42,99,4158,0,3.1
2025-05-29,Power Bank,Electronics,Khon Kaen,Marketplace,8,599,4792,1,4.2
2025-11-21,USB-C Cable,Accessories,Chiang Mai,In-Store,22,599,13178,1,3.5
2025-10-14,Power Bank,Electronics,Phuket,Marketplace,26,1590,41340,0,3.0
2025-11-20,iPhone Case,Accessories,Pattaya,Online,23,299,6877,0,3.7
2025-07-02,Power Bank,Electronics,Chiang Mai,Online,21,149,3129,0,4.0
2025-08-02,iPhone Case,Accessories,Khon Kaen,Marketplace,6,149,894,1,4.0
2025-01-12,Screen Protector,Accessories,Phuket,Online,45,1290,58050,0,3.6
2025-10-14,Screen Protector,Accessories,Chiang Mai,Marketplace,42,199,8358,4,4.8
2025-02-16,Mouse Pad,Accessories,Phuket,Marketplace,32,149,4768,0,4.2
2025-09-12,Power Bank,Electronics,Phuket,In-Store,33,1290,42570,2,4.4
2025-11-06,Power Bank,Electronics,Pattaya,In-Store,28,890,24920,1,5.0
2025-12-19,Keyboard Cover,Accessories,Bangkok,In-Store,47,1290,60630,3,3.3
2025-08-30,Keyboard Cover,Accessories,Pattaya,In-Store,9,99,891,1,4.5
2025-06-18,USB-C Cable,Accessories,Khon Kaen,Marketplace,40,1290,51600,3,4.1
2025-03-22,Phone Stand,Accessories,Chiang Mai,Online,4,1290,5160,0,4.7
2025-10-04,Phone Stand,Accessories,Chiang Mai,Online,49,599,29351,2,5.0
2025-05-24,Screen Protector,Accessories,Pattaya,Online,5,99,495,1,3.9
2025-01-25,Laptop Bag,Bags,Khon Kaen,Marketplace,19,199,3781,0,4.3
2025-05-08,USB-C Cable,Accessories,Pattaya,Marketplace,37,149,5513,0,4.9
2025-03-03,Screen Protector,Accessories,Khon Kaen,Online,26,1590,41340,2,3.4
2025-03-30,Screen Protector,Accessories,Chiang Mai,Marketplace,46,890,40940,3,3.4
2025-11-10,USB-C Cable,Accessories,Chiang Mai,Marketplace,16,99,1584,1,3.7
2025-08-18,Screen Protector,Accessories,Pattaya,In-Store,5,890,4450,0,4.5
2025-05-19,Wireless Charger,Electronics,Chiang Mai,Online,26,1290,33540,2,3.6
2025-05-28,Phone Stand,Accessories,Phuket,In-Store,45,1590,71550,4,4.1
2025-01-06,Mouse Pad,Accessories,Khon Kaen,In-Store,46,149,6854,3,3.6
2025-04-18,Keyboard Cover,Accessories,Khon Kaen,Marketplace,17,99,1683,0,4.3
2025-11-20,Phone Stand,Accessories,Pattaya,Online,18,890,16020,0,4.4
2025-01-05,USB-C Cable,Accessories,Phuket,In-Store,30,299,8970,3,4.4
2025-11-22,Bluetooth Earbuds,Electronics,Bangkok,Marketplace,24,1590,38160,1,3.3
2025-04-20,Power Bank,Electronics,Khon Kaen,In-Store,43,349,15007,4,3.7
2025-12-25,USB-C Cable,Accessories,Khon Kaen,Online,15,199,2985,0,3.5
2025-02-24,Phone Stand,Accessories,Bangkok,Online,29,199,5771,2,3.7
2025-08-21,Laptop Bag,Bags,Chiang Mai,Online,33,149,4917,0,4.2
2025-12-31,Wireless Charger,Electronics,Pattaya,In-Store,13,1290,16770,1,3.3
2025-03-08,USB-C Cable,Accessories,Khon Kaen,Online,49,1590,77910,1,3.9
2025-10-23,Laptop Bag,Bags,Chiang Mai,Online,8,349,2792,0,4.1
2025-04-29,USB-C Cable,Accessories,Chiang Mai,Online,30,349,10470,0,3.8
2025-11-14,Laptop Bag,Bags,Phuket,Marketplace,34,199,6766,0,4.4
2025-12-20,Power Bank,Electronics,Bangkok,Marketplace,35,149,5215,1,4.8
2025-03-26,iPhone Case,Accessories,Bangkok,Marketplace,23,199,4577,1,3.1
2025-08-28,Phone Stand,Accessories,Bangkok,Marketplace,35,890,31150,3,3.1
2025-12-16,USB-C Cable,Accessories,Chiang Mai,Online,7,99,693,1,4.4
2025-12-20,Screen Protector,Accessories,Khon Kaen,Marketplace,20,1590,31800,2,3.4
2025-09-28,iPhone Case,Accessories,Chiang Mai,Online,46,149,6854,3,3.9
2025-06-29,Wireless Charger,Electronics,Pattaya,In-Store,24,1590,38160,2,4.4
2025-12-14,Power Bank,Electronics,Bangkok,Marketplace,22,199,4378,1,4.5
2025-09-29,Mouse Pad,Accessories,Chiang Mai,Online,30,99,2970,3,3.9
2025-03-27,Phone Stand,Accessories,Chiang Mai,Online,4,299,1196,0,3.6
2025-05-07,Screen Protector,Accessories,Phuket,Online,19,1590,30210,1,3.0
2025-10-22,iPhone Case,Accessories,Phuket,In-Store,41,199,8159,4,4.4
2025-01-26,Keyboard Cover,Accessories,Phuket,In-Store,37,599,22163,3,4.1
2025-11-05,Bluetooth Earbuds,Electronics,Khon Kaen,Marketplace,33,199,6567,3,3.6
2025-01-06,iPhone Case,Accessories,Bangkok,In-Store,1,99,99,1,4.6
2025-07-29,Power Bank,Electronics,Chiang Mai,In-Store,29,149,4321,0,3.8
2025-08-28,Keyboard Cover,Accessories,Pattaya,Marketplace,44,1590,69960,3,4.7
2025-02-22,Wireless Charger,Electronics,Pattaya,In-Store,20,599,11980,2,4.9
2025-08-27,Keyboard Cover,Accessories,Chiang Mai,In-Store,33,299,9867,0,4.5
2025-01-02,Wireless Charger,Electronics,Bangkok,Online,10,199,1990,1,4.3
2025-01-30,iPhone Case,Accessories,Chiang Mai,Marketplace,49,349,17101,1,3.9
2025-07-19,Bluetooth Earbuds,Electronics,Bangkok,Marketplace,43,99,4257,0,3.2
2025-07-20,iPhone Case,Accessories,Phuket,Online,46,890,40940,2,3.2
2025-09-14,iPhone Case,Accessories,Phuket,Marketplace,25,349,8725,0,4.9
2025-01-14,Phone Stand,Accessories,Khon Kaen,Marketplace,49,349,17101,0,3.4
2025-01-19,Power Bank,Electronics,Khon Kaen,In-Store,16,199,3184,0,3.3
2025-09-29,Power Bank,Electronics,Pattaya,Marketplace,36,599,21564,2,3.6
2025-02-17,Bluetooth Earbuds,Electronics,Bangkok,Online,1,890,890,1,3.3
2025-10-04,Keyboard Cover,Accessories,Khon Kaen,Online,11,599,6589,0,4.3
2025-12-23,USB-C Cable,Accessories,Phuket,Marketplace,44,1290,56760,2,3.6
2025-01-21,Wireless Charger,Electronics,Chiang Mai,In-Store,44,599,26356,1,3.2
2025-08-24,Screen Protector,Accessories,Chiang Mai,Online,34,149,5066,0,4.2
2025-04-12,Bluetooth Earbuds,Electronics,Khon Kaen,Marketplace,6,1590,9540,0,3.1
2025-08-26,Wireless Charger,Electronics,Bangkok,In-Store,31,1590,49290,2,3.7
2025-06-02,iPhone Case,Accessories,Pattaya,Online,20,1290,25800,2,3.6
2025-06-05,Laptop Bag,Bags,Khon Kaen,Marketplace,7,299,2093,1,3.3
2025-10-05,Wireless Charger,Electronics,Khon Kaen,In-Store,31,599,18569,3,4.7
2025-09-16,Phone Stand,Accessories,Chiang Mai,Online,30,199,5970,2,3.4
2025-01-02,iPhone Case,Accessories,Phuket,In-Store,3,149,447,0,4.6
2025-04-17,Phone Stand,Accessories,Khon Kaen,Marketplace,36,599,21564,1,3.3
2025-06-28,Keyboard Cover,Accessories,Bangkok,Marketplace,34,99,3366,2,4.4
2025-11-28,Mouse Pad,Accessories,Khon Kaen,Online,14,1290,18060,0,4.1
2025-04-21,Mouse Pad,Accessories,Pattaya,Marketplace,14,99,1386,0,3.0
2025-03-06,Power Bank,Electronics,Khon Kaen,In-Store,21,1590,33390,0,3.7
2025-08-15,Laptop Bag,Bags,Chiang Mai,Marketplace,7,299,2093,1,3.4
2025-12-10,Bluetooth Earbuds,Electronics,Khon Kaen,Marketplace,1,890,890,1,3.0
2025-05-08,Bluetooth Earbuds,Electronics,Khon Kaen,Online,25,1290,32250,2,3.4
2025-08-27,USB-C Cable,Accessories,Bangkok,Online,21,299,6279,0,3.9
2025-02-09,Laptop Bag,Bags,Chiang Mai,Marketplace,48,99,4752,2,3.9
2025-09-14,Bluetooth Earbuds,Electronics,Khon Kaen,Marketplace,2,349,698,0,4.5
2025-05-01,Wireless Charger,Electronics,Phuket,In-Store,23,890,20470,2,4.1
2025-03-21,Power Bank,Electronics,Pattaya,In-Store,40,349,13960,3,3.5
2025-09-04,iPhone Case,Accessories,Khon Kaen,In-Store,48,890,42720,0,4.6
2025-07-04,Mouse Pad,Accessories,Khon Kaen,Marketplace,40,1290,51600,1,3.7
2025-09-17,Phone Stand,Accessories,Khon Kaen,Marketplace,37,599,22163,3,4.9
2025-08-29,USB-C Cable,Accessories,Khon Kaen,In-Store,26,149,3874,0,4.2
2025-09-21,Bluetooth Earbuds,Electronics,Bangkok,Online,15,349,5235,1,4.8
2025-09-29,Mouse Pad,Accessories,Bangkok,Online,21,99,2079,2,4.3
2025-03-01,Mouse Pad,Accessories,Phuket,Online,5,149,745,0,4.3
2025-06-06,Laptop Bag,Bags,Khon Kaen,Online,2,299,598,1,5.0
2025-08-06,iPhone Case,Accessories,Phuket,In-Store,43,99,4257,3,4.9
2025-02-02,Keyboard Cover,Accessories,Chiang Mai,In-Store,6,299,1794,0,4.9
2025-01-03,iPhone Case,Accessories,Bangkok,In-Store,38,149,5662,0,3.2
2025-12-12,iPhone Case,Accessories,Chiang Mai,In-Store,29,299,8671,1,3.4
2025-09-24,Mouse Pad,Accessories,Khon Kaen,Marketplace,1,299,299,1,3.7
2025-05-09,iPhone Case,Accessories,Chiang Mai,Marketplace,33,299,9867,0,4.0
2025-09-18,iPhone Case,Accessories,Khon Kaen,Marketplace,40,349,13960,2,4.8
2025-09-04,Phone Stand,Accessories,Pattaya,Online,20,1590,31800,2,4.4
2025-02-20,Phone Stand,Accessories,Bangkok,Online,36,149,5364,2,3.1
2025-08-04,Bluetooth Earbuds,Electronics,Bangkok,Online,20,299,5980,1,3.2
2025-08-09,USB-C Cable,Accessories,Chiang Mai,In-Store,22,349,7678,0,3.0
2025-08-26,Mouse Pad,Accessories,Chiang Mai,Online,33,349,11517,0,3.2
2025-02-10,Phone Stand,Accessories,Pattaya,Marketplace,26,349,9074,0,3.5
2025-11-26,Power Bank,Electronics,Pattaya,Online,45,199,8955,3,4.6
2025-07-09,USB-C Cable,Accessories,Chiang Mai,Marketplace,9,99,891,1,3.8
2025-07-08,Screen Protector,Accessories,Pattaya,Online,48,1590,76320,2,4.2
2025-07-07,Laptop Bag,Bags,Bangkok,In-Store,8,299,2392,1,4.9
2025-07-11,Laptop Bag,Bags,Bangkok,Marketplace,42,890,37380,0,3.2
2025-03-04,USB-C Cable,Accessories,Phuket,In-Store,25,1590,39750,1,3.1
2025-12-10,USB-C Cable,Accessories,Pattaya,In-Store,29,299,8671,1,3.6
2025-08-18,Wireless Charger,Electronics,Chiang Mai,In-Store,30,599,17970,3,3.6
2025-12-27,Mouse Pad,Accessories,Phuket,Marketplace,5,349,1745,0,3.4
2025-05-31,Bluetooth Earbuds,Electronics,Pattaya,In-Store,33,199,6567,3,4.4
2025-06-22,Mouse Pad,Accessories,Pattaya,Marketplace,44,1290,56760,3,3.3
2025-12-02,Laptop Bag,Bags,Chiang Mai,In-Store,24,149,3576,0,3.1
2025-10-22,Power Bank,Electronics,Chiang Mai,In-Store,19,149,2831,1,3.2
2025-10-09,Phone Stand,Accessories,Phuket,In-Store,14,890,12460,1,4.6
2025-05-04,Power Bank,Electronics,Pattaya,Online,24,349,8376,1,3.1
2025-08-28,Phone Stand,Accessories,Chiang Mai,In-Store,8,1290,10320,0,4.8
2025-12-25,Screen Protector,Accessories,Phuket,Online,46,1290,59340,3,4.1
2025-08-30,iPhone Case,Accessories,Pattaya,Online,47,99,4653,2,4.1
2025-09-07,Phone Stand,Accessories,Chiang Mai,Marketplace,24,1590,38160,0,4.6
2025-09-17,Bluetooth Earbuds,Electronics,Phuket,Online,36,599,21564,2,4.0
2025-01-13,USB-C Cable,Accessories,Pattaya,Marketplace,8,199,1592,0,4.9
2025-10-31,Wireless Charger,Electronics,Chiang Mai,Online,18,349,6282,1,4.5
2025-10-24,Power Bank,Electronics,Chiang Mai,Marketplace,35,890,31150,1,4.0
2025-05-06,USB-C Cable,Accessories,Bangkok,Marketplace,38,199,7562,2,3.5
2025-09-20,Power Bank,Electronics,Phuket,In-Store,32,299,9568,0,4.5
2025-09-06,Laptop Bag,Bags,Phuket,Online,12,199,2388,0,3.9
2025-02-18,iPhone Case,Accessories,Bangkok,In-Store,11,599,6589,1,4.6
2025-06-30,Keyboard Cover,Accessories,Bangkok,Marketplace,50,1290,64500,1,3.1
2025-12-24,Mouse Pad,Accessories,Phuket,Online,21,299,6279,2,3.0
2025-09-06,USB-C Cable,Accessories,Phuket,Marketplace,2,1590,3180,1,3.3
2025-03-19,iPhone Case,Accessories,Phuket,Online,1,1590,1590,0,4.5
2025-07-21,Wireless Charger,Electronics,Phuket,Online,17,199,3383,0,3.6
2025-05-21,Mouse Pad,Accessories,Pattaya,In-Store,37,1290,47730,3,4.1
2025-09-20,iPhone Case,Accessories,Pattaya,Marketplace,31,199,6169,2,4.2
2025-05-08,Mouse Pad,Accessories,Khon Kaen,Online,43,199,8557,4,3.3
2025-08-21,USB-C Cable,Accessories,Chiang Mai,In-Store,28,349,9772,0,4.9
2025-09-02,USB-C Cable,Accessories,Khon Kaen,In-Store,30,349,10470,0,4.7
2025-11-03,Keyboard Cover,Accessories,Chiang Mai,Marketplace,6,599,3594,1,4.3
2025-06-12,Screen Protector,Accessories,Khon Kaen,Online,36,1290,46440,1,3.2
2025-12-13,USB-C Cable,Accessories,Pattaya,Online,35,599,20965,2,4.9
2025-08-20,Power Bank,Electronics,Chiang Mai,In-Store,44,299,13156,1,5.0
2025-01-22,USB-C Cable,Accessories,Pattaya,Online,44,299,13156,4,4.5
2025-07-16,Screen Protector,Accessories,Phuket,In-Store,7,599,4193,0,3.7
2025-06-16,Mouse Pad,Accessories,Phuket,Online,2,299,598,1,3.4
2025-02-18,Keyboard Cover,Accessories,Pattaya,In-Store,30,599,17970,1,3.1
2025-11-19,Screen Protector,Accessories,Pattaya,Online,44,349,15356,4,4.9
2025-03-04,Screen Protector,Accessories,Bangkok,Online,46,349,16054,4,3.3
2025-11-04,Screen Protector,Accessories,Phuket,Online,2,199,398,0,3.0
2025-12-19,Phone Stand,Accessories,Bangkok,In-Store,13,99,1287,0,3.2
2025-02-28,Mouse Pad,Accessories,Phuket,Online,29,149,4321,2,3.5
2025-05-08,Phone Stand,Accessories,Chiang Mai,In-Store,48,599,28752,4,4.5
2025-12-23,Wireless Charger,Electronics,Khon Kaen,In-Store,39,199,7761,1,3.8
2025-07-22,Keyboard Cover,Accessories,Khon Kaen,Marketplace,2,99,198,0,4.3
2025-01-01,Laptop Bag,Bags,Chiang Mai,In-Store,26,149,3874,0,4.8
2025-03-23,iPhone Case,Accessories,Khon Kaen,Online,33,299,9867,2,4.8
2025-04-07,Phone Stand,Accessories,Pattaya,Marketplace,32,99,3168,3,4.1
2025-10-06,Keyboard Cover,Accessories,Phuket,Marketplace,45,890,40050,1,4.2
2025-12-05,Bluetooth Earbuds,Electronics,Chiang Mai,Online,26,890,23140,2,3.7
2025-12-14,Power Bank,Electronics,Khon Kaen,Online,1,299,299,1,4.7
2025-06-12,Screen Protector,Accessories,Chiang Mai,Online,17,299,5083,1,4.9
2025-05-16,Mouse Pad,Accessories,Phuket,Marketplace,17,149,2533,1,4.1
2025-03-25,Power Bank,Electronics,Bangkok,In-Store,40,890,35600,4,4.2
2025-06-10,Screen Protector,Accessories,Bangkok,Online,25,99,2475,2,3.2
2025-12-22,Screen Protector,Accessories,Chiang Mai,Marketplace,32,99,3168,1,4.5
2025-07-03,iPhone Case,Accessories,Phuket,In-Store,28,99,2772,1,4.2
2025-07-13,Phone Stand,Accessories,Bangkok,In-Store,21,1590,33390,2,4.6
2025-02-07,Bluetooth Earbuds,Electronics,Chiang Mai,Marketplace,19,1290,24510,1,4.0
2025-04-14,Bluetooth Earbuds,Electronics,Bangkok,In-Store,46,1290,59340,4,3.9
2025-12-23,Laptop Bag,Bags,Khon Kaen,In-Store,38,99,3762,3,4.3
2025-07-26,Bluetooth Earbuds,Electronics,Pattaya,Online,20,99,1980,0,3.8
2025-01-23,Laptop Bag,Bags,Phuket,In-Store,38,599,22762,2,3.9
2025-07-02,USB-C Cable,Accessories,Pattaya,Online,2,890,1780,0,3.4
2025-07-17,iPhone Case,Accessories,Pattaya,Marketplace,40,599,23960,0,4.6
2025-03-29,Keyboard Cover,Accessories,Khon Kaen,In-Store,29,890,25810,2,4.6
2025-09-10,Bluetooth Earbuds,Electronics,Khon Kaen,In-Store,13,99,1287,1,4.8
2025-04-23,USB-C Cable,Accessories,Pattaya,Marketplace,15,199,2985,1,3.2
2025-02-28,Laptop Bag,Bags,Khon Kaen,In-Store,13,99,1287,0,4.8
2025-12-06,Laptop Bag,Bags,Chiang Mai,Online,32,1590,50880,2,4.5
2025-09-01,Laptop Bag,Bags,Bangkok,In-Store,18,1290,23220,0,3.7
2025-10-30,Wireless Charger,Electronics,Pattaya,In-Store,20,349,6980,2,3.3
2025-03-03,Wireless Charger,Electronics,Phuket,Marketplace,43,890,38270,0,3.7
2025-02-04,Keyboard Cover,Accessories,Pattaya,Marketplace,15,349,5235,1,5.0
2025-10-31,Laptop Bag,Bags,Khon Kaen,Online,6,299,1794,1,4.8
2025-05-13,Bluetooth Earbuds,Electronics,Phuket,Online,35,599,20965,3,4.8
2025-11-27,Screen Protector,Accessories,Bangkok,In-Store,33,890,29370,0,3.3
2025-04-03,Mouse Pad,Accessories,Khon Kaen,Marketplace,33,349,11517,3,3.5
2025-10-22,Power Bank,Electronics,Pattaya,Marketplace,1,299,299,0,3.1
2025-03-14,Keyboard Cover,Accessories,Phuket,Marketplace,17,199,3383,1,3.1
2025-09-18,Bluetooth Earbuds,Electronics,Khon Kaen,Marketplace,23,1290,29670,1,4.6
2025-12-08,Laptop Bag,Bags,Khon Kaen,In-Store,7,599,4193,0,4.5
2025-12-03,Screen Protector,Accessories,Phuket,Marketplace,6,890,5340,0,4.0
2025-01-05,Phone Stand,Accessories,Chiang Mai,In-Store,38,1290,49020,0,4.3
2025-12-03,Laptop Bag,Bags,Phuket,Marketplace,14,349,4886,0,4.8
2025-01-15,Mouse Pad,Accessories,Pattaya,In-Store,31,299,9269,0,3.2
2025-01-31,iPhone Case,Accessories,Phuket,Marketplace,10,1590,15900,0,4.2
2025-07-13,USB-C Cable,Accessories,Khon Kaen,In-Store,30,890,26700,2,3.9
2025-10-28,Bluetooth Earbuds,Electronics,Khon Kaen,Online,10,149,1490,0,3.9
2025-03-18,USB-C Cable,Accessories,Chiang Mai,Marketplace,5,199,995,1,5.0
2025-08-25,Laptop Bag,Bags,Khon Kaen,Marketplace,47,299,14053,1,4.3
2025-02-20,iPhone Case,Accessories,Chiang Mai,Online,22,99,2178,2,4.8
2025-06-16,iPhone Case,Accessories,Pattaya,Marketplace,11,199,2189,1,3.8
2025-08-24,Bluetooth Earbuds,Electronics,Chiang Mai,Online,18,349,6282,1,4.4
2025-06-27,Mouse Pad,Accessories,Pattaya,Online,49,149,7301,0,3.1
2025-11-15,USB-C Cable,Accessories,Bangkok,In-Store,6,1290,7740,1,4.5
2025-11-13,Bluetooth Earbuds,Electronics,Pattaya,Online,8,1290,10320,1,3.4
2025-12-06,Laptop Bag,Bags,Phuket,In-Store,48,1590,76320,1,3.6
2025-10-10,Mouse Pad,Accessories,Phuket,In-Store,33,890,29370,1,3.4
2025-02-06,Power Bank,Electronics,Bangkok,In-Store,28,349,9772,1,4.4
2025-05-01,Laptop Bag,Bags,Chiang Mai,Marketplace,40,1590,63600,1,3.3
2025-10-03,Phone Stand,Accessories,Pattaya,In-Store,25,349,8725,2,4.3
2025-01-09,Screen Protector,Accessories,Bangkok,Online,25,99,2475,2,5.0
2025-05-11,Screen Protector,Accessories,Khon Kaen,Marketplace,30,99,2970,2,5.0
2025-01-23,Keyboard Cover,Accessories,Bangkok,In-Store,23,1590,36570,2,4.2
2025-01-15,Keyboard Cover,Accessories,Khon Kaen,Online,32,299,9568,3,4.2
2025-07-16,Keyboard Cover,Accessories,Bangkok,In-Store,1,1590,1590,0,4.7
2025-10-08,Power Bank,Electronics,Chiang Mai,Online,6,599,3594,1,5.0
2025-02-16,Laptop Bag,Bags,Pattaya,Online,27,199,5373,0,4.4
2025-03-18,USB-C Cable,Accessories,Chiang Mai,Marketplace,11,599,6589,0,5.0
2025-12-03,Keyboard Cover,Accessories,Khon Kaen,Online,3,199,597,0,4.7
2025-11-10,USB-C Cable,Accessories,Bangkok,Marketplace,14,99,1386,1,4.3
2025-03-20,iPhone Case,Accessories,Khon Kaen,Online,18,349,6282,1,4.9
2025-03-08,Bluetooth Earbuds,Electronics,Khon Kaen,Online,49,199,9751,3,4.4
2025-01-14,Keyboard Cover,Accessories,Pattaya,Marketplace,34,299,10166,3,3.4
2025-07-10,Wireless Charger,Electronics,Phuket,Online,41,149,6109,1,3.7
2025-07-05,Wireless Charger,Electronics,Bangkok,Marketplace,26,99,2574,1,3.3
2025-07-17,Phone Stand,Accessories,Khon Kaen,Online,5,1290,6450,1,3.8
2025-06-23,Screen Protector,Accessories,Khon Kaen,In-Store,32,299,9568,3,4.8
2025-04-28,Screen Protector,Accessories,Chiang Mai,Marketplace,15,890,13350,1,3.9
2025-05-20,iPhone Case,Accessories,Phuket,Online,8,149,1192,1,3.3
2025-12-05,Wireless Charger,Electronics,Chiang Mai,In-Store,39,599,23361,0,4.8
2025-09-30,USB-C Cable,Accessories,Phuket,Online,17,1590,27030,0,4.7
2025-08-26,USB-C Cable,Accessories,Bangkok,Marketplace,23,99,2277,2,4.7
2025-09-19,Wireless Charger,Electronics,Chiang Mai,In-Store,5,99,495,1,4.7
2025-07-07,Laptop Bag,Bags,Chiang Mai,Online,12,890,10680,0,4.0
2025-03-23,Screen Protector,Accessories,Pattaya,In-Store,15,349,5235,1,3.5
2025-12-29,Wireless Charger,Electronics,Chiang Mai,Online,12,149,1788,0,4.6
2025-07-18,Mouse Pad,Accessories,Chiang Mai,In-Store,19,890,16910,1,3.4
2025-01-07,Mouse Pad,Accessories,Pattaya,Marketplace,23,299,6877,0,4.8
2025-03-16,Power Bank,Electronics,Pattaya,In-Store,25,299,7475,1,4.4
2025-08-16,Bluetooth Earbuds,Electronics,Chiang Mai,Marketplace,17,299,5083,0,4.8
2025-02-20,Screen Protector,Accessories,Bangkok,Marketplace,15,1590,23850,1,4.1
2025-06-20,Mouse Pad,Accessories,Chiang Mai,In-Store,18,199,3582,1,3.9
2025-09-11,Power Bank,Electronics,Phuket,Online,38,149,5662,1,4.6
2025-06-16,Power Bank,Electronics,Chiang Mai,Marketplace,14,199,2786,0,3.0
2025-04-13,Power Bank,Electronics,Khon Kaen,In-Store,30,1290,38700,0,4.5
2025-09-06,Power Bank,Electronics,Phuket,In-Store,31,299,9269,3,4.5
2025-02-17,USB-C Cable,Accessories,Pattaya,Marketplace,36,890,32040,1,3.2
2025-03-23,Laptop Bag,Bags,Khon Kaen,Marketplace,35,199,6965,0,4.2
2025-06-03,Laptop Bag,Bags,Bangkok,In-Store,19,149,2831,1,3.2
2025-07-31,iPhone Case,Accessories,Bangkok,In-Store,17,199,3383,1,3.2
2025-05-26,Laptop Bag,Bags,Bangkok,In-Store,24,299,7176,0,4.4
2025-02-07,Mouse Pad,Accessories,Khon Kaen,Marketplace,20,1290,25800,0,4.3
2025-06-23,iPhone Case,Accessories,Khon Kaen,Online,44,890,39160,4,4.3
2025-12-07,Power Bank,Electronics,Khon Kaen,Online,36,299,10764,2,3.1
2025-05-28,Bluetooth Earbuds,Electronics,Pattaya,Online,11,1590,17490,1,3.8
2025-05-17,Screen Protector,Accessories,Phuket,Marketplace,7,1590,11130,1,4.2
2025-11-11,Power Bank,Electronics,Pattaya,Online,43,1290,55470,2,4.8
2025-04-16,Bluetooth Earbuds,Electronics,Phuket,In-Store,41,299,12259,3,4.3
2025-10-08,Power Bank,Electronics,Pattaya,Marketplace,2,299,598,0,5.0
2025-09-27,Mouse Pad,Accessories,Phuket,In-Store,44,890,39160,0,4.6
2025-08-07,iPhone Case,Accessories,Pattaya,Online,13,299,3887,0,3.8
2025-09-19,Phone Stand,Accessories,Pattaya,In-Store,14,1590,22260,0,4.6
2025-10-18,Bluetooth Earbuds,Electronics,Khon Kaen,In-Store,28,1290,36120,2,4.9
2025-07-06,Laptop Bag,Bags,Bangkok,Online,11,299,3289,0,4.5
2025-01-19,Mouse Pad,Accessories,Khon Kaen,In-Store,4,1290,5160,1,4.4
2025-01-29,Bluetooth Earbuds,Electronics,Pattaya,Marketplace,49,1290,63210,1,4.4
2025-10-10,Phone Stand,Accessories,Pattaya,In-Store,40,599,23960,1,4.0
2025-08-30,Wireless Charger,Electronics,Khon Kaen,Marketplace,37,1290,47730,3,3.8
2025-03-15,Bluetooth Earbuds,Electronics,Phuket,Marketplace,49,199,9751,3,3.6
2025-05-07,Screen Protector,Accessories,Bangkok,Marketplace,40,99,3960,4,3.3
2025-09-30,Laptop Bag,Bags,Khon Kaen,Marketplace,20,890,17800,2,3.6
2025-02-25,Phone Stand,Accessories,Pattaya,Online,19,299,5681,1,3.5
2025-05-31,Bluetooth Earbuds,Electronics,Bangkok,Marketplace,6,99,594,0,3.4
2025-05-12,Keyboard Cover,Accessories,Chiang Mai,Online,6,890,5340,1,3.3
2025-02-12,Phone Stand,Accessories,Chiang Mai,Online,21,599,12579,2,3.4
2025-02-03,Mouse Pad,Accessories,Khon Kaen,Online,28,1290,36120,2,4.2
2025-07-14,Phone Stand,Accessories,Khon Kaen,In-Store,49,1290,63210,2,4.6
2025-04-06,Keyboard Cover,Accessories,Bangkok,Marketplace,8,1590,12720,0,4.5
2025-01-27,Mouse Pad,Accessories,Khon Kaen,Marketplace,13,1290,16770,0,4.3
2025-12-17,Wireless Charger,Electronics,Bangkok,Online,14,299,4186,1,3.6
2025-02-04,Laptop Bag,Bags,Chiang Mai,Marketplace,29,299,8671,2,5.0
2025-05-03,Keyboard Cover,Accessories,Chiang Mai,Marketplace,13,1590,20670,1,4.6
2025-07-07,Screen Protector,Accessories,Bangkok,In-Store,40,1590,63600,2,3.5
2025-03-12,iPhone Case,Accessories,Pattaya,Online,49,149,7301,0,4.5
2025-12-03,Wireless Charger,Electronics,Chiang Mai,In-Store,30,199,5970,0,4.1
2025-09-13,Laptop Bag,Bags,Phuket,In-Store,20,1290,25800,1,3.3
2025-08-13,iPhone Case,Accessories,Pattaya,Marketplace,38,1590,60420,0,3.9
2025-12-03,Screen Protector,Accessories,Chiang Mai,Online,2,1290,2580,0,3.7
2025-03-16,Laptop Bag,Bags,Chiang Mai,Online,3,299,897,0,4.2
2025-12-31,Laptop Bag,Bags,Pattaya,Marketplace,46,299,13754,4,3.9
2025-04-22,Power Bank,Electronics,Chiang Mai,In-Store,43,1290,55470,0,3.2
2025-12-25,Keyboard Cover,Accessories,Phuket,Online,30,1590,47700,1,4.9
2025-01-11,Screen Protector,Accessories,Pattaya,Online,4,299,1196,1,4.3
2025-02-15,Laptop Bag,Bags,Phuket,Marketplace,39,599,23361,1,3.8
2025-06-05,Screen Protector,Accessories,Chiang Mai,In-Store,20,599,11980,1,3.9
2025-02-16,Phone Stand,Accessories,Chiang Mai,In-Store,17,99,1683,0,4.6
2025-12-11,Screen Protector,Accessories,Chiang Mai,Online,22,299,6578,2,5.0
2025-01-30,USB-C Cable,Accessories,Bangkok,Online,5,199,995,1,3.5
2025-04-07,iPhone Case,Accessories,Phuket,Online,36,890,32040,3,5.0
2025-09-25,Keyboard Cover,Accessories,Phuket,Marketplace,27,599,16173,2,3.6
2025-12-12,USB-C Cable,Accessories,Phuket,In-Store,29,1290,37410,1,4.2
2025-06-08,Screen Protector,Accessories,Pattaya,Online,46,149,6854,4,3.5
2025-04-14,Screen Protector,Accessories,Khon Kaen,In-Store,41,1290,52890,1,3.4
2025-07-14,Laptop Bag,Bags,Pattaya,In-Store,2,199,398,1,4.9
2025-06-06,Keyboard Cover,Accessories,Khon Kaen,Marketplace,10,199,1990,1,3.2
2025-08-22,Power Bank,Electronics,Phuket,Marketplace,13,1590,20670,0,4.0
2025-08-05,Power Bank,Electronics,Bangkok,In-Store,33,149,4917,2,3.8
2025-09-12,Wireless Charger,Electronics,Bangkok,Marketplace,50,149,7450,4,4.6
2025-07-13,Screen Protector,Accessories,Chiang Mai,Online,36,99,3564,0,3.7
2025-08-18,Power Bank,Electronics,Phuket,Marketplace,42,599,25158,2,3.7
2025-06-10,iPhone Case,Accessories,Chiang Mai,Online,44,1290,56760,3,3.7
2025-10-22,iPhone Case,Accessories,Bangkok,Marketplace,5,299,1495,0,5.0
2025-08-07,Keyboard Cover,Accessories,Phuket,Marketplace,36,199,7164,0,3.8
2025-01-03,Bluetooth Earbuds,Electronics,Bangkok,In-Store,31,149,4619,2,3.0
2025-08-05,Mouse Pad,Accessories,Khon Kaen,Marketplace,7,99,693,0,3.6
2025-03-26,Keyboard Cover,Accessories,Bangkok,In-Store,43,299,12857,2,4.4
2025-09-07,Bluetooth Earbuds,Electronics,Chiang Mai,Online,9,349,3141,1,4.9
2025-08-10,USB-C Cable,Accessories,Phuket,In-Store,17,1290,21930,0,4.2
2025-11-08,Bluetooth Earbuds,Electronics,Pattaya,Marketplace,12,599,7188,0,3.2
2025-02-24,Wireless Charger,Electronics,Phuket,Online,32,599,19168,0,3.6
2025-07-30,Bluetooth Earbuds,Electronics,Phuket,Marketplace,37,1590,58830,2,4.2
2025-11-23,Keyboard Cover,Accessories,Phuket,In-Store,23,99,2277,1,4.0
2025-06-17,USB-C Cable,Accessories,Phuket,Online,25,599,14975,2,4.5
2025-09-30,Mouse Pad,Accessories,Bangkok,Online,28,1590,44520,2,3.3
2025-03-01,Bluetooth Earbuds,Electronics,Chiang Mai,Marketplace,13,199,2587,0,4.4
2025-03-01,Wireless Charger,Electronics,Khon Kaen,Marketplace,16,149,2384,0,3.6
2025-02-15,Bluetooth Earbuds,Electronics,Khon Kaen,Marketplace,3,1590,4770,1,3.4
2025-01-14,Laptop Bag,Bags,Chiang Mai,In-Store,43,1590,68370,2,4.8
2025-02-21,Phone Stand,Accessories,Phuket,Marketplace,25,149,3725,0,4.9
2025-05-17,Wireless Charger,Electronics,Phuket,Online,32,299,9568,1,3.6
2025-06-01,Mouse Pad,Accessories,Bangkok,Marketplace,43,1290,55470,4,4.0
2025-10-21,Wireless Charger,Electronics,Phuket,In-Store,20,890,17800,1,4.7
2025-12-11,Power Bank,Electronics,Chiang Mai,In-Store,6,1290,7740,1,4.1
2025-10-18,USB-C Cable,Accessories,Pattaya,In-Store,23,1290,29670,0,3.9
2025-10-19,Bluetooth Earbuds,Electronics,Chiang Mai,Online,39,99,3861,0,3.6
2025-07-24,Phone Stand,Accessories,Bangkok,Online,22,349,7678,0,4.0
2025-03-21,USB-C Cable,Accessories,Khon Kaen,Online,31,1290,39990,3,3.6
2025-02-14,Power Bank,Electronics,Bangkok,Online,6,299,1794,0,3.8
2025-05-01,Bluetooth Earbuds,Electronics,Pattaya,Online,29,149,4321,1,4.4
2025-02-13,Bluetooth Earbuds,Electronics,Bangkok,Marketplace,50,349,17450,4,4.0
2025-03-30,iPhone Case,Accessories,Chiang Mai,In-Store,35,599,20965,0,4.5
2025-12-10,Phone Stand,Accessories,Bangkok,Online,2,149,298,1,3.3
2025-12-25,USB-C Cable,Accessories,Phuket,In-Store,12,199,2388,1,3.5
2025-01-09,Power Bank,Electronics,Phuket,In-Store,43,890,38270,1,3.7
2025-06-20,Mouse Pad,Accessories,Khon Kaen,In-Store,7,299,2093,1,3.1
2025-01-22,Power Bank,Electronics,Pattaya,In-Store,32,149,4768,2,3.9
2025-05-16,Phone Stand,Accessories,Phuket,Marketplace,2,99,198,1,3.1
2025-02-22,Laptop Bag,Bags,Pattaya,Online,38,199,7562,2,4.1
2025-09-09,Power Bank,Electronics,Bangkok,Online,38,299,11362,3,3.3
2025-03-07,Wireless Charger,Electronics,Khon Kaen,Marketplace,38,149,5662,3,3.3
2025-07-18,Power Bank,Electronics,Phuket,Marketplace,22,349,7678,2,3.1
2025-02-05,Phone Stand,Accessories,Khon Kaen,Marketplace,16,99,1584,1,4.7
2025-03-24,Power Bank,Electronics,Chiang Mai,Online,16,599,9584,0,4.7
2025-11-08,USB-C Cable,Accessories,Khon Kaen,Marketplace,13,1590,20670,0,3.5
2025-09-21,Laptop Bag,Bags,Khon Kaen,Marketplace,22,1590,34980,0,4.6
2025-07-16,iPhone Case,Accessories,Phuket,In-Store,6,890,5340,0,4.0
2025-09-10,Laptop Bag,Bags,Pattaya,In-Store,16,149,2384,0,3.4
2025-06-10,Wireless Charger,Electronics,Khon Kaen,Online,12,99,1188,1,4.1
2025-02-16,USB-C Cable,Accessories,Khon Kaen,In-Store,7,1590,11130,0,3.5
2025-12-10,Power Bank,Electronics,Khon Kaen,Online,42,890,37380,1,3.4
2025-07-20,iPhone Case,Accessories,Bangkok,Online,22,349,7678,0,4.2
2025-10-20,Bluetooth Earbuds,Electronics,Phuket,In-Store,5,599,2995,0,3.8
2025-10-18,Screen Protector,Accessories,Bangkok,In-Store,28,349,9772,0,4.8
2025-11-19,Phone Stand,Accessories,Chiang Mai,In-Store,24,349,8376,1,4.2
2025-11-04,Power Bank,Electronics,Pattaya,Marketplace,28,349,9772,1,4.3
2025-11-18,Laptop Bag,Bags,Khon Kaen,Marketplace,30,599,17970,3,4.9
2025-09-27,USB-C Cable,Accessories,Phuket,Marketplace,47,599,28153,3,4.4
2025-06-29,USB-C Cable,Accessories,Bangkok,Marketplace,24,299,7176,1,4.1
2025-01-30,Laptop Bag,Bags,Chiang Mai,Online,34,199,6766,0,4.2
2025-03-11,Mouse Pad,Accessories,Pattaya,In-Store,35,1590,55650,3,3.0
2025-12-11,Keyboard Cover,Accessories,Phuket,In-Store,43,1590,68370,3,3.3
2025-07-24,Mouse Pad,Accessories,Bangkok,Marketplace,34,599,20366,1,3.9
2025-12-04,Wireless Charger,Electronics,Pattaya,Online,19,349,6631,1,4.3
2025-05-10,Laptop Bag,Bags,Chiang Mai,In-Store,17,149,2533,0,4.7
2025-05-21,Bluetooth Earbuds,Electronics,Chiang Mai,Online,34,199,6766,0,3.8
2025-09-06,Keyboard Cover,Accessories,Chiang Mai,In-Store,25,890,22250,0,4.1
2025-02-01,Bluetooth Earbuds,Electronics,Phuket,In-Store,24,199,4776,0,5.0
2025-10-11,Power Bank,Electronics,Phuket,In-Store,15,99,1485,0,3.2
2025-02-03,Keyboard Cover,Accessories,Bangkok,Online,9,890,8010,1,4.6
2025-03-08,iPhone Case,Accessories,Chiang Mai,Marketplace,17,349,5933,1,5.0
2025-03-12,iPhone Case,Accessories,Pattaya,In-Store,23,349,8027,0,4.9
2025-08-22,Mouse Pad,Accessories,Bangkok,In-Store,29,199,5771,2,4.8
2025-03-21,Mouse Pad,Accessories,Khon Kaen,Marketplace,25,199,4975,1,5.0
2025-05-09,USB-C Cable,Accessories,Chiang Mai,Marketplace,11,1290,14190,1,4.6
2025-06-01,Screen Protector,Accessories,Bangkok,In-Store,47,199,9353,4,4.2
2025-09-02,Laptop Bag,Bags,Pattaya,In-Store,12,1290,15480,1,3.1
2025-11-21,Screen Protector,Accessories,Bangkok,Marketplace,35,199,6965,0,4.6
2025-09-13,iPhone Case,Accessories,Phuket,In-Store,31,1290,39990,0,4.2
2025-08-11,Power Bank,Electronics,Khon Kaen,Online,32,199,6368,3,4.1
2025-01-06,iPhone Case,Accessories,Khon Kaen,Marketplace,9,599,5391,0,3.1
2025-11-10,Keyboard Cover,Accessories,Khon Kaen,Marketplace,7,1290,9030,0,4.2
2025-10-23,Mouse Pad,Accessories,Phuket,In-Store,30,299,8970,3,3.4
2025-09-03,Phone Stand,Accessories,Chiang Mai,Marketplace,31,890,27590,3,3.4
2025-06-09,Keyboard Cover,Accessories,Khon Kaen,Marketplace,2,1290,2580,0,4.8
2025-09-11,Wireless Charger,Electronics,Phuket,Marketplace,28,199,5572,2,4.5
2025-11-11,Bluetooth Earbuds,Electronics,Khon Kaen,In-Store,1,1290,1290,1,3.6
2025-05-03,Screen Protector,Accessories,Chiang Mai,Marketplace,50,599,29950,1,4.0
2025-05-16,Phone Stand,Accessories,Bangkok,Marketplace,45,890,40050,4,4.2
2025-10-26,Power Bank,Electronics,Khon Kaen,Marketplace,48,199,9552,2,4.7
2025-05-10,Mouse Pad,Accessories,Khon Kaen,Marketplace,19,890,16910,1,3.3
2025-04-08,Screen Protector,Accessories,Bangkok,Marketplace,24,199,4776,2,4.9
2025-09-24,Screen Protector,Accessories,Chiang Mai,Online,1,199,199,0,4.7
2025-06-22,Mouse Pad,Accessories,Pattaya,Marketplace,26,1290,33540,2,4.4
2025-06-04,Wireless Charger,Electronics,Chiang Mai,Online,33,199,6567,2,3.6
2025-07-23,Power Bank,Electronics,Bangkok,Marketplace,40,1290,51600,1,4.3
2025-03-17,iPhone Case,Accessories,Phuket,In-Store,11,149,1639,1,3.3
2025-12-11,Bluetooth Earbuds,Electronics,Chiang Mai,In-Store,34,599,20366,3,4.5
2025-04-22,Mouse Pad,Accessories,Chiang Mai,In-Store,22,1590,34980,0,4.2
2025-06-11,Keyboard Cover,Accessories,Bangkok,In-Store,41,149,6109,3,4.0
2025-05-30,Keyboard Cover,Accessories,Pattaya,Marketplace,11,1290,14190,0,3.2
2025-05-29,iPhone Case,Accessories,Bangkok,Online,41,199,8159,4,4.3
2025-08-22,Wireless Charger,Electronics,Phuket,Online,17,99,1683,0,3.7
2025-03-03,USB-C Cable,Accessories,Phuket,Online,7,299,2093,1,4.4
2025-12-21,Bluetooth Earbuds,Electronics,Chiang Mai,Marketplace,40,299,11960,3,3.2
2025-06-18,Power Bank,Electronics,Pattaya,In-Store,46,99,4554,4,3.5
2025-09-10,Keyboard Cover,Accessories,Phuket,Online,39,1290,50310,2,4.3
2025-01-09,Mouse Pad,Accessories,Khon Kaen,Marketplace,25,149,3725,0,4.1
2025-05-03,Phone Stand,Accessories,Pattaya,Online,49,1290,63210,4,4.6
2025-11-05,USB-C Cable,Accessories,Chiang Mai,Marketplace,13,890,11570,0,4.5
2025-08-19,Keyboard Cover,Accessories,Bangkok,In-Store,43,199,8557,2,4.4
2025-10-28,Power Bank,Electronics,Pattaya,Online,16,349,5584,1,4.8
2025-05-24,Mouse Pad,Accessories,Pattaya,Marketplace,25,1290,32250,2,3.4
2025-07-10,Laptop Bag,Bags,Khon Kaen,Marketplace,2,149,298,1,3.0
2025-02-25,iPhone Case,Accessories,Phuket,Marketplace,38,99,3762,2,4.6
2025-12-28,Wireless Charger,Electronics,Pattaya,Online,19,599,11381,1,4.2
2025-11-21,USB-C Cable,Accessories,Phuket,In-Store,7,1290,9030,0,4.3
2025-07-07,Power Bank,Electronics,Chiang Mai,Marketplace,2,299,598,1,3.5
2025-09-21,Screen Protector,Accessories,Phuket,Marketplace,12,1590,19080,0,3.9
2025-07-06,Power Bank,Electronics,Bangkok,Online,7,99,693,1,4.2
2025-02-11,Screen Protector,Accessories,Chiang Mai,Online,5,199,995,0,5.0
2025-06-01,Power Bank,Electronics,Chiang Mai,Marketplace,4,349,1396,1,3.3
2025-08-31,Laptop Bag,Bags,Khon Kaen,Marketplace,36,149,5364,1,3.6
2025-09-08,Laptop Bag,Bags,Chiang Mai,In-Store,34,349,11866,3,3.7
2025-10-25,USB-C Cable,Accessories,Phuket,Marketplace,33,299,9867,2,4.3
2025-10-16,Laptop Bag,Bags,Bangkok,Marketplace,42,599,25158,4,4.6
2025-07-17,Phone Stand,Accessories,Bangkok,Online,6,299,1794,1,4.9
2025-01-28,Keyboard Cover,Accessories,Phuket,In-Store,41,1290,52890,3,3.3
2025-01-22,iPhone Case,Accessories,Phuket,Marketplace,44,1590,69960,4,3.8
2025-03-03,iPhone Case,Accessories,Phuket,In-Store,40,299,11960,1,4.1
2025-06-27,Wireless Charger,Electronics,Phuket,Online,31,199,6169,0,4.8
2025-08-29,Phone Stand,Accessories,Phuket,Online,39,599,23361,3,4.3
2025-04-08,Phone Stand,Accessories,Pattaya,In-Store,29,99,2871,0,3.3
2025-06-18,Laptop Bag,Bags,Bangkok,In-Store,18,349,6282,0,5.0
2025-12-12,Mouse Pad,Accessories,Bangkok,In-Store,29,890,25810,2,4.1
2025-03-02,iPhone Case,Accessories,Phuket,In-Store,14,149,2086,1,3.0
2025-02-07,Laptop Bag,Bags,Phuket,In-Store,13,1290,16770,0,4.6
2025-03-11,Power Bank,Electronics,Pattaya,Online,29,599,17371,1,4.7
2025-07-08,Screen Protector,Accessories,Pattaya,Marketplace,6,890,5340,0,3.5
2025-10-29,iPhone Case,Accessories,Pattaya,Marketplace,5,299,1495,1,4.6
2025-06-23,iPhone Case,Accessories,Bangkok,In-Store,28,890,24920,2,4.9
2025-10-30,Laptop Bag,Bags,Khon Kaen,Online,45,199,8955,1,4.1
2025-09-08,Mouse Pad,Accessories,Pattaya,In-Store,35,1590,55650,0,3.0
2025-01-17,iPhone Case,Accessories,Phuket,Marketplace,44,149,6556,4,4.6
2025-05-13,Laptop Bag,Bags,Bangkok,Online,37,1590,58830,0,3.9
2025-07-31,Power Bank,Electronics,Khon Kaen,In-Store,12,199,2388,1,3.3
2025-03-23,Wireless Charger,Electronics,Khon Kaen,Marketplace,5,199,995,1,4.5
2025-06-27,Laptop Bag,Bags,Chiang Mai,Online,23,99,2277,1,4.9
2025-07-07,Mouse Pad,Accessories,Khon Kaen,Online,4,1590,6360,0,4.7
2025-05-03,Bluetooth Earbuds,Electronics,Khon Kaen,Online,43,349,15007,2,4.0
2025-12-14,Bluetooth Earbuds,Electronics,Bangkok,Marketplace,40,149,5960,2,3.2
2025-06-19,Wireless Charger,Electronics,Pattaya,Online,7,599,4193,0,4.4
2025-03-13,iPhone Case,Accessories,Chiang Mai,In-Store,36,1590,57240,2,4.6
2025-11-28,Mouse Pad,Accessories,Pattaya,Marketplace,33,199,6567,2,3.4
2025-02-05,USB-C Cable,Accessories,Chiang Mai,Online,23,299,6877,0,4.9
2025-06-27,Keyboard Cover,Accessories,Bangkok,Online,33,1290,42570,3,3.1
2025-07-27,Mouse Pad,Accessories,Khon Kaen,Marketplace,32,299,9568,2,3.8
2025-03-15,Screen Protector,Accessories,Pattaya,Marketplace,27,599,16173,2,3.2
2025-07-08,iPhone Case,Accessories,Chiang Mai,In-Store,20,199,3980,1,4.7
2025-06-01,Screen Protector,Accessories,Khon Kaen,In-Store,29,149,4321,2,4.7
2025-03-14,Bluetooth Earbuds,Electronics,Chiang Mai,Marketplace,3,99,297,1,3.0
2025-12-19,Bluetooth Earbuds,Electronics,Chiang Mai,In-Store,24,299,7176,1,3.4
2025-05-25,Phone Stand,Accessories,Phuket,Online,20,149,2980,2,3.7
2025-10-14,Wireless Charger,Electronics,Khon Kaen,Marketplace,21,349,7329,0,4.3
2025-03-25,Laptop Bag,Bags,Khon Kaen,In-Store,24,349,8376,1,4.3
2025-06-03,iPhone Case,Accessories,Bangkok,Marketplace,6,349,2094,0,4.3
2025-08-28,USB-C Cable,Accessories,Phuket,In-Store,2,1590,3180,1,4.2
2025-02-22,iPhone Case,Accessories,Khon Kaen,In-Store,6,599,3594,0,4.1
2025-08-22,Wireless Charger,Electronics,Pattaya,In-Store,38,149,5662,2,3.7
2025-02-11,Bluetooth Earbuds,Electronics,Bangkok,In-Store,2,1290,2580,1,3.6
2025-03-17,Bluetooth Earbuds,Electronics,Phuket,In-Store,29,1590,46110,2,4.2
2025-02-06,iPhone Case,Accessories,Bangkok,In-Store,7,99,693,1,4.7
2025-11-27,Screen Protector,Accessories,Chiang Mai,In-Store,9,349,3141,0,4.2
2025-04-05,Bluetooth Earbuds,Electronics,Bangkok,In-Store,33,349,11517,1,4.4
2025-05-27,Wireless Charger,Electronics,Phuket,Marketplace,38,199,7562,0,4.3
2025-09-19,Bluetooth Earbuds,Electronics,Pattaya,Online,38,349,13262,1,4.9
2025-11-02,iPhone Case,Accessories,Chiang Mai,In-Store,48,99,4752,3,3.6
2025-02-26,Laptop Bag,Bags,Pattaya,In-Store,20,1290,25800,2,4.7
2025-12-21,USB-C Cable,Accessories,Pattaya,Marketplace,22,890,19580,0,4.5
2025-02-17,Wireless Charger,Electronics,Khon Kaen,Online,38,1590,60420,1,3.3
2025-03-31,Wireless Charger,Electronics,Chiang Mai,Marketplace,30,1290,38700,0,4.3
2025-01-16,Mouse Pad,Accessories,Chiang Mai,Marketplace,5,890,4450,1,3.9
2025-01-04,Keyboard Cover,Accessories,Khon Kaen,Online,22,1290,28380,0,4.0
2025-03-09,Wireless Charger,Electronics,Chiang Mai,Marketplace,36,299,10764,3,4.9
2025-05-13,Power Bank,Electronics,Chiang Mai,Marketplace,8,1590,12720,1,3.3
2025-09-12,Mouse Pad,Accessories,Bangkok,Online,12,299,3588,0,4.6
2025-11-17,Mouse Pad,Accessories,Khon Kaen,In-Store,8,349,2792,0,4.5
2025-01-19,Laptop Bag,Bags,Pattaya,In-Store,47,149,7003,0,3.6
2025-11-06,Laptop Bag,Bags,Khon Kaen,Marketplace,49,890,43610,0,4.5
2025-04-24,Screen Protector,Accessories,Khon Kaen,In-Store,23,890,20470,0,3.6
2025-09-27,Phone Stand,Accessories,Chiang Mai,Online,13,149,1937,1,4.7
2025-07-16,Mouse Pad,Accessories,Chiang Mai,In-Store,16,349,5584,0,3.4
2025-05-24,Wireless Charger,Electronics,Chiang Mai,Marketplace,26,299,7774,2,4.8
2025-04-25,Mouse Pad,Accessories,Khon Kaen,Online,43,349,15007,4,4.0
2025-10-18,Power Bank,Electronics,Chiang Mai,Marketplace,36,99,3564,3,4.3
2025-09-14,iPhone Case,Accessories,Pattaya,Marketplace,24,199,4776,0,4.9
2025-02-13,Screen Protector,Accessories,Pattaya,Online,21,599,12579,1,5.0
2025-04-10,Bluetooth Earbuds,Electronics,Pattaya,Online,14,149,2086,0,3.5
2025-01-24,Wireless Charger,Electronics,Bangkok,In-Store,47,199,9353,4,4.8
2025-06-16,Screen Protector,Accessories,Khon Kaen,In-Store,9,99,891,1,4.9
2025-04-16,Wireless Charger,Electronics,Phuket,In-Store,21,99,2079,0,4.6
2025-02-28,Mouse Pad,Accessories,Phuket,In-Store,7,1590,11130,1,4.1
2025-03-02,Screen Protector,Accessories,Phuket,In-Store,20,299,5980,1,4.7
2025-08-15,Wireless Charger,Electronics,Phuket,Marketplace,40,299,11960,4,3.7
2025-03-27,Phone Stand,Accessories,Phuket,Online,34,1590,54060,0,3.5
2025-10-13,Bluetooth Earbuds,Electronics,Pattaya,Online,37,99,3663,0,3.0
2025-08-06,Phone Stand,Accessories,Phuket,In-Store,43,149,6407,0,4.4
2025-06-06,Laptop Bag,Bags,Bangkok,In-Store,12,1290,15480,1,4.3
2025-03-31,Bluetooth Earbuds,Electronics,Bangkok,Marketplace,12,99,1188,0,4.8
2025-11-13,Mouse Pad,Accessories,Bangkok,Marketplace,19,99,1881,1,3.7
2025-07-31,Power Bank,Electronics,Khon Kaen,In-Store,19,99,1881,1,3.1
2025-07-27,Wireless Charger,Electronics,Pattaya,In-Store,4,599,2396,0,4.1
2025-08-09,Keyboard Cover,Accessories,Chiang Mai,Online,33,890,29370,1,3.0
2025-02-22,Keyboard Cover,Accessories,Phuket,Online,7,1590,11130,0,3.0
2025-12-08,Wireless Charger,Electronics,Chiang Mai,Marketplace,33,299,9867,1,4.2
2025-09-28,iPhone Case,Accessories,Bangkok,In-Store,4,599,2396,0,3.7
2025-05-28,iPhone Case,Accessories,Phuket,In-Store,28,1590,44520,2,3.4
2025-05-23,Wireless Charger,Electronics,Bangkok,In-Store,39,1590,62010,0,3.1
2025-03-24,iPhone Case,Accessories,Bangkok,Marketplace,24,1290,30960,1,4.2
2025-03-01,Power Bank,Electronics,Phuket,Marketplace,32,349,11168,2,3.1
2025-10-30,Keyboard Cover,Accessories,Phuket,In-Store,47,99,4653,4,4.3
2025-09-07,Screen Protector,Accessories,Pattaya,Marketplace,47,349,16403,3,3.1
2025-08-20,Power Bank,Electronics,Phuket,In-Store,14,599,8386,1,4.7
2025-09-28,iPhone Case,Accessories,Pattaya,In-Store,27,299,8073,2,4.8
2025-01-10,Laptop Bag,Bags,Phuket,In-Store,10,349,3490,0,4.5
2025-07-05,Laptop Bag,Bags,Phuket,Marketplace,6,149,894,0,3.6
2025-10-17,USB-C Cable,Accessories,Chiang Mai,Marketplace,47,599,28153,4,4.1
2025-10-26,Power Bank,Electronics,Chiang Mai,Online,32,1290,41280,1,4.9
2025-11-14,Keyboard Cover,Accessories,Pattaya,Online,19,149,2831,1,3.3
2025-02-06,Mouse Pad,Accessories,Chiang Mai,In-Store,49,890,43610,2,4.4
2025-03-05,Mouse Pad,Accessories,Chiang Mai,In-Store,46,99,4554,1,4.7
2025-02-08,iPhone Case,Accessories,Chiang Mai,Marketplace,31,99,3069,2,3.6
2025-12-31,Laptop Bag,Bags,Bangkok,Marketplace,14,299,4186,1,3.7
2025-11-24,Bluetooth Earbuds,Electronics,Khon Kaen,Online,42,1290,54180,3,4.1
2025-06-26,Keyboard Cover,Accessories,Khon Kaen,In-Store,14,349,4886,1,4.9
2025-06-10,USB-C Cable,Accessories,Bangkok,Marketplace,36,149,5364,2,3.4
2025-02-16,Screen Protector,Accessories,Bangkok,In-Store,1,599,599,1,4.5
2025-09-24,Bluetooth Earbuds,Electronics,Khon Kaen,Marketplace,35,99,3465,3,3.2
2025-06-21,Mouse Pad,Accessories,Bangkok,Marketplace,10,1590,15900,0,4.1
2025-05-25,Mouse Pad,Accessories,Pattaya,Online,7,599,4193,1,3.6
2025-10-28,USB-C Cable,Accessories,Chiang Mai,Online,43,99,4257,4,4.4
2025-12-02,Laptop Bag,Bags,Pattaya,Online,27,349,9423,1,4.8
2025-11-28,Mouse Pad,Accessories,Chiang Mai,In-Store,15,890,13350,0,4.0
2025-02-24,Power Bank,Electronics,Pattaya,Marketplace,19,299,5681,1,4.2
2025-04-25,Bluetooth Earbuds,Electronics,Chiang Mai,In-Store,17,149,2533,0,4.7
2025-02-06,Phone Stand,Accessories,Pattaya,In-Store,43,890,38270,0,3.8
2025-04-25,Mouse Pad,Accessories,Khon Kaen,In-Store,2,599,1198,0,3.2
2025-01-25,Mouse Pad,Accessories,Pattaya,Marketplace,45,599,26955,0,4.6
2025-12-29,USB-C Cable,Accessories,Chiang Mai,Marketplace,41,599,24559,4,3.1
2025-12-08,Bluetooth Earbuds,Electronics,Khon Kaen,Marketplace,25,890,22250,2,4.6
2025-09-29,Wireless Charger,Electronics,Chiang Mai,Marketplace,48,199,9552,1,4.7
2025-06-29,Wireless Charger,Electronics,Chiang Mai,Marketplace,41,199,8159,3,3.5
2025-09-04,Keyboard Cover,Accessories,Khon Kaen,Online,40,1290,51600,3,3.5
2025-12-12,Keyboard Cover,Accessories,Bangkok,In-Store,37,599,22163,1,4.0
2025-03-30,Power Bank,Electronics,Bangkok,In-Store,25,890,22250,0,4.3
2025-06-14,Phone Stand,Accessories,Bangkok,Marketplace,4,1590,6360,1,4.0
2025-12-19,Bluetooth Earbuds,Electronics,Pattaya,Marketplace,2,890,1780,1,3.5
2025-08-24,Wireless Charger,Electronics,Bangkok,In-Store,43,890,38270,2,3.9
2025-02-12,Mouse Pad,Accessories,Khon Kaen,Online,9,99,891,0,3.8
2025-02-20,Phone Stand,Accessories,Khon Kaen,Marketplace,13,149,1937,0,3.6
2025-03-19,Laptop Bag,Bags,Bangkok,Online,39,1590,62010,1,3.9
2025-12-21,Laptop Bag,Bags,Chiang Mai,Online,46,890,40940,2,3.3
2025-12-30,Power Bank,Electronics,Khon Kaen,In-Store,48,349,16752,2,3.8
2025-03-04,iPhone Case,Accessories,Pattaya,Online,40,99,3960,0,3.3
2025-03-31,USB-C Cable,Accessories,Chiang Mai,Online,24,149,3576,1,4.7
2025-06-25,Bluetooth Earbuds,Electronics,Phuket,Marketplace,34,890,30260,3,4.0
2025-10-25,Laptop Bag,Bags,Phuket,Marketplace,2,349,698,1,4.6
2025-03-08,Keyboard Cover,Accessories,Chiang Mai,Online,5,199,995,0,3.9
2025-04-19,Wireless Charger,Electronics,Phuket,Online,43,349,15007,2,4.8
2025-05-19,Phone Stand,Accessories,Bangkok,Online,10,99,990,1,4.2
2025-01-23,USB-C Cable,Accessories,Phuket,In-Store,34,890,30260,3,5.0
2025-07-17,Bluetooth Earbuds,Electronics,Pattaya,Marketplace,30,299,8970,2,4.7
2025-11-26,Power Bank,Electronics,Bangkok,In-Store,42,99,4158,3,3.6
2025-12-05,Screen Protector,Accessories,Chiang Mai,In-Store,49,199,9751,0,4.6
2025-04-19,Keyboard Cover,Accessories,Pattaya,In-Store,5,349,1745,1,3.6
2025-02-13,iPhone Case,Accessories,Khon Kaen,Online,18,599,10782,1,4.0
2025-05-19,Keyboard Cover,Accessories,Chiang Mai,Marketplace,50,149,7450,1,4.7
2025-09-22,Screen Protector,Accessories,Bangkok,Online,47,599,28153,0,4.7
2025-02-06,Phone Stand,Accessories,Phuket,In-Store,39,1290,50310,3,3.4
2025-06-12,Phone Stand,Accessories,Phuket,In-Store,33,1290,42570,0,3.9
2025-04-18,Bluetooth Earbuds,Electronics,Chiang Mai,Online,47,99,4653,4,3.4
2025-03-16,Power Bank,Electronics,Chiang Mai,In-Store,30,349,10470,2,4.1
2025-10-09,Bluetooth Earbuds,Electronics,Khon Kaen,Marketplace,43,1590,68370,0,4.5
2025-09-12,Screen Protector,Accessories,Bangkok,Online,30,199,5970,2,3.5
2025-05-23,Screen Protector,Accessories,Khon Kaen,Online,44,1290,56760,4,4.7
2025-07-05,USB-C Cable,Accessories,Pattaya,Online,33,599,19767,3,3.2
2025-06-15,Phone Stand,Accessories,Bangkok,In-Store,23,299,6877,1,3.5
2025-12-30,Wireless Charger,Electronics,Phuket,In-Store,22,199,4378,1,4.9
2025-06-20,Phone Stand,Accessories,Pattaya,In-Store,31,99,3069,0,4.3
2025-10-08,USB-C Cable,Accessories,Pattaya,Marketplace,44,299,13156,2,4.2
2025-02-07,iPhone Case,Accessories,Chiang Mai,Online,16,299,4784,0,3.0
2025-02-24,Laptop Bag,Bags,Pattaya,In-Store,32,99,3168,1,4.1
2025-03-08,Laptop Bag,Bags,Chiang Mai,Marketplace,15,890,13350,0,4.3
2025-10-22,Laptop Bag,Bags,Khon Kaen,Marketplace,30,1290,38700,2,4.0
2025-09-10,USB-C Cable,Accessories,Pattaya,In-Store,2,349,698,1,4.0
2025-09-10,Keyboard Cover,Accessories,Chiang Mai,Marketplace,29,149,4321,2,3.2
2025-09-12,Laptop Bag,Bags,Phuket,Online,2,99,198,1,3.8
2025-02-14,Mouse Pad,Accessories,Khon Kaen,Online,18,1290,23220,1,4.0
2025-01-13,Power Bank,Electronics,Phuket,Online,21,199,4179,0,3.1
2025-11-21,Phone Stand,Accessories,Bangkok,Marketplace,11,199,2189,1,4.6
2025-09-17,Mouse Pad,Accessories,Pattaya,Marketplace,7,99,693,1,4.7
2025-10-02,Power Bank,Electronics,Pattaya,Marketplace,41,299,12259,1,4.8
2025-06-14,Mouse Pad,Accessories,Pattaya,Marketplace,49,149,7301,2,4.8
2025-11-24,Power Bank,Electronics,Chiang Mai,Online,36,199,7164,3,4.6
2025-12-10,Mouse Pad,Accessories,Pattaya,In-Store,47,599,28153,2,4.9
2025-06-17,Bluetooth Earbuds,Electronics,Khon Kaen,Online,7,890,6230,1,4.3
2025-03-29,Mouse Pad,Accessories,Bangkok,In-Store,31,349,10819,3,3.0
2025-02-26,Wireless Charger,Electronics,Phuket,Marketplace,46,1590,73140,2,4.7
2025-09-05,Wireless Charger,Electronics,Chiang Mai,Marketplace,23,349,8027,0,3.4
2025-09-05,Screen Protector,Accessories,Pattaya,Online,14,1290,18060,1,3.9
2025-11-05,Phone Stand,Accessories,Bangkok,Marketplace,14,1590,22260,1,4.8
2025-05-08,Mouse Pad,Accessories,Khon Kaen,Marketplace,48,599,28752,1,3.7
2025-03-02,USB-C Cable,Accessories,Phuket,In-Store,38,599,22762,1,4.0
2025-02-02,Laptop Bag,Bags,Bangkok,In-Store,24,349,8376,2,4.0
2025-06-15,Phone Stand,Accessories,Bangkok,Marketplace,19,1290,24510,0,4.3
2025-05-02,Phone Stand,Accessories,Chiang Mai,Marketplace,19,349,6631,0,3.1
2025-07-01,Phone Stand,Accessories,Pattaya,In-Store,29,199,5771,0,4.8
2025-12-08,USB-C Cable,Accessories,Phuket,Online,41,199,8159,4,4.8
2025-06-19,Mouse Pad,Accessories,Bangkok,In-Store,32,199,6368,0,4.7
2025-09-08,iPhone Case,Accessories,Chiang Mai,Marketplace,11,599,6589,0,3.6
2025-08-27,Power Bank,Electronics,Phuket,Online,38,1590,60420,3,3.4
2025-09-11,Keyboard Cover,Accessories,Pattaya,Marketplace,7,599,4193,0,4.1
2025-03-15,Mouse Pad,Accessories,Khon Kaen,Marketplace,44,599,26356,2,4.5
2025-05-06,Mouse Pad,Accessories,Khon Kaen,In-Store,31,599,18569,0,4.6
2025-11-07,Phone Stand,Accessories,Khon Kaen,Online,29,349,10121,1,4.4
2025-02-05,Phone Stand,Accessories,Khon Kaen,Online,32,299,9568,0,4.6
2025-05-04,Laptop Bag,Bags,Pattaya,In-Store,32,199,6368,2,4.7
2025-05-17,Phone Stand,Accessories,Bangkok,In-Store,8,349,2792,1,4.1
2025-11-08,Phone Stand,Accessories,Pattaya,In-Store,15,99,1485,1,3.8
2025-08-08,Keyboard Cover,Accessories,Pattaya,Marketplace,12,199,2388,0,3.6
2025-12-17,Bluetooth Earbuds,Electronics,Phuket,In-Store,44,1590,69960,0,4.0
2025-09-07,iPhone Case,Accessories,Bangkok,In-Store,28,599,16772,0,3.7
2025-02-02,Mouse Pad,Accessories,Phuket,Marketplace,12,149,1788,1,4.7
2025-01-11,iPhone Case,Accessories,Pattaya,In-Store,19,1590,30210,1,4.9
2025-09-10,Laptop Bag,Bags,Chiang Mai,Online,2,890,1780,1,3.1
2025-08-24,iPhone Case,Accessories,Chiang Mai,In-Store,31,299,9269,0,4.3
2025-12-20,Power Bank,Electronics,Bangkok,Marketplace,38,349,13262,2,3.4
2025-01-25,Phone Stand,Accessories,Bangkok,Online,13,599,7787,1,3.8
2025-11-12,iPhone Case,Accessories,Pattaya,Online,37,199,7363,2,3.3
2025-12-20,Mouse Pad,Accessories,Chiang Mai,In-Store,45,149,6705,4,4.3
2025-09-20,Wireless Charger,Electronics,Khon Kaen,In-Store,6,1590,9540,1,3.6
2025-08-24,USB-C Cable,Accessories,Bangkok,In-Store,33,99,3267,1,4.7
2025-02-16,Keyboard Cover,Accessories,Khon Kaen,Online,9,1290,11610,1,3.3
2025-05-08,Screen Protector,Accessories,Chiang Mai,In-Store,25,99,2475,1,3.5
2025-06-25,Wireless Charger,Electronics,Khon Kaen,Marketplace,19,199,3781,1,3.5
2025-12-28,USB-C Cable,Accessories,Phuket,In-Store,21,890,18690,0,4.9
2025-04-27,Bluetooth Earbuds,Electronics,Pattaya,In-Store,8,149,1192,0,3.5
2025-06-24,USB-C Cable,Accessories,Chiang Mai,Marketplace,9,349,3141,1,4.8
2025-03-20,Keyboard Cover,Accessories,Phuket,In-Store,29,1290,37410,1,4.0
2025-11-06,Keyboard Cover,Accessories,Pattaya,Online,35,149,5215,3,3.5
2025-05-11,Phone Stand,Accessories,Bangkok,Online,37,349,12913,3,3.6
2025-05-19,USB-C Cable,Accessories,Phuket,Marketplace,7,1290,9030,1,3.1
2025-07-06,Wireless Charger,Electronics,Chiang Mai,Marketplace,19,599,11381,1,3.5
2025-08-28,Phone Stand,Accessories,Phuket,In-Store,45,599,26955,2,3.2
2025-01-05,Bluetooth Earbuds,Electronics,Khon Kaen,Online,46,199,9154,4,4.8
2025-05-19,Wireless Charger,Electronics,Khon Kaen,Marketplace,5,1290,6450,0,3.9
2025-06-27,Bluetooth Earbuds,Electronics,Khon Kaen,In-Store,33,349,11517,1,3.6
2025-07-30,Laptop Bag,Bags,Bangkok,In-Store,33,1290,42570,2,3.5
2025-03-04,Phone Stand,Accessories,Pattaya,Online,23,599,13777,1,3.5
2025-04-17,Screen Protector,Accessories,Phuket,Online,48,299,14352,1,4.8
2025-02-04,USB-C Cable,Accessories,Bangkok,Online,1,99,99,1,3.6
2025-05-31,Laptop Bag,Bags,Pattaya,In-Store,1,1290,1290,1,3.5
2025-06-26,Wireless Charger,Electronics,Pattaya,Online,39,599,23361,0,4.6
2025-03-04,iPhone Case,Accessories,Pattaya,Marketplace,39,890,34710,3,4.1
2025-08-18,Phone Stand,Accessories,Chiang Mai,Marketplace,8,1590,12720,0,3.4
2025-01-22,Mouse Pad,Accessories,Pattaya,In-Store,28,890,24920,0,3.7
2025-09-25,Wireless Charger,Electronics,Bangkok,Online,41,349,14309,3,3.7
2025-01-06,Power Bank,Electronics,Bangkok,In-Store,43,199,8557,0,3.1
2025-05-01,Laptop Bag,Bags,Bangkok,In-Store,26,149,3874,2,4.3
2025-06-03,Screen Protector,Accessories,Khon Kaen,Online,30,149,4470,1,3.1
2025-12-04,Power Bank,Electronics,Khon Kaen,Online,24,1290,30960,2,3.6
2025-08-26,Keyboard Cover,Accessories,Chiang Mai,Online,44,890,39160,4,4.3
2025-10-11,Bluetooth Earbuds,Electronics,Pattaya,Online,36,1590,57240,1,4.4
2025-07-20,USB-C Cable,Accessories,Chiang Mai,Marketplace,45,349,15705,0,3.1
2025-04-13,Bluetooth Earbuds,Electronics,Bangkok,Online,49,1290,63210,2,4.9
2025-04-30,Bluetooth Earbuds,Electronics,Phuket,Online,48,299,14352,4,3.5
2025-01-14,USB-C Cable,Accessories,Bangkok,Marketplace,17,149,2533,1,3.2
2025-06-01,Bluetooth Earbuds,Electronics,Chiang Mai,Marketplace,6,1290,7740,1,3.2
2025-05-17,Bluetooth Earbuds,Electronics,Phuket,Online,11,599,6589,1,3.4
2025-03-12,iPhone Case,Accessories,Pattaya,In-Store,9,1290,11610,1,3.7
2025-09-17,USB-C Cable,Accessories,Pattaya,Marketplace,46,99,4554,4,4.4
2025-08-15,Power Bank,Electronics,Khon Kaen,In-Store,37,1290,47730,1,4.5
2025-09-09,Power Bank,Electronics,Khon Kaen,In-Store,46,149,6854,4,3.5
2025-10-21,Phone Stand,Accessories,Phuket,Online,11,1590,17490,0,3.6
2025-05-13,Screen Protector,Accessories,Pattaya,Online,37,599,22163,2,4.4
2025-11-08,Power Bank,Electronics,Bangkok,Marketplace,44,99,4356,1,4.4
2025-04-24,Laptop Bag,Bags,Chiang Mai,In-Store,6,199,1194,1,4.4
2025-01-10,Phone Stand,Accessories,Khon Kaen,Marketplace,5,349,1745,1,3.7
2025-06-19,Wireless Charger,Electronics,Bangkok,In-Store,45,149,6705,0,4.3
2025-09-17,Keyboard Cover,Accessories,Pattaya,Marketplace,30,1590,47700,2,4.8
2025-10-25,Power Bank,Electronics,Khon Kaen,Marketplace,7,1590,11130,1,4.8
2025-05-29,Keyboard Cover,Accessories,Chiang Mai,Online,39,149,5811,1,4.3
2025-06-29,Screen Protector,Accessories,Pattaya,Online,42,599,25158,1,4.5
2025-04-21,Wireless Charger,Electronics,Pattaya,In-Store,50,299,14950,2,4.5
2025-08-06,iPhone Case,Accessories,Pattaya,In-Store,26,99,2574,0,4.4
2025-09-01,Screen Protector,Accessories,Phuket,Marketplace,34,599,20366,1,3.5
2025-03-14,Mouse Pad,Accessories,Bangkok,Online,12,349,4188,0,4.4
2025-06-12,Power Bank,Electronics,Phuket,Marketplace,40,299,11960,2,4.6
2025-02-01,Mouse Pad,Accessories,Bangkok,In-Store,36,99,3564,1,3.2
2025-12-18,iPhone Case,Accessories,Bangkok,Marketplace,26,1290,33540,0,4.1
2025-03-06,Laptop Bag,Bags,Phuket,Marketplace,19,299,5681,1,3.5
2025-04-29,Wireless Charger,Electronics,Bangkok,Marketplace,49,299,14651,2,3.5
2025-12-09,Screen Protector,Accessories,Bangkok,In-Store,5,599,2995,1,3.7
2025-04-28,Laptop Bag,Bags,Khon Kaen,In-Store,27,1590,42930,1,3.5
2025-07-21,Mouse Pad,Accessories,Pattaya,Online,23,299,6877,1,4.0
2025-09-14,iPhone Case,Accessories,Pattaya,In-Store,17,99,1683,0,3.9
2025-12-04,Wireless Charger,Electronics,Chiang Mai,Online,27,299,8073,2,5.0
2025-03-17,Wireless Charger,Electronics,Phuket,In-Store,25,349,8725,0,3.1
2025-06-01,Power Bank,Electronics,Pattaya,Marketplace,12,99,1188,1,4.3
2025-09-27,Power Bank,Electronics,Chiang Mai,Marketplace,21,1290,27090,0,3.3
2025-10-09,iPhone Case,Accessories,Phuket,In-Store,24,99,2376,0,3.3
2025-02-23,Bluetooth Earbuds,Electronics,Bangkok,In-Store,27,149,4023,1,3.3
2025-10-14,USB-C Cable,Accessories,Khon Kaen,Marketplace,15,349,5235,1,4.7
2025-03-29,Power Bank,Electronics,Khon Kaen,Marketplace,18,1590,28620,1,4.8
2025-05-20,Mouse Pad,Accessories,Pattaya,Online,29,349,10121,0,3.3
2025-07-17,Wireless Charger,Electronics,Pattaya,Online,13,199,2587,1,4.6
2025-10-21,Keyboard Cover,Accessories,Chiang Mai,In-Store,42,299,12558,4,3.4
2025-03-10,Mouse Pad,Accessories,Pattaya,In-Store,4,149,596,0,4.1
2025-03-04,Power Bank,Electronics,Pattaya,Marketplace,15,299,4485,0,4.2
2025-01-08,Phone Stand,Accessories,Pattaya,Online,43,149,6407,0,4.6
2025-11-12,Phone Stand,Accessories,Khon Kaen,Online,46,299,13754,3,3.3
2025-09-09,Screen Protector,Accessories,Bangkok,Marketplace,9,299,2691,0,4.2
2025-08-09,Mouse Pad,Accessories,Pattaya,In-Store,36,99,3564,0,3.8
2025-08-06,Keyboard Cover,Accessories,Phuket,Marketplace,31,1290,39990,0,3.6
2025-12-21,Power Bank,Electronics,Phuket,In-Store,6,599,3594,1,4.1
2025-05-01,Screen Protector,Accessories,Bangkok,Marketplace,39,299,11661,0,3.8
2025-11-12,Bluetooth Earbuds,Electronics,Bangkok,Marketplace,27,890,24030,1,3.9
2025-09-13,Wireless Charger,Electronics,Pattaya,Marketplace,11,149,1639,1,4.5
2025-08-01,USB-C Cable,Accessories,Bangkok,In-Store,7,1590,11130,0,4.4
2025-06-15,iPhone Case,Accessories,Chiang Mai,Marketplace,27,1290,34830,2,4.3
2025-01-17,Mouse Pad,Accessories,Chiang Mai,Marketplace,1,99,99,0,3.5
2025-08-19,Phone Stand,Accessories,Khon Kaen,Online,48,599,28752,1,3.4
2025-05-15,Mouse Pad,Accessories,Chiang Mai,In-Store,13,299,3887,0,3.4
2025-09-15,USB-C Cable,Accessories,Khon Kaen,Marketplace,35,149,5215,1,5.0
2025-06-06,Wireless Charger,Electronics,Khon Kaen,Marketplace,12,199,2388,0,4.9
2025-02-23,Phone Stand,Accessories,Pattaya,In-Store,12,599,7188,1,4.1
2025-01-04,Wireless Charger,Electronics,Pattaya,Marketplace,29,299,8671,1,4.8
2025-11-09,Mouse Pad,Accessories,Chiang Mai,Online,22,599,13178,1,3.8
2025-03-26,USB-C Cable,Accessories,Bangkok,Online,11,149,1639,0,4.7
2025-07-09,Bluetooth Earbuds,Electronics,Khon Kaen,Marketplace,31,299,9269,1,4.5
2025-09-16,Power Bank,Electronics,Pattaya,Online,33,890,29370,3,3.7
2025-08-14,Screen Protector,Accessories,Phuket,Marketplace,45,1290,58050,1,4.2
2025-08-20,Laptop Bag,Bags,Bangkok,Online,28,349,9772,0,4.8
2025-12-26,Bluetooth Earbuds,Electronics,Chiang Mai,Online,30,349,10470,3,3.9
2025-09-27,Power Bank,Electronics,Chiang Mai,Marketplace,48,890,42720,3,4.6
2025-09-23,Keyboard Cover,Accessories,Bangkok,Marketplace,50,599,29950,3,4.8
2025-02-05,Keyboard Cover,Accessories,Bangkok,Marketplace,5,299,1495,1,4.0
2025-04-09,Laptop Bag,Bags,Chiang Mai,Online,50,890,44500,5,4.9
2025-12-03,USB-C Cable,Accessories,Chiang Mai,Online,49,199,9751,2,3.4
2025-07-28,iPhone Case,Accessories,Bangkok,In-Store,29,99,2871,1,4.8
2025-10-15,Phone Stand,Accessories,Phuket,In-Store,8,599,4792,0,3.4
2025-09-15,Mouse Pad,Accessories,Khon Kaen,In-Store,7,199,1393,1,3.9
2025-12-02,Screen Protector,Accessories,Chiang Mai,Online,2,149,298,1,4.1
2025-06-10,Mouse Pad,Accessories,Phuket,Online,33,890,29370,2,4.4
2025-09-14,Screen Protector,Accessories,Khon Kaen,Marketplace,35,349,12215,3,4.1
2025-07-28,Power Bank,Electronics,Khon Kaen,Marketplace,49,99,4851,4,4.2
2025-03-24,Phone Stand,Accessories,Chiang Mai,Marketplace,10,890,8900,1,4.9
2025-05-20,Screen Protector,Accessories,Bangkok,Marketplace,44,199,8756,3,3.5
2025-10-13,Mouse Pad,Accessories,Khon Kaen,Marketplace,21,199,4179,1,3.1
2025-06-03,Bluetooth Earbuds,Electronics,Bangkok,Marketplace,5,199,995,1,4.0
2025-09-05,Laptop Bag,Bags,Pattaya,In-Store,26,199,5174,2,4.5
2025-03-29,Wireless Charger,Electronics,Khon Kaen,In-Store,4,199,796,0,4.0
2025-02-17,Power Bank,Electronics,Khon Kaen,In-Store,38,99,3762,2,4.8
2025-11-17,Keyboard Cover,Accessories,Pattaya,Marketplace,5,349,1745,1,3.0
2025-07-02,Phone Stand,Accessories,Bangkok,Marketplace,35,599,20965,0,3.9
2025-06-15,Screen Protector,Accessories,Chiang Mai,Online,26,1590,41340,0,4.3
2025-12-25,Power Bank,Electronics,Bangkok,Online,3,890,2670,1,4.1
2025-04-18,Mouse Pad,Accessories,Phuket,In-Store,5,199,995,0,4.1
2025-03-10,Wireless Charger,Electronics,Bangkok,Marketplace,22,199,4378,2,3.2
2025-09-29,iPhone Case,Accessories,Phuket,Online,30,599,17970,2,3.5
2025-11-21,USB-C Cable,Accessories,Khon Kaen,Marketplace,3,199,597,0,3.4
2025-04-15,Power Bank,Electronics,Pattaya,Marketplace,28,1290,36120,0,4.7
2025-08-23,Bluetooth Earbuds,Electronics,Bangkok,Online,36,199,7164,3,4.8
2025-07-14,Mouse Pad,Accessories,Pattaya,Online,12,890,10680,0,4.8
2025-07-25,Mouse Pad,Accessories,Bangkok,Online,46,149,6854,2,4.5
2025-02-18,Power Bank,Electronics,Bangkok,In-Store,31,199,6169,0,4.7
2025-08-03,Screen Protector,Accessories,Pattaya,Online,24,599,14376,2,4.4
2025-06-03,Phone Stand,Accessories,Bangkok,Online,50,890,44500,3,3.7
2025-08-07,Laptop Bag,Bags,Khon Kaen,Marketplace,36,599,21564,3,3.0
2025-12-27,Phone Stand,Accessories,Phuket,Marketplace,12,149,1788,1,4.1
2025-05-27,Mouse Pad,Accessories,Phuket,Online,12,99,1188,1,4.6
2025-11-14,Wireless Charger,Electronics,Khon Kaen,Online,1,1590,1590,1,3.1
2025-04-17,USB-C Cable,Accessories,Phuket,Marketplace,16,299,4784,1,4.5
2025-01-28,USB-C Cable,Accessories,Pattaya,Online,14,1590,22260,0,4.5
2025-06-18,USB-C Cable,Accessories,Bangkok,Online,5,599,2995,1,4.8
2025-11-15,USB-C Cable,Accessories,Bangkok,In-Store,42,1290,54180,3,4.5
2025-11-09,Phone Stand,Accessories,Chiang Mai,In-Store,44,299,13156,2,3.4
2025-11-08,Bluetooth Earbuds,Electronics,Pattaya,Marketplace,21,599,12579,2,3.7
2025-03-31,USB-C Cable,Accessories,Bangkok,Online,40,149,5960,4,3.5
2025-06-18,USB-C Cable,Accessories,Bangkok,Online,43,349,15007,3,3.3
2025-01-11,Laptop Bag,Bags,Pattaya,Online,50,1290,64500,2,4.3
2025-02-21,Bluetooth Earbuds,Electronics,Phuket,Marketplace,30,99,2970,1,4.1
2025-03-16,USB-C Cable,Accessories,Pattaya,Marketplace,3,299,897,1,3.6
2025-12-19,Wireless Charger,Electronics,Pattaya,In-Store,43,199,8557,2,3.5
2025-12-09,Screen Protector,Accessories,Khon Kaen,Online,31,890,27590,0,4.5
2025-05-05,iPhone Case,Accessories,Bangkok,Online,10,299,2990,1,4.5
2025-07-07,Keyboard Cover,Accessories,Khon Kaen,Marketplace,20,149,2980,1,3.1
2025-03-20,Mouse Pad,Accessories,Chiang Mai,Marketplace,31,199,6169,3,4.5
2025-06-11,Wireless Charger,Electronics,Pattaya,Online,1,599,599,0,4.8
2025-06-13,Phone Stand,Accessories,Bangkok,In-Store,7,99,693,0,4.2
2025-03-15,USB-C Cable,Accessories,Bangkok,Online,4,149,596,1,4.3
2025-06-12,Laptop Bag,Bags,Pattaya,Marketplace,46,99,4554,3,4.4
2025-02-18,Bluetooth Earbuds,Electronics,Khon Kaen,Marketplace,33,1290,42570,1,3.2
2025-10-16,Wireless Charger,Electronics,Phuket,Online,22,890,19580,2,4.7
2025-08-31,Keyboard Cover,Accessories,Bangkok,In-Store,37,599,22163,1,3.5
2025-02-16,Power Bank,Electronics,Bangkok,In-Store,3,149,447,0,4.1
2025-09-04,Power Bank,Electronics,Bangkok,In-Store,11,890,9790,1,3.3
2025-09-10,iPhone Case,Accessories,Pattaya,In-Store,25,599,14975,2,4.5
2025-10-02,Screen Protector,Accessories,Pattaya,Marketplace,29,199,5771,2,4.5
2025-05-27,Mouse Pad,Accessories,Khon Kaen,In-Store,13,890,11570,0,4.6
2025-03-23,iPhone Case,Accessories,Pattaya,Marketplace,39,199,7761,3,4.9
2025-11-10,Wireless Charger,Electronics,Chiang Mai,Marketplace,5,199,995,1,4.8
2025-11-29,USB-C Cable,Accessories,Pattaya,Online,13,149,1937,1,4.1
2025-10-29,USB-C Cable,Accessories,Chiang Mai,Online,42,299,12558,1,4.1
2025-08-01,USB-C Cable,Accessories,Chiang Mai,Online,4,99,396,1,4.4
2025-06-12,Power Bank,Electronics,Chiang Mai,In-Store,9,199,1791,0,4.4
2025-10-16,iPhone Case,Accessories,Khon Kaen,In-Store,27,99,2673,2,4.3
2025-07-01,Screen Protector,Accessories,Khon Kaen,Online,46,149,6854,4,4.9
2025-08-02,Phone Stand,Accessories,Bangkok,Online,37,599,22163,0,3.2
2025-07-23,Laptop Bag,Bags,Bangkok,In-Store,40,299,11960,2,4.9
2025-07-22,iPhone Case,Accessories,Chiang Mai,Marketplace,45,599,26955,3,3.3
2025-12-25,Keyboard Cover,Accessories,Khon Kaen,Online,30,1290,38700,1,3.3
2025-08-14,Bluetooth Earbuds,Electronics,Khon Kaen,Marketplace,29,199,5771,1,4.9
2025-01-17,Phone Stand,Accessories,Phuket,In-Store,45,1290,58050,3,4.4
2025-09-28,Wireless Charger,Electronics,Phuket,Online,17,890,15130,0,3.0
2025-05-12,Bluetooth Earbuds,Electronics,Khon Kaen,Marketplace,10,599,5990,0,4.8
2025-02-22,USB-C Cable,Accessories,Bangkok,Online,23,1290,29670,1,4.4
2025-08-29,USB-C Cable,Accessories,Chiang Mai,Marketplace,46,1290,59340,4,4.9
2025-12-13,Screen Protector,Accessories,Pattaya,Online,33,349,11517,1,3.7
2025-08-26,Screen Protector,Accessories,Pattaya,In-Store,12,890,10680,1,3.9
2025-07-14,Bluetooth Earbuds,Electronics,Phuket,Online,31,199,6169,3,3.6
2025-05-19,Screen Protector,Accessories,Pattaya,In-Store,31,599,18569,2,3.9
2025-03-05,Mouse Pad,Accessories,Phuket,In-Store,12,1590,19080,1,4.8
2025-04-16,Power Bank,Electronics,Khon Kaen,Online,41,199,8159,0,3.4
2025-08-21,Phone Stand,Accessories,Chiang Mai,Online,34,199,6766,1,3.2
2025-08-31,Power Bank,Electronics,Phuket,Marketplace,10,1590,15900,1,3.7
2025-07-26,Mouse Pad,Accessories,Khon Kaen,Marketplace,35,1590,55650,3,3.8
2025-04-14,Bluetooth Earbuds,Electronics,Phuket,Online,9,299,2691,0,5.0
2025-06-09,Laptop Bag,Bags,Khon Kaen,Online,8,599,4792,1,4.4
2025-02-23,Phone Stand,Accessories,Phuket,In-Store,12,599,7188,0,4.9
2025-04-17,Wireless Charger,Electronics,Khon Kaen,In-Store,12,99,1188,1,4.2
2025-12-10,Wireless Charger,Electronics,Bangkok,In-Store,35,599,20965,1,4.7
2025-07-02,Screen Protector,Accessories,Chiang Mai,In-Store,35,349,12215,2,5.0
2025-02-15,Wireless Charger,Electronics,Khon Kaen,Marketplace,30,99,2970,1,4.4
2025-11-02,Screen Protector,Accessories,Chiang Mai,In-Store,48,199,9552,1,4.6
2025-05-03,Laptop Bag,Bags,Pattaya,Marketplace,28,99,2772,0,3.8
2025-04-17,iPhone Case,Accessories,Phuket,Marketplace,1,1290,1290,1,4.8
2025-10-25,USB-C Cable,Accessories,Bangkok,Marketplace,42,349,14658,4,4.9
2025-07-24,Screen Protector,Accessories,Pattaya,Marketplace,16,299,4784,0,4.6
2025-03-18,Phone Stand,Accessories,Phuket,In-Store,40,149,5960,1,3.4
2025-01-13,USB-C Cable,Accessories,Khon Kaen,In-Store,49,99,4851,1,3.6
2025-05-09,Laptop Bag,Bags,Khon Kaen,Marketplace,44,99,4356,4,3.3
2025-05-19,Wireless Charger,Electronics,Khon Kaen,Marketplace,48,349,16752,0,4.5
2025-08-24,Mouse Pad,Accessories,Pattaya,Online,38,299,11362,1,4.9
2025-03-24,USB-C Cable,Accessories,Pattaya,Online,22,599,13178,2,4.8
2025-02-14,Laptop Bag,Bags,Bangkok,In-Store,26,149,3874,1,3.4
2025-05-31,USB-C Cable,Accessories,Phuket,Online,47,1290,60630,3,4.3
2025-08-18,Bluetooth Earbuds,Electronics,Chiang Mai,Online,24,299,7176,2,3.9
2025-01-18,iPhone Case,Accessories,Phuket,In-Store,30,349,10470,1,4.8
2025-06-18,iPhone Case,Accessories,Bangkok,In-Store,47,599,28153,2,4.7
2025-10-26,USB-C Cable,Accessories,Phuket,Online,9,1590,14310,1,4.0
2025-11-15,Keyboard Cover,Accessories,Bangkok,In-Store,17,599,10183,1,4.7
2025-12-06,Phone Stand,Accessories,Pattaya,In-Store,15,1290,19350,1,4.1
2025-03-26,Mouse Pad,Accessories,Pattaya,In-Store,22,1290,28380,2,4.6
2025-07-28,Keyboard Cover,Accessories,Phuket,Marketplace,7,199,1393,0,4.0
2025-12-04,Wireless Charger,Electronics,Phuket,In-Store,18,199,3582,0,4.6
2025-03-25,iPhone Case,Accessories,Khon Kaen,Online,23,149,3427,2,3.7
2025-05-20,Wireless Charger,Electronics,Chiang Mai,In-Store,5,349,1745,0,3.2
2025-03-26,Wireless Charger,Electronics,Bangkok,Marketplace,49,149,7301,3,4.0
2025-02-24,Bluetooth Earbuds,Electronics,Phuket,Online,49,99,4851,1,4.9
2025-08-04,Screen Protector,Accessories,Pattaya,Marketplace,7,349,2443,1,3.8
2025-03-09,USB-C Cable,Accessories,Chiang Mai,Marketplace,4,1290,5160,1,3.5
2025-01-28,Wireless Charger,Electronics,Pattaya,Marketplace,9,99,891,1,3.6
2025-05-11,iPhone Case,Accessories,Chiang Mai,Online,48,199,9552,3,3.1
2025-10-03,USB-C Cable,Accessories,Khon Kaen,Online,12,1290,15480,1,3.9
2025-12-24,Phone Stand,Accessories,Pattaya,Online,31,149,4619,2,4.2
2025-05-18,Mouse Pad,Accessories,Khon Kaen,In-Store,49,299,14651,2,4.8
2025-11-09,Keyboard Cover,Accessories,Bangkok,In-Store,38,1290,49020,1,4.1
2025-06-06,Screen Protector,Accessories,Khon Kaen,Marketplace,21,99,2079,0,4.3
2025-10-28,iPhone Case,Accessories,Chiang Mai,Online,32,1290,41280,3,4.7
2025-08-29,Power Bank,Electronics,Phuket,Marketplace,15,890,13350,1,3.3
2025-10-28,Keyboard Cover,Accessories,Chiang Mai,Online,14,890,12460,1,3.7
2025-09-19,Screen Protector,Accessories,Chiang Mai,Marketplace,41,599,24559,4,4.2
2025-07-27,Keyboard Cover,Accessories,Phuket,In-Store,5,1590,7950,0,4.5
2025-01-04,USB-C Cable,Accessories,Chiang Mai,Online,6,349,2094,1,3.8
2025-12-16,Wireless Charger,Electronics,Chiang Mai,In-Store,35,1590,55650,3,4.9
2025-11-09,Mouse Pad,Accessories,Chiang Mai,In-Store,28,1590,44520,0,5.0
2025-01-21,Phone Stand,Accessories,Phuket,In-Store,32,1590,50880,2,4.2
2025-04-01,Power Bank,Electronics,Pattaya,Online,33,1290,42570,3,3.8
2025-02-21,Power Bank,Electronics,Bangkok,Marketplace,8,1290,10320,1,4.0
2025-04-27,USB-C Cable,Accessories,Bangkok,In-Store,27,199,5373,0,3.5
2025-04-17,iPhone Case,Accessories,Bangkok,Online,24,299,7176,2,4.6
2025-10-30,iPhone Case,Accessories,Phuket,Marketplace,16,349,5584,0,4.6
2025-07-14,Screen Protector,Accessories,Pattaya,Marketplace,35,1290,45150,1,4.0
2025-06-08,iPhone Case,Accessories,Pattaya,In-Store,16,99,1584,0,4.2
2025-03-01,Phone Stand,Accessories,Bangkok,Online,34,1590,54060,0,4.2
2025-08-12,USB-C Cable,Accessories,Pattaya,Online,11,1290,14190,0,3.5
2025-07-09,Bluetooth Earbuds,Electronics,Phuket,Marketplace,17,1590,27030,1,3.6
2025-03-20,Screen Protector,Accessories,Pattaya,In-Store,41,1590,65190,3,4.7
2025-03-17,Bluetooth Earbuds,Electronics,Chiang Mai,Marketplace,40,299,11960,4,4.3
2025-12-05,Laptop Bag,Bags,Pattaya,Online,20,199,3980,2,4.2
2025-07-02,Bluetooth Earbuds,Electronics,Pattaya,Marketplace,43,199,8557,3,4.0
2025-08-19,Laptop Bag,Bags,Bangkok,Marketplace,10,1590,15900,1,4.3
2025-08-02,Phone Stand,Accessories,Khon Kaen,In-Store,41,890,36490,3,3.4
2025-11-19,Bluetooth Earbuds,Electronics,Chiang Mai,In-Store,19,1590,30210,1,4.7
2025-07-26,Bluetooth Earbuds,Electronics,Khon Kaen,Online,45,99,4455,4,4.2
2025-06-02,Bluetooth Earbuds,Electronics,Khon Kaen,In-Store,20,890,17800,1,3.9
2025-02-26,Mouse Pad,Accessories,Khon Kaen,In-Store,12,1590,19080,1,4.1
2025-08-14,Wireless Charger,Electronics,Chiang Mai,Online,32,1590,50880,3,3.2
2025-01-09,Wireless Charger,Electronics,Khon Kaen,Marketplace,35,1590,55650,1,3.4
2025-07-03,Laptop Bag,Bags,Bangkok,In-Store,13,1290,16770,0,3.2
2025-09-04,Mouse Pad,Accessories,Pattaya,Marketplace,13,199,2587,0,3.0
2025-06-02,Power Bank,Electronics,Pattaya,In-Store,1,199,199,0,5.0
2025-10-22,Phone Stand,Accessories,Pattaya,In-Store,47,1590,74730,2,3.2
2025-04-13,iPhone Case,Accessories,Chiang Mai,Online,20,299,5980,1,3.2
2025-12-30,Bluetooth Earbuds,Electronics,Khon Kaen,In-Store,25,1590,39750,0,4.5
2025-04-21,USB-C Cable,Accessories,Chiang Mai,In-Store,26,349,9074,0,4.2
2025-12-19,iPhone Case,Accessories,Khon Kaen,Online,2,199,398,1,4.1
2025-02-12,USB-C Cable,Accessories,Bangkok,Marketplace,35,1590,55650,3,3.3
2025-01-24,Phone Stand,Accessories,Khon Kaen,In-Store,31,149,4619,3,3.7
2025-07-03,Wireless Charger,Electronics,Bangkok,In-Store,31,349,10819,0,4.6
2025-01-19,USB-C Cable,Accessories,Phuket,In-Store,36,890,32040,3,4.3
2025-09-18,Screen Protector,Accessories,Chiang Mai,In-Store,41,599,24559,1,4.5
2025-03-19,iPhone Case,Accessories,Bangkok,Marketplace,46,299,13754,3,4.7
2025-04-30,Mouse Pad,Accessories,Chiang Mai,Marketplace,9,149,1341,1,3.5
2025-07-10,Keyboard Cover,Accessories,Phuket,In-Store,16,199,3184,0,4.5
2025-12-06,Keyboard Cover,Accessories,Phuket,In-Store,49,349,17101,3,4.2
2025-01-06,Power Bank,Electronics,Pattaya,Online,3,1590,4770,1,3.9
2025-03-01,Mouse Pad,Accessories,Bangkok,Online,23,199,4577,2,3.3
2025-12-13,Power Bank,Electronics,Pattaya,In-Store,34,99,3366,2,4.0
2025-04-30,Wireless Charger,Electronics,Bangkok,Online,19,1290,24510,0,3.3
2025-05-16,Mouse Pad,Accessories,Pattaya,Marketplace,48,890,42720,2,4.7
2025-07-14,Keyboard Cover,Accessories,Pattaya,Online,9,349,3141,1,3.8
2025-05-04,Laptop Bag,Bags,Khon Kaen,Marketplace,35,149,5215,2,4.3
2025-06-25,Screen Protector,Accessories,Pattaya,In-Store,8,299,2392,1,3.5
2025-03-28,USB-C Cable,Accessories,Phuket,In-Store,22,1290,28380,1,4.9
2025-08-09,Screen Protector,Accessories,Pattaya,Online,41,349,14309,3,3.3
2025-03-20,Power Bank,Electronics,Pattaya,Marketplace,10,349,3490,0,4.7
2025-08-13,USB-C Cable,Accessories,Khon Kaen,Marketplace,23,199,4577,1,3.3
2025-04-10,Keyboard Cover,Accessories,Chiang Mai,Marketplace,2,349,698,1,4.7
2025-02-20,iPhone Case,Accessories,Khon Kaen,Marketplace,30,299,8970,0,5.0
2025-03-30,Keyboard Cover,Accessories,Khon Kaen,Online,24,149,3576,2,4.1
2025-12-25,Screen Protector,Accessories,Chiang Mai,Marketplace,2,299,598,0,3.3
2025-11-02,Bluetooth Earbuds,Electronics,Khon Kaen,Marketplace,36,149,5364,1,4.7
2025-08-31,Phone Stand,Accessories,Bangkok,In-Store,17,199,3383,0,3.2
2025-06-01,Mouse Pad,Accessories,Chiang Mai,In-Store,38,890,33820,2,3.6
2025-06-27,iPhone Case,Accessories,Phuket,Marketplace,49,890,43610,4,4.3
2025-01-19,USB-C Cable,Accessories,Bangkok,Marketplace,39,1590,62010,2,3.8
2025-02-03,Screen Protector,Accessories,Phuket,In-Store,20,890,17800,2,3.9
2025-11-18,Power Bank,Electronics,Chiang Mai,Marketplace,23,299,6877,0,3.4
2025-01-12,Keyboard Cover,Accessories,Chiang Mai,In-Store,14,299,4186,0,4.5
2025-03-04,Keyboard Cover,Accessories,Phuket,Marketplace,22,1590,34980,0,3.7
2025-04-17,USB-C Cable,Accessories,Chiang Mai,Marketplace,14,99,1386,0,3.7
2025-12-18,Keyboard Cover,Accessories,Bangkok,In-Store,18,299,5382,1,3.3
2025-12-21,Phone Stand,Accessories,Phuket,Marketplace,43,199,8557,4,3.8
2025-10-18,Bluetooth Earbuds,Electronics,Chiang Mai,In-Store,33,1290,42570,3,3.5
2025-07-11,Wireless Charger,Electronics,Pattaya,In-Store,7,1290,9030,0,3.1
2025-09-15,Wireless Charger,Electronics,Phuket,Online,47,1290,60630,4,4.1
2025-08-02,Power Bank,Electronics,Pattaya,Marketplace,31,1290,39990,2,4.6
2025-06-24,Screen Protector,Accessories,Pattaya,In-Store,15,1290,19350,0,4.7
2025-03-06,USB-C Cable,Accessories,Chiang Mai,Online,8,1590,12720,0,3.0
2025-04-19,iPhone Case,Accessories,Pattaya,Online,31,349,10819,0,4.0
2025-12-05,Laptop Bag,Bags,Chiang Mai,In-Store,33,1590,52470,0,3.5
2025-12-27,Wireless Charger,Electronics,Chiang Mai,Marketplace,43,199,8557,3,3.5
2025-01-18,iPhone Case,Accessories,Chiang Mai,Online,41,599,24559,2,3.3
2025-11-18,Bluetooth Earbuds,Electronics,Chiang Mai,Online,50,890,44500,0,4.6
2025-05-20,Bluetooth Earbuds,Electronics,Pattaya,In-Store,12,1290,15480,1,3.8
2025-01-13,Laptop Bag,Bags,Phuket,Marketplace,9,99,891,1,3.2
2025-04-14,Screen Protector,Accessories,Pattaya,Online,3,99,297,0,4.8
2025-11-07,USB-C Cable,Accessories,Bangkok,Marketplace,46,149,6854,1,3.9
2025-03-18,Phone Stand,Accessories,Phuket,Marketplace,40,199,7960,0,3.9
2025-09-21,Keyboard Cover,Accessories,Phuket,Online,6,199,1194,0,4.6
2025-01-27,Phone Stand,Accessories,Bangkok,Online,11,199,2189,0,4.5
2025-03-19,Keyboard Cover,Accessories,Phuket,Marketplace,29,199,5771,1,4.3
2025-02-01,Keyboard Cover,Accessories,Chiang Mai,Online,18,149,2682,1,3.6
2025-03-14,iPhone Case,Accessories,Pattaya,Marketplace,13,1290,16770,0,3.8
2025-10-05,Screen Protector,Accessories,Chiang Mai,Marketplace,17,890,15130,1,3.1
2025-08-02,Phone Stand,Accessories,Bangkok,Online,11,599,6589,1,3.7
2025-07-04,USB-C Cable,Accessories,Phuket,Online,47,299,14053,4,3.3
2025-04-26,Wireless Charger,Electronics,Phuket,Marketplace,15,1590,23850,1,4.8
2025-05-29,Mouse Pad,Accessories,Pattaya,In-Store,49,299,14651,3,4.3
2025-09-18,Laptop Bag,Bags,Pattaya,Marketplace,16,149,2384,0,4.2
2025-12-31,Bluetooth Earbuds,Electronics,Chiang Mai,In-Store,24,199,4776,2,4.4
2025-08-05,Bluetooth Earbuds,Electronics,Bangkok,Marketplace,39,99,3861,3,3.1
2025-09-14,Keyboard Cover,Accessories,Khon Kaen,Online,48,199,9552,2,3.7
2025-04-04,Power Bank,Electronics,Pattaya,In-Store,46,599,27554,2,4.3
2025-12-14,USB-C Cable,Accessories,Pattaya,In-Store,28,599,16772,0,4.5
2025-03-22,Screen Protector,Accessories,Khon Kaen,Online,10,1590,15900,1,3.5
2025-06-28,Bluetooth Earbuds,Electronics,Bangkok,Online,39,99,3861,3,4.7
2025-12-28,Laptop Bag,Bags,Khon Kaen,In-Store,8,890,7120,0,4.9
2025-03-10,iPhone Case,Accessories,Pattaya,Online,19,149,2831,0,4.5
2025-05-03,iPhone Case,Accessories,Chiang Mai,Online,36,1290,46440,0,4.7
2025-07-29,Screen Protector,Accessories,Chiang Mai,In-Store,50,149,7450,3,3.5
2025-06-29,Bluetooth Earbuds,Electronics,Phuket,Online,18,299,5382,0,3.2
2025-04-11,Screen Protector,Accessories,Chiang Mai,Marketplace,24,299,7176,0,4.0
2025-09-23,iPhone Case,Accessories,Khon Kaen,In-Store,12,99,1188,1,3.2
2025-11-27,Mouse Pad,Accessories,Pattaya,Marketplace,12,149,1788,0,4.3
2025-03-14,Keyboard Cover,Accessories,Phuket,Marketplace,49,99,4851,0,3.8
2025-07-09,Power Bank,Electronics,Khon Kaen,Online,49,149,7301,2,4.6
2025-04-05,Screen Protector,Accessories,Bangkok,Online,37,1290,47730,0,3.6
2025-12-12,Bluetooth Earbuds,Electronics,Pattaya,In-Store,12,1290,15480,1,3.7
2025-01-04,Screen Protector,Accessories,Pattaya,Online,38,890,33820,3,3.6
2025-08-06,Phone Stand,Accessories,Chiang Mai,Marketplace,11,349,3839,1,4.4
2025-02-10,Wireless Charger,Electronics,Khon Kaen,Online,15,149,2235,1,3.4
2025-01-27,Power Bank,Electronics,Bangkok,Marketplace,13,1590,20670,1,4.1
2025-08-14,Bluetooth Earbuds,Electronics,Bangkok,In-Store,30,199,5970,3,4.6
2025-11-15,Power Bank,Electronics,Phuket,In-Store,28,1290,36120,1,3.3
2025-01-16,Wireless Charger,Electronics,Bangkok,Marketplace,30,599,17970,3,4.8
2025-01-15,Power Bank,Electronics,Phuket,In-Store,15,149,2235,0,4.3
2025-09-20,iPhone Case,Accessories,Bangkok,Online,29,149,4321,2,4.0
2025-01-30,iPhone Case,Accessories,Chiang Mai,Marketplace,7,299,2093,0,4.8
2025-09-11,iPhone Case,Accessories,Pattaya,Marketplace,9,299,2691,0,3.4
2025-05-30,Laptop Bag,Bags,Khon Kaen,Marketplace,19,149,2831,0,4.3
2025-03-30,Power Bank,Electronics,Chiang Mai,Online,42,199,8358,2,3.1
2025-04-14,Phone Stand,Accessories,Khon Kaen,Marketplace,24,599,14376,2,4.0
2025-07-11,Power Bank,Electronics,Khon Kaen,Marketplace,31,149,4619,2,3.5
2025-06-22,Mouse Pad,Accessories,Khon Kaen,Online,12,99,1188,1,4.2
2025-02-23,Phone Stand,Accessories,Chiang Mai,Online,26,99,2574,1,4.5
2025-02-26,Bluetooth Earbuds,Electronics,Bangkok,Marketplace,34,890,30260,3,3.0
2025-06-01,Power Bank,Electronics,Pattaya,Marketplace,2,199,398,0,3.1
2025-02-14,Mouse Pad,Accessories,Phuket,Online,27,299,8073,1,3.3
2025-01-11,Bluetooth Earbuds,Electronics,Pattaya,Online,19,299,5681,1,3.8
2025-08-27,Bluetooth Earbuds,Electronics,Chiang Mai,Marketplace,9,299,2691,1,4.1
2025-06-25,Power Bank,Electronics,Bangkok,Marketplace,16,349,5584,1,4.0
2025-11-16,iPhone Case,Accessories,Khon Kaen,Online,29,349,10121,1,4.5
2025-03-03,Phone Stand,Accessories,Bangkok,Marketplace,46,1290,59340,1,3.7
2025-12-14,Wireless Charger,Electronics,Chiang Mai,Marketplace,12,1290,15480,1,4.1
2025-10-13,Phone Stand,Accessories,Bangkok,In-Store,28,199,5572,0,3.3
2025-07-10,iPhone Case,Accessories,Khon Kaen,Marketplace,32,299,9568,2,5.0
2025-07-12,Power Bank,Electronics,Phuket,Marketplace,36,199,7164,1,3.2
2025-08-06,Bluetooth Earbuds,Electronics,Phuket,In-Store,45,1590,71550,0,3.0
2025-10-27,Keyboard Cover,Accessories,Pattaya,Marketplace,25,890,22250,2,4.8
2025-05-29,iPhone Case,Accessories,Bangkok,Online,1,599,599,1,3.7
2025-05-15,Keyboard Cover,Accessories,Chiang Mai,In-Store,40,349,13960,1,4.2
2025-05-10,USB-C Cable,Accessories,Khon Kaen,In-Store,3,349,1047,0,4.8
2025-09-06,USB-C Cable,Accessories,Bangkok,In-Store,36,599,21564,1,3.8
2025-02-16,USB-C Cable,Accessories,Phuket,In-Store,41,149,6109,4,3.1
2025-12-04,Mouse Pad,Accessories,Chiang Mai,Online,49,199,9751,1,4.9
2025-03-13,Mouse Pad,Accessories,Pattaya,Marketplace,20,1590,31800,1,4.7
2025-04-27,Bluetooth Earbuds,Electronics,Bangkok,Online,42,349,14658,3,4.5
2025-09-07,Bluetooth Earbuds,Electronics,Khon Kaen,In-Store,35,1290,45150,0,4.7
2025-01-23,Laptop Bag,Bags,Phuket,Online,35,99,3465,0,3.3
2025-07-10,Power Bank,Electronics,Khon Kaen,In-Store,4,199,796,1,3.1
2025-01-28,USB-C Cable,Accessories,Bangkok,Online,15,599,8985,1,3.3
2025-01-29,iPhone Case,Accessories,Khon Kaen,In-Store,15,599,8985,1,3.7
2025-10-09,USB-C Cable,Accessories,Khon Kaen,Online,24,599,14376,0,5.0
2025-02-13,Laptop Bag,Bags,Phuket,Marketplace,39,890,34710,3,3.9
2025-08-21,Wireless Charger,Electronics,Phuket,Marketplace,1,99,99,0,4.2
2025-05-16,Wireless Charger,Electronics,Khon Kaen,Marketplace,45,149,6705,3,4.9
2025-09-29,Wireless Charger,Electronics,Khon Kaen,In-Store,44,299,13156,4,4.7
2025-07-17,Mouse Pad,Accessories,Phuket,Marketplace,21,149,3129,1,3.4
2025-07-01,iPhone Case,Accessories,Phuket,Marketplace,29,1290,37410,2,4.9
2025-10-21,Laptop Bag,Bags,Chiang Mai,Marketplace,11,349,3839,0,3.1
2025-01-26,Mouse Pad,Accessories,Chiang Mai,Marketplace,28,199,5572,0,4.3
2025-07-19,Mouse Pad,Accessories,Khon Kaen,Marketplace,16,199,3184,0,4.9
2025-08-23,Keyboard Cover,Accessories,Chiang Mai,Online,27,99,2673,1,4.7
2025-05-29,iPhone Case,Accessories,Pattaya,Online,25,99,2475,2,3.1
2025-08-27,USB-C Cable,Accessories,Chiang Mai,Online,27,890,24030,0,3.3
2025-02-27,Mouse Pad,Accessories,Khon Kaen,Marketplace,10,1290,12900,0,3.7
2025-05-17,Wireless Charger,Electronics,Bangkok,In-Store,22,349,7678,0,3.9
2025-06-05,Wireless Charger,Electronics,Khon Kaen,Online,7,149,1043,0,4.6
2025-08-22,Phone Stand,Accessories,Bangkok,In-Store,18,149,2682,1,4.5
2025-09-27,Keyboard Cover,Accessories,Phuket,Marketplace,28,299,8372,0,4.2
2025-05-19,Power Bank,Electronics,Pattaya,In-Store,38,349,13262,2,3.7
2025-01-06,Wireless Charger,Electronics,Pattaya,In-Store,49,349,17101,4,4.1
2025-06-29,iPhone Case,Accessories,Chiang Mai,In-Store,11,149,1639,0,3.4
2025-11-01,Keyboard Cover,Accessories,Phuket,In-Store,18,1290,23220,1,4.7
2025-07-12,Mouse Pad,Accessories,Phuket,Online,10,890,8900,1,3.7
2025-08-04,Power Bank,Electronics,Pattaya,Marketplace,43,1590,68370,4,4.3
2025-03-09,Phone Stand,Accessories,Khon Kaen,Marketplace,49,1290,63210,4,3.1
2025-06-05,Keyboard Cover,Accessories,Chiang Mai,In-Store,26,1590,41340,1,4.7
2025-02-13,Mouse Pad,Accessories,Pattaya,Marketplace,34,199,6766,2,4.5
2025-11-30,USB-C Cable,Accessories,Pattaya,Online,20,199,3980,2,3.6
2025-03-10,Phone Stand,Accessories,Bangkok,Online,2,890,1780,0,4.6
2025-07-17,iPhone Case,Accessories,Khon Kaen,In-Store,19,299,5681,1,3.8
2025-12-29,Wireless Charger,Electronics,Chiang Mai,Marketplace,11,890,9790,0,3.5
2025-09-12,Bluetooth Earbuds,Electronics,Bangkok,Marketplace,16,149,2384,0,3.3
2025-04-17,Wireless Charger,Electronics,Phuket,In-Store,2,890,1780,1,3.1
2025-12-22,Screen Protector,Accessories,Bangkok,Online,34,299,10166,2,3.3
2025-04-25,Phone Stand,Accessories,Pattaya,Marketplace,39,99,3861,0,4.4
2025-01-18,Screen Protector,Accessories,Chiang Mai,Marketplace,3,599,1797,1,3.8
2025-10-18,USB-C Cable,Accessories,Pattaya,In-Store,31,349,10819,1,4.0
2025-12-15,iPhone Case,Accessories,Bangkok,Online,36,1290,46440,1,4.3
2025-12-06,Power Bank,Electronics,Bangkok,Marketplace,17,349,5933,1,4.2
2025-03-13,Phone Stand,Accessories,Phuket,In-Store,35,299,10465,0,3.9
2025-11-05,Mouse Pad,Accessories,Khon Kaen,Marketplace,37,349,12913,2,3.3
2025-09-27,Keyboard Cover,Accessories,Chiang Mai,Online,19,149,2831,1,4.1
2025-12-31,Screen Protector,Accessories,Chiang Mai,Online,36,349,12564,1,4.1
2025-09-08,Phone Stand,Accessories,Khon Kaen,In-Store,43,149,6407,1,4.9
2025-03-16,Phone Stand,Accessories,Khon Kaen,Online,10,1590,15900,0,4.0
2025-05-07,Keyboard Cover,Accessories,Pattaya,In-Store,32,599,19168,1,3.6
2025-09-29,Power Bank,Electronics,Pattaya,Marketplace,18,149,2682,0,3.4
2025-04-26,Wireless Charger,Electronics,Bangkok,In-Store,27,349,9423,2,4.4
2025-01-30,Phone Stand,Accessories,Khon Kaen,In-Store,26,349,9074,0,4.5
2025-09-14,iPhone Case,Accessories,Pattaya,Online,1,599,599,1,4.4
2025-04-05,Bluetooth Earbuds,Electronics,Phuket,Marketplace,13,349,4537,0,3.1
2025-04-24,USB-C Cable,Accessories,Chiang Mai,Marketplace,24,599,14376,2,5.0
2025-02-15,Phone Stand,Accessories,Bangkok,In-Store,26,1590,41340,1,3.8
2025-04-06,Phone Stand,Accessories,Pattaya,Marketplace,10,199,1990,1,4.8
2025-03-28,USB-C Cable,Accessories,Phuket,Online,35,1590,55650,0,3.1
2025-10-12,Phone Stand,Accessories,Khon Kaen,Online,19,1590,30210,0,4.0
2025-12-30,Keyboard Cover,Accessories,Chiang Mai,Marketplace,20,149,2980,0,3.7
2025-01-26,Wireless Charger,Electronics,Phuket,In-Store,42,1290,54180,1,4.8
2025-10-17,iPhone Case,Accessories,Bangkok,Online,39,299,11661,0,4.0
2025-04-24,iPhone Case,Accessories,Phuket,Online,7,99,693,0,3.6
2025-09-16,Mouse Pad,Accessories,Khon Kaen,In-Store,26,890,23140,1,4.0
2025-03-26,Bluetooth Earbuds,Electronics,Pattaya,In-Store,20,1290,25800,1,4.3
2025-08-17,Laptop Bag,Bags,Phuket,Online,46,149,6854,0,3.0
2025-01-07,USB-C Cable,Accessories,Khon Kaen,Marketplace,16,99,1584,0,4.3
2025-01-19,Keyboard Cover,Accessories,Phuket,In-Store,33,199,6567,3,3.0
2025-12-14,Laptop Bag,Bags,Bangkok,Online,35,299,10465,0,3.5
2025-11-22,Laptop Bag,Bags,Pattaya,Marketplace,7,149,1043,0,3.5
2025-09-10,Screen Protector,Accessories,Phuket,Marketplace,50,1590,79500,2,4.9
2025-09-12,Phone Stand,Accessories,Bangkok,Marketplace,45,599,26955,1,3.2
2025-05-18,Keyboard Cover,Accessories,Bangkok,In-Store,21,890,18690,2,3.1
2025-08-29,Phone Stand,Accessories,Khon Kaen,Marketplace,23,99,2277,0,3.2
2025-10-03,Phone Stand,Accessories,Pattaya,Marketplace,38,599,22762,1,3.2
2025-02-19,Wireless Charger,Electronics,Bangkok,In-Store,38,599,22762,1,3.1
2025-12-16,Power Bank,Electronics,Khon Kaen,In-Store,1,1590,1590,1,4.7
2025-02-15,iPhone Case,Accessories,Bangkok,Marketplace,39,890,34710,1,4.1
2025-08-23,Bluetooth Earbuds,Electronics,Bangkok,Online,29,349,10121,1,4.1
2025-07-17,iPhone Case,Accessories,Chiang Mai,Online,34,599,20366,2,5.0
2025-04-10,Mouse Pad,Accessories,Khon Kaen,Online,25,199,4975,1,4.7
2025-06-22,USB-C Cable,Accessories,Bangkok,Online,9,349,3141,0,4.5
2025-08-15,Keyboard Cover,Accessories,Khon Kaen,Online,33,99,3267,1,3.6
2025-05-04,Screen Protector,Accessories,Pattaya,Marketplace,32,599,19168,1,3.0
2025-07-18,Screen Protector,Accessories,Phuket,Online,43,99,4257,4,4.9
2025-02-23,Wireless Charger,Electronics,Chiang Mai,Marketplace,19,299,5681,0,4.3
2025-09-24,USB-C Cable,Accessories,Chiang Mai,Marketplace,39,149,5811,0,4.8
2025-03-14,USB-C Cable,Accessories,Pattaya,Online,27,199,5373,0,3.8
2025-10-06,USB-C Cable,Accessories,Bangkok,In-Store,31,99,3069,2,3.2
2025-12-20,iPhone Case,Accessories,Chiang Mai,Online,40,299,11960,4,4.3
2025-01-28,Laptop Bag,Bags,Bangkok,Marketplace,3,349,1047,0,5.0
2025-09-26,iPhone Case,Accessories,Phuket,Marketplace,21,299,6279,2,4.0
2025-05-25,Keyboard Cover,Accessories,Chiang Mai,In-Store,39,349,13611,0,4.7
2025-06-19,Laptop Bag,Bags,Phuket,In-Store,15,149,2235,0,4.3
2025-10-15,Laptop Bag,Bags,Bangkok,Marketplace,37,199,7363,0,4.2
2025-09-25,Phone Stand,Accessories,Phuket,Marketplace,49,199,9751,4,3.2
2025-05-01,iPhone Case,Accessories,Khon Kaen,Marketplace,2,1590,3180,0,4.6
2025-12-05,USB-C Cable,Accessories,Khon Kaen,Marketplace,1,199,199,1,3.9
2025-11-27,iPhone Case,Accessories,Khon Kaen,Marketplace,40,1590,63600,4,4.0
2025-08-27,Wireless Charger,Electronics,Pattaya,Marketplace,12,890,10680,0,3.3
2025-09-08,Phone Stand,Accessories,Phuket,In-Store,22,1290,28380,1,3.2
2025-11-21,Screen Protector,Accessories,Phuket,Marketplace,41,890,36490,0,3.6
2025-11-11,Power Bank,Electronics,Khon Kaen,Online,35,149,5215,3,4.3
2025-12-12,iPhone Case,Accessories,Khon Kaen,Online,14,1590,22260,0,4.5
2025-12-23,Laptop Bag,Bags,Khon Kaen,Online,12,890,10680,1,3.7
2025-08-06,iPhone Case,Accessories,Bangkok,Online,49,299,14651,4,4.9
2025-05-24,Screen Protector,Accessories,Pattaya,Marketplace,8,199,1592,1,4.0
2025-11-22,Keyboard Cover,Accessories,Phuket,Marketplace,1,149,149,1,4.8
2025-04-20,Power Bank,Electronics,Khon Kaen,In-Store,47,99,4653,2,4.4
2025-01-17,Wireless Charger,Electronics,Chiang Mai,Online,20,1290,25800,1,5.0
2025-11-04,Keyboard Cover,Accessories,Khon Kaen,Online,25,1290,32250,2,4.7
2025-09-28,Wireless Charger,Electronics,Chiang Mai,In-Store,49,299,14651,4,3.1
2025-08-09,Mouse Pad,Accessories,Khon Kaen,Marketplace,9,1290,11610,1,3.3
2025-04-02,Laptop Bag,Bags,Pattaya,Marketplace,17,349,5933,0,4.2
2025-11-24,Keyboard Cover,Accessories,Phuket,In-Store,36,599,21564,1,3.3
2025-07-22,Power Bank,Electronics,Chiang Mai,In-Store,15,1590,23850,0,3.5
2025-09-27,Phone Stand,Accessories,Phuket,In-Store,12,1590,19080,0,3.9
2025-10-16,Wireless Charger,Electronics,Phuket,Marketplace,9,149,1341,0,3.8
2025-03-19,USB-C Cable,Accessories,Pattaya,Online,47,149,7003,0,3.4
2025-05-08,Bluetooth Earbuds,Electronics,Phuket,In-Store,38,1290,49020,3,3.3
2025-11-29,iPhone Case,Accessories,Khon Kaen,In-Store,18,1590,28620,0,4.8
2025-03-14,Mouse Pad,Accessories,Chiang Mai,Marketplace,40,199,7960,1,3.6
2025-11-16,Mouse Pad,Accessories,Khon Kaen,Online,28,599,16772,2,3.7
2025-10-24,Laptop Bag,Bags,Pattaya,Marketplace,36,890,32040,1,4.5
2025-10-29,Keyboard Cover,Accessories,Phuket,Marketplace,46,599,27554,4,3.8
2025-07-03,Laptop Bag,Bags,Pattaya,Marketplace,37,1290,47730,3,3.8
2025-11-22,Wireless Charger,Electronics,Khon Kaen,Marketplace,3,1590,4770,0,4.4
2025-04-16,Keyboard Cover,Accessories,Pattaya,In-Store,35,149,5215,2,3.8
2025-05-02,iPhone Case,Accessories,Phuket,Marketplace,32,299,9568,2,3.5
2025-05-22,iPhone Case,Accessories,Khon Kaen,Marketplace,24,349,8376,1,3.1
2025-03-05,Bluetooth Earbuds,Electronics,Bangkok,Marketplace,50,99,4950,4,3.8
2025-12-16,Bluetooth Earbuds,Electronics,Bangkok,Online,7,890,6230,1,3.1
2025-06-23,Bluetooth Earbuds,Electronics,Chiang Mai,In-Store,20,199,3980,0,3.0
2025-10-24,Screen Protector,Accessories,Pattaya,Online,42,1590,66780,3,4.2
2025-03-21,Keyboard Cover,Accessories,Phuket,Marketplace,12,349,4188,0,4.1
2025-02-13,Bluetooth Earbuds,Electronics,Chiang Mai,Online,26,599,15574,0,3.8
2025-11-28,Power Bank,Electronics,Bangkok,Marketplace,18,149,2682,1,4.4
2025-09-11,Bluetooth Earbuds,Electronics,Bangkok,Marketplace,5,99,495,1,5.0
2025-07-28,Bluetooth Earbuds,Electronics,Pattaya,Marketplace,42,890,37380,3,3.4
2025-06-21,Wireless Charger,Electronics,Pattaya,Online,45,149,6705,0,3.4
2025-12-06,Laptop Bag,Bags,Chiang Mai,Marketplace,34,1290,43860,3,4.5
2025-01-29,Power Bank,Electronics,Khon Kaen,In-Store,9,349,3141,1,3.1
2025-07-17,Wireless Charger,Electronics,Khon Kaen,Online,46,599,27554,3,3.8
2025-07-24,Screen Protector,Accessories,Khon Kaen,Online,12,149,1788,1,3.4
2025-10-20,Keyboard Cover,Accessories,Chiang Mai,Online,15,199,2985,1,4.8
2025-06-20,USB-C Cable,Accessories,Bangkok,Online,32,99,3168,1,4.4
2025-09-18,USB-C Cable,Accessories,Khon Kaen,Online,14,199,2786,0,4.2
2025-01-24,Mouse Pad,Accessories,Khon Kaen,Online,15,1290,19350,0,3.2
2025-04-05,Keyboard Cover,Accessories,Bangkok,In-Store,41,890,36490,2,3.4
2025-08-20,Screen Protector,Accessories,Khon Kaen,Online,32,299,9568,2,3.3
2025-11-07,Screen Protector,Accessories,Khon Kaen,In-Store,26,149,3874,0,3.4
2025-12-19,iPhone Case,Accessories,Phuket,In-Store,47,1290,60630,0,4.9
2025-08-15,Wireless Charger,Electronics,Pattaya,Marketplace,7,199,1393,0,4.8
2025-03-26,Phone Stand,Accessories,Pattaya,In-Store,32,199,6368,2,4.5
2025-07-06,iPhone Case,Accessories,Khon Kaen,Online,14,1590,22260,1,4.8
2025-07-28,Laptop Bag,Bags,Pattaya,Online,40,99,3960,3,4.7
2025-11-28,iPhone Case,Accessories,Pattaya,Marketplace,7,199,1393,0,4.3
2025-07-15,Phone Stand,Accessories,Pattaya,In-Store,31,349,10819,1,4.5
2025-12-25,Keyboard Cover,Accessories,Chiang Mai,In-Store,4,99,396,1,3.1
2025-06-08,Wireless Charger,Electronics,Chiang Mai,In-Store,37,349,12913,1,3.2
2025-10-30,Wireless Charger,Electronics,Bangkok,Marketplace,50,599,29950,1,3.4
2025-11-28,Laptop Bag,Bags,Phuket,Online,23,1590,36570,0,3.3
2025-06-03,Wireless Charger,Electronics,Chiang Mai,Marketplace,29,149,4321,0,3.2
2025-09-30,Phone Stand,Accessories,Khon Kaen,Online,40,1590,63600,1,4.8
2025-04-07,iPhone Case,Accessories,Pattaya,Marketplace,44,599,26356,1,4.0
2025-08-06,Bluetooth Earbuds,Electronics,Phuket,Marketplace,30,349,10470,0,3.9
2025-05-23,Wireless Charger,Electronics,Chiang Mai,In-Store,43,199,8557,4,4.7
2025-06-03,Power Bank,Electronics,Pattaya,Marketplace,46,99,4554,1,3.0
2025-04-21,Laptop Bag,Bags,Pattaya,Marketplace,34,299,10166,0,3.2
2025-11-26,Keyboard Cover,Accessories,Pattaya,Marketplace,38,599,22762,3,3.9
2025-01-19,Phone Stand,Accessories,Chiang Mai,In-Store,35,349,12215,1,3.5
2025-07-01,USB-C Cable,Accessories,Khon Kaen,Online,38,1290,49020,1,3.5
2025-11-25,Bluetooth Earbuds,Electronics,Pattaya,In-Store,24,199,4776,2,3.3
2025-09-25,Power Bank,Electronics,Khon Kaen,Marketplace,21,99,2079,1,3.5
2025-05-07,Keyboard Cover,Accessories,Phuket,Marketplace,43,349,15007,1,3.7
2025-08-27,iPhone Case,Accessories,Phuket,Marketplace,8,149,1192,0,4.6
2025-05-16,Keyboard Cover,Accessories,Chiang Mai,Online,20,199,3980,1,3.2
2025-03-01,Keyboard Cover,Accessories,Bangkok,Marketplace,44,1590,69960,4,3.7
2025-07-22,USB-C Cable,Accessories,Khon Kaen,Marketplace,32,1290,41280,2,3.1
2025-09-29,Mouse Pad,Accessories,Khon Kaen,In-Store,3,299,897,0,3.6
2025-06-24,Keyboard Cover,Accessories,Pattaya,Marketplace,44,299,13156,4,3.7
2025-12-22,Power Bank,Electronics,Phuket,In-Store,13,1290,16770,0,4.9
2025-01-08,Laptop Bag,Bags,Bangkok,In-Store,2,149,298,1,4.3
2025-07-30,Phone Stand,Accessories,Phuket,In-Store,25,1590,39750,0,4.2
2025-10-19,Phone Stand,Accessories,Khon Kaen,Online,20,299,5980,0,3.4
2025-10-21,Power Bank,Electronics,Pattaya,In-Store,49,599,29351,3,3.7
2025-03-07,Wireless Charger,Electronics,Chiang Mai,Online,13,1290,16770,1,4.6
2025-10-11,USB-C Cable,Accessories,Khon Kaen,Marketplace,37,890,32930,3,3.8
2025-12-03,Bluetooth Earbuds,Electronics,Khon Kaen,Online,36,149,5364,0,3.2
2025-03-27,iPhone Case,Accessories,Phuket,Online,45,199,8955,0,4.5
2025-11-11,Wireless Charger,Electronics,Phuket,Marketplace,29,890,25810,0,3.4
2025-04-14,Phone Stand,Accessories,Pattaya,Marketplace,42,599,25158,1,3.2
2025-12-18,Screen Protector,Accessories,Chiang Mai,In-Store,49,599,29351,3,3.4
2025-08-24,Laptop Bag,Bags,Bangkok,In-Store,7,890,6230,0,3.5
2025-11-01,Phone Stand,Accessories,Pattaya,Online,50,1290,64500,0,3.7
2025-08-23,Power Bank,Electronics,Khon Kaen,Online,38,299,11362,0,3.1
2025-08-26,Bluetooth Earbuds,Electronics,Pattaya,Marketplace,47,349,16403,3,3.0
2025-01-14,Keyboard Cover,Accessories,Chiang Mai,Marketplace,47,199,9353,2,3.8
2025-07-11,Keyboard Cover,Accessories,Pattaya,Marketplace,15,99,1485,0,3.6
2025-02-01,Wireless Charger,Electronics,Chiang Mai,In-Store,15,299,4485,1,4.4
2025-09-07,Phone Stand,Accessories,Phuket,Marketplace,2,349,698,1,5.0
2025-05-17,Power Bank,Electronics,Phuket,In-Store,7,199,1393,0,4.7
2025-12-22,Laptop Bag,Bags,Phuket,In-Store,8,199,1592,0,4.9
2025-11-24,USB-C Cable,Accessories,Phuket,Online,36,199,7164,3,4.8
2025-04-06,Bluetooth Earbuds,Electronics,Phuket,Online,11,149,1639,1,4.1
2025-10-10,Wireless Charger,Electronics,Bangkok,In-Store,6,349,2094,1,3.2
2025-10-24,iPhone Case,Accessories,Phuket,Online,31,599,18569,1,4.0
2025-11-16,Wireless Charger,Electronics,Phuket,Marketplace,2,299,598,0,4.4
2025-06-20,Screen Protector,Accessories,Khon Kaen,Online,13,299,3887,0,3.5
2025-04-30,Screen Protector,Accessories,Pattaya,Marketplace,14,1590,22260,1,3.9
2025-12-15,iPhone Case,Accessories,Bangkok,Marketplace,11,149,1639,1,3.8
2025-11-12,USB-C Cable,Accessories,Chiang Mai,Online,12,1590,19080,0,3.2
2025-02-12,iPhone Case,Accessories,Bangkok,In-Store,15,1590,23850,1,3.9
2025-10-01,USB-C Cable,Accessories,Chiang Mai,Online,22,1590,34980,2,5.0
2025-04-08,Laptop Bag,Bags,Khon Kaen,Online,50,199,9950,2,3.0
2025-07-15,Keyboard Cover,Accessories,Pattaya,Marketplace,45,99,4455,1,4.7
2025-06-26,Laptop Bag,Bags,Bangkok,Online,21,1290,27090,0,3.1
2025-03-30,Laptop Bag,Bags,Chiang Mai,Online,21,890,18690,2,4.2
2025-12-25,USB-C Cable,Accessories,Pattaya,In-Store,12,349,4188,0,4.1
2025-01-23,iPhone Case,Accessories,Khon Kaen,Marketplace,39,299,11661,1,4.4
2025-12-07,Power Bank,Electronics,Chiang Mai,Online,35,199,6965,3,4.5
2025-12-17,Power Bank,Electronics,Chiang Mai,In-Store,26,199,5174,1,3.0
2025-07-17,Phone Stand,Accessories,Bangkok,Marketplace,13,890,11570,1,3.2
2025-08-20,iPhone Case,Accessories,Phuket,Marketplace,3,1590,4770,1,3.1
2025-02-12,Keyboard Cover,Accessories,Bangkok,Online,23,349,8027,0,4.4
2025-03-09,Power Bank,Electronics,Phuket,Online,9,599,5391,1,3.2
2025-12-01,Power Bank,Electronics,Chiang Mai,In-Store,47,99,4653,4,3.9
2025-06-27,Bluetooth Earbuds,Electronics,Chiang Mai,In-Store,25,890,22250,1,4.7
2025-01-14,Bluetooth Earbuds,Electronics,Khon Kaen,In-Store,40,199,7960,0,3.7
2025-08-06,Screen Protector,Accessories,Phuket,Online,18,1290,23220,1,3.0
2025-07-06,Mouse Pad,Accessories,Chiang Mai,In-Store,38,890,33820,3,4.9
2025-07-23,USB-C Cable,Accessories,Chiang Mai,In-Store,16,299,4784,1,3.5
2025-03-04,Mouse Pad,Accessories,Phuket,In-Store,22,99,2178,0,4.2
2025-09-05,Screen Protector,Accessories,Chiang Mai,In-Store,31,599,18569,1,4.2
2025-05-26,Laptop Bag,Bags,Khon Kaen,Marketplace,17,349,5933,0,3.8
2025-08-11,Keyboard Cover,Accessories,Phuket,In-Store,48,199,9552,1,4.1
2025-01-01,Keyboard Cover,Accessories,Bangkok,In-Store,12,299,3588,1,3.7
2025-01-17,Mouse Pad,Accessories,Chiang Mai,Online,1,299,299,1,4.2
2025-06-21,Laptop Bag,Bags,Pattaya,Marketplace,13,199,2587,0,3.6
2025-11-25,Phone Stand,Accessories,Khon Kaen,Marketplace,9,99,891,0,4.5
2025-11-17,Keyboard Cover,Accessories,Phuket,Marketplace,9,99,891,0,3.4
2025-02-16,Wireless Charger,Electronics,Khon Kaen,Online,28,1590,44520,2,3.7
2025-07-31,Phone Stand,Accessories,Chiang Mai,Marketplace,22,1290,28380,2,4.6
2025-02-11,Wireless Charger,Electronics,Bangkok,In-Store,35,599,20965,0,3.9
2025-09-05,Wireless Charger,Electronics,Phuket,In-Store,12,1590,19080,1,4.2
2025-03-17,Wireless Charger,Electronics,Chiang Mai,Online,49,349,17101,3,3.6
2025-02-13,Power Bank,Electronics,Bangkok,Online,19,599,11381,0,3.4
2025-01-17,Laptop Bag,Bags,Khon Kaen,Online,10,199,1990,1,3.6
2025-07-06,iPhone Case,Accessories,Phuket,Marketplace,9,599,5391,1,4.5
2025-02-06,Laptop Bag,Bags,Chiang Mai,In-Store,42,99,4158,2,3.2
2025-04-26,Mouse Pad,Accessories,Chiang Mai,Marketplace,12,599,7188,1,4.0
2025-05-15,Keyboard Cover,Accessories,Pattaya,Online,21,890,18690,1,3.7
2025-05-22,Screen Protector,Accessories,Phuket,Online,18,1590,28620,1,4.2
2025-11-23,Mouse Pad,Accessories,Pattaya,In-Store,12,1290,15480,0,3.3
2025-10-08,Phone Stand,Accessories,Phuket,Online,4,599,2396,0,4.4
2025-07-29,Laptop Bag,Bags,Khon Kaen,Online,35,1590,55650,3,4.7
2025-12-31,Wireless Charger,Electronics,Khon Kaen,Marketplace,43,149,6407,3,4.3
2025-09-22,Phone Stand,Accessories,Chiang Mai,Marketplace,45,299,13455,3,4.0
2025-02-25,Phone Stand,Accessories,Bangkok,Online,19,349,6631,0,4.8
2025-08-09,Mouse Pad,Accessories,Phuket,In-Store,31,599,18569,1,4.2
2025-02-17,USB-C Cable,Accessories,Bangkok,Marketplace,30,1590,47700,2,4.1
2025-09-26,Laptop Bag,Bags,Chiang Mai,In-Store,30,299,8970,1,3.7
2025-08-11,iPhone Case,Accessories,Chiang Mai,Online,28,199,5572,2,3.1
2025-05-05,Keyboard Cover,Accessories,Bangkok,In-Store,37,599,22163,1,3.5
2025-06-20,Power Bank,Electronics,Bangkok,Online,23,1290,29670,0,4.0
2025-10-15,Laptop Bag,Bags,Khon Kaen,Online,4,1590,6360,0,3.7
2025-06-06,Wireless Charger,Electronics,Chiang Mai,Online,9,299,2691,1,4.0
2025-12-17,Laptop Bag,Bags,Phuket,In-Store,34,1590,54060,1,4.6
2025-05-02,Bluetooth Earbuds,Electronics,Phuket,Online,43,1590,68370,4,4.9
2025-12-11,Bluetooth Earbuds,Electronics,Bangkok,Marketplace,12,99,1188,0,4.2
2025-01-17,Bluetooth Earbuds,Electronics,Bangkok,In-Store,9,349,3141,1,3.6
2025-06-11,Laptop Bag,Bags,Phuket,In-Store,9,149,1341,1,4.0
2025-02-19,Keyboard Cover,Accessories,Pattaya,In-Store,18,349,6282,0,4.0
2025-03-18,Screen Protector,Accessories,Phuket,Online,39,599,23361,1,4.8
2025-11-22,Laptop Bag,Bags,Phuket,Online,26,599,15574,1,4.6
2025-04-06,Keyboard Cover,Accessories,Pattaya,Online,37,99,3663,1,3.6
2025-05-17,Keyboard Cover,Accessories,Khon Kaen,Marketplace,27,1290,34830,2,4.6
2025-10-29,Bluetooth Earbuds,Electronics,Pattaya,In-Store,46,199,9154,2,5.0
2025-10-02,Keyboard Cover,Accessories,Khon Kaen,In-Store,25,99,2475,0,3.2
2025-09-01,USB-C Cable,Accessories,Chiang Mai,Online,15,1290,19350,0,4.8
2025-02-26,Screen Protector,Accessories,Khon Kaen,Online,15,599,8985,0,3.4
2025-11-17,Keyboard Cover,Accessories,Bangkok,Marketplace,42,149,6258,0,4.4
2025-03-14,Laptop Bag,Bags,Phuket,Online,47,199,9353,4,4.2
2025-08-22,Power Bank,Electronics,Phuket,Marketplace,2,99,198,1,4.1
2025-06-02,Screen Protector,Accessories,Bangkok,In-Store,10,199,1990,0,4.3
2025-04-06,USB-C Cable,Accessories,Phuket,In-Store,50,99,4950,2,4.4
2025-03-05,iPhone Case,Accessories,Pattaya,In-Store,14,349,4886,0,3.7
2025-10-21,iPhone Case,Accessories,Chiang Mai,In-Store,9,199,1791,1,3.5
2025-05-25,Wireless Charger,Electronics,Khon Kaen,Marketplace,48,149,7152,3,3.5
2025-02-03,Keyboard Cover,Accessories,Khon Kaen,Online,28,349,9772,1,4.8
2025-11-22,Wireless Charger,Electronics,Bangkok,Marketplace,10,299,2990,1,3.9
2025-12-19,Bluetooth Earbuds,Electronics,Pattaya,Marketplace,40,199,7960,3,3.6
2025-06-15,Screen Protector,Accessories,Pattaya,In-Store,13,349,4537,0,4.1
2025-10-26,Bluetooth Earbuds,Electronics,Chiang Mai,In-Store,38,299,11362,1,3.6
2025-05-23,Bluetooth Earbuds,Electronics,Khon Kaen,Online,13,299,3887,0,4.9
2025-12-19,Wireless Charger,Electronics,Chiang Mai,In-Store,11,149,1639,0,3.4
2025-10-24,Screen Protector,Accessories,Chiang Mai,Marketplace,38,1290,49020,2,4.3
2025-10-21,Screen Protector,Accessories,Phuket,Online,17,199,3383,0,4.6
2025-07-27,Phone Stand,Accessories,Bangkok,Marketplace,47,1590,74730,2,3.4
2025-11-08,Power Bank,Electronics,Pattaya,Marketplace,33,149,4917,2,4.1
2025-12-18,Wireless Charger,Electronics,Khon Kaen,In-Store,12,149,1788,0,3.7
2025-11-26,iPhone Case,Accessories,Chiang Mai,Online,38,349,13262,1,4.6
2025-05-21,Keyboard Cover,Accessories,Phuket,Online,33,599,19767,1,4.9
2025-12-12,Bluetooth Earbuds,Electronics,Bangkok,In-Store,11,1290,14190,0,4.3
2025-03-11,Mouse Pad,Accessories,Khon Kaen,Marketplace,19,1290,24510,0,3.9
2025-08-29,Screen Protector,Accessories,Phuket,In-Store,12,149,1788,1,4.7
2025-11-24,Wireless Charger,Electronics,Bangkok,Marketplace,32,349,11168,0,4.7
2025-02-07,iPhone Case,Accessories,Pattaya,Marketplace,23,1290,29670,2,3.7
2025-10-22,Wireless Charger,Electronics,Khon Kaen,In-Store,12,299,3588,0,3.1
2025-09-21,Bluetooth Earbuds,Electronics,Pattaya,Marketplace,4,890,3560,0,3.3
2025-01-31,Screen Protector,Accessories,Pattaya,Marketplace,34,1590,54060,3,3.2
2025-03-03,USB-C Cable,Accessories,Phuket,In-Store,11,599,6589,1,4.9
2025-04-03,Laptop Bag,Bags,Phuket,In-Store,41,349,14309,2,4.3
2025-12-27,Bluetooth Earbuds,Electronics,Chiang Mai,Online,15,1590,23850,1,3.5
2025-02-06,Laptop Bag,Bags,Phuket,Marketplace,23,199,4577,1,3.8
2025-06-16,Mouse Pad,Accessories,Chiang Mai,Marketplace,31,1290,39990,0,4.7
2025-01-03,Bluetooth Earbuds,Electronics,Phuket,In-Store,8,299,2392,1,4.3
2025-11-02,Power Bank,Electronics,Pattaya,Online,43,599,25757,2,4.7
2025-07-05,USB-C Cable,Accessories,Phuket,Online,22,199,4378,1,4.5
2025-09-07,USB-C Cable,Accessories,Bangkok,In-Store,13,349,4537,1,3.4
2025-03-13,Keyboard Cover,Accessories,Pattaya,Marketplace,10,99,990,0,3.9
2025-01-04,Power Bank,Electronics,Pattaya,Marketplace,23,1290,29670,2,3.1
2025-04-28,USB-C Cable,Accessories,Phuket,In-Store,14,199,2786,0,4.4
2025-07-09,Phone Stand,Accessories,Pattaya,Online,16,1290,20640,0,3.8
2025-07-23,Screen Protector,Accessories,Khon Kaen,Online,29,1590,46110,0,3.1
2025-05-21,Screen Protector,Accessories,Chiang Mai,In-Store,8,349,2792,1,3.5
2025-06-24,iPhone Case,Accessories,Bangkok,In-Store,31,299,9269,3,3.6
2025-09-21,Wireless Charger,Electronics,Bangkok,In-Store,29,299,8671,2,4.0
2025-11-11,Screen Protector,Accessories,Phuket,In-Store,24,99,2376,0,3.4
2025-01-03,iPhone Case,Accessories,Pattaya,Online,38,1290,49020,2,4.6
2025-10-06,iPhone Case,Accessories,Khon Kaen,Online,24,890,21360,0,4.8
2025-07-21,USB-C Cable,Accessories,Pattaya,Online,30,199,5970,1,4.8
2025-04-23,Mouse Pad,Accessories,Bangkok,In-Store,29,99,2871,1,3.7
2025-02-04,Screen Protector,Accessories,Khon Kaen,Online,39,99,3861,1,4.9
2025-09-23,iPhone Case,Accessories,Pattaya,Online,2,149,298,0,3.2
2025-09-12,Keyboard Cover,Accessories,Phuket,In-Store,49,99,4851,4,4.8
2025-12-09,Bluetooth Earbuds,Electronics,Chiang Mai,Marketplace,45,1290,58050,2,3.9
2025-05-25,Phone Stand,Accessories,Bangkok,Marketplace,16,199,3184,1,3.1
2025-03-07,Power Bank,Electronics,Pattaya,Marketplace,4,890,3560,1,3.2
2025-12-16,USB-C Cable,Accessories,Chiang Mai,Marketplace,43,1290,55470,1,4.7
2025-05-29,iPhone Case,Accessories,Pattaya,In-Store,39,1590,62010,3,4.1
2025-12-15,Laptop Bag,Bags,Pattaya,Online,19,1290,24510,0,3.8
2025-08-03,Wireless Charger,Electronics,Chiang Mai,Marketplace,11,299,3289,1,4.7
2025-04-01,Phone Stand,Accessories,Phuket,Online,33,1290,42570,1,4.2
2025-05-23,Phone Stand,Accessories,Khon Kaen,Marketplace,46,1590,73140,4,3.9
2025-01-17,Wireless Charger,Electronics,Phuket,Marketplace,41,890,36490,2,4.4
2025-11-02,Phone Stand,Accessories,Chiang Mai,Marketplace,18,149,2682,0,3.1
2025-01-24,Keyboard Cover,Accessories,Phuket,Marketplace,42,599,25158,1,4.2
2025-01-16,Mouse Pad,Accessories,Pattaya,Marketplace,17,890,15130,1,3.4
2025-12-04,Keyboard Cover,Accessories,Phuket,Online,27,99,2673,2,3.4
2025-08-25,Wireless Charger,Electronics,Phuket,In-Store,28,299,8372,1,4.4
2025-03-05,Laptop Bag,Bags,Khon Kaen,Marketplace,24,890,21360,1,3.9
2025-09-23,iPhone Case,Accessories,Pattaya,In-Store,20,99,1980,1,3.3
2025-04-16,Power Bank,Electronics,Bangkok,Marketplace,36,890,32040,1,3.9
2025-06-16,Wireless Charger,Electronics,Chiang Mai,Online,19,99,1881,0,4.3
2025-03-09,Bluetooth Earbuds,Electronics,Bangkok,Marketplace,16,349,5584,1,4.7
2025-09-29,Power Bank,Electronics,Phuket,In-Store,50,149,7450,0,3.0
2025-12-16,Keyboard Cover,Accessories,Phuket,Marketplace,26,149,3874,2,4.8
2025-02-11,Phone Stand,Accessories,Pattaya,In-Store,4,149,596,1,3.7
2025-06-23,Mouse Pad,Accessories,Khon Kaen,Marketplace,16,349,5584,0,3.4
2025-08-04,Wireless Charger,Electronics,Pattaya,Marketplace,34,199,6766,2,5.0
2025-01-26,USB-C Cable,Accessories,Phuket,Online,15,99,1485,0,3.8
2025-04-23,Keyboard Cover,Accessories,Bangkok,Online,41,99,4059,2,3.2
2025-12-23,Mouse Pad,Accessories,Chiang Mai,Marketplace,41,199,8159,2,3.3
2025-01-07,Bluetooth Earbuds,Electronics,Pattaya,In-Store,22,890,19580,2,3.3
2025-09-02,Power Bank,Electronics,Chiang Mai,In-Store,24,599,14376,2,4.3
2025-02-03,iPhone Case,Accessories,Bangkok,Online,17,149,2533,0,3.3
2025-06-05,Bluetooth Earbuds,Electronics,Khon Kaen,In-Store,22,349,7678,2,4.0
2025-08-04,Keyboard Cover,Accessories,Khon Kaen,In-Store,1,149,149,1,4.9
2025-03-06,Power Bank,Electronics,Phuket,Marketplace,15,599,8985,0,5.0
2025-02-15,Laptop Bag,Bags,Chiang Mai,Marketplace,28,99,2772,0,4.3
2025-05-05,Wireless Charger,Electronics,Phuket,Online,3,1290,3870,0,4.9
2025-10-07,USB-C Cable,Accessories,Phuket,Online,13,349,4537,0,4.5
2025-04-28,Power Bank,Electronics,Phuket,Online,2,1290,2580,0,3.3
2025-06-30,Wireless Charger,Electronics,Pattaya,Marketplace,26,149,3874,0,4.1
2025-05-14,Screen Protector,Accessories,Chiang Mai,Online,42,1290,54180,0,4.2
2025-02-23,Keyboard Cover,Accessories,Pattaya,In-Store,41,149,6109,1,3.9
2025-11-14,iPhone Case,Accessories,Phuket,In-Store,24,199,4776,0,3.7
2025-05-23,Power Bank,Electronics,Khon Kaen,Marketplace,42,199,8358,4,3.4
2025-09-14,Phone Stand,Accessories,Pattaya,Marketplace,47,1290,60630,4,3.1
2025-04-28,Laptop Bag,Bags,Chiang Mai,In-Store,33,1590,52470,2,4.4
2025-07-27,Wireless Charger,Electronics,Chiang Mai,Online,25,1590,39750,0,3.5
2025-07-20,Mouse Pad,Accessories,Phuket,Online,7,890,6230,1,4.4
2025-03-31,Laptop Bag,Bags,Chiang Mai,Marketplace,31,149,4619,3,5.0
2025-08-21,Screen Protector,Accessories,Khon Kaen,In-Store,32,1290,41280,3,3.6
2025-12-26,Mouse Pad,Accessories,Chiang Mai,In-Store,33,890,29370,1,3.4
2025-09-19,Power Bank,Electronics,Bangkok,In-Store,37,1590,58830,3,4.5
2025-01-22,Power Bank,Electronics,Phuket,Marketplace,46,199,9154,4,3.5
2025-08-21,iPhone Case,Accessories,Pattaya,In-Store,38,1290,49020,3,3.7
2025-11-08,Bluetooth Earbuds,Electronics,Khon Kaen,Online,5,99,495,0,4.5
2025-11-11,Power Bank,Electronics,Bangkok,Online,19,349,6631,1,4.5
2025-08-15,Laptop Bag,Bags,Khon Kaen,In-Store,2,199,398,0,3.7
2025-10-04,Mouse Pad,Accessories,Pattaya,Online,45,99,4455,2,4.9
2025-01-23,Keyboard Cover,Accessories,Chiang Mai,In-Store,32,99,3168,2,4.0
2025-06-29,Mouse Pad,Accessories,Chiang Mai,In-Store,26,299,7774,2,4.7
2025-08-20,Mouse Pad,Accessories,Khon Kaen,Online,44,149,6556,0,4.7
2025-08-09,Screen Protector,Accessories,Chiang Mai,Online,46,299,13754,2,3.1
2025-08-14,Mouse Pad,Accessories,Bangkok,In-Store,24,1290,30960,1,3.0
2025-10-28,Phone Stand,Accessories,Phuket,Marketplace,14,599,8386,0,3.1
2025-06-11,Power Bank,Electronics,Pattaya,Online,19,349,6631,0,4.3
2025-09-11,Screen Protector,Accessories,Phuket,Online,36,599,21564,1,3.7
2025-08-17,Phone Stand,Accessories,Phuket,Online,10,890,8900,1,4.9
2025-11-16,Mouse Pad,Accessories,Chiang Mai,Online,9,599,5391,0,3.1
2025-01-07,Mouse Pad,Accessories,Bangkok,Online,15,149,2235,0,3.6
2025-10-28,USB-C Cable,Accessories,Khon Kaen,Marketplace,30,199,5970,0,4.9
2025-02-26,Power Bank,Electronics,Bangkok,Marketplace,47,299,14053,1,3.8
2025-01-10,Mouse Pad,Accessories,Pattaya,Marketplace,29,349,10121,1,4.6
2025-09-03,USB-C Cable,Accessories,Chiang Mai,Online,3,99,297,0,4.7
2025-05-23,Power Bank,Electronics,Phuket,Online,9,199,1791,1,4.3
2025-01-08,Laptop Bag,Bags,Chiang Mai,Marketplace,44,599,26356,3,3.4
2025-02-01,Power Bank,Electronics,Khon Kaen,Online,12,149,1788,1,4.2
2025-10-09,Keyboard Cover,Accessories,Pattaya,Marketplace,32,1590,50880,2,4.1
2025-05-04,Screen Protector,Accessories,Phuket,Online,34,99,3366,3,4.5
2025-10-14,iPhone Case,Accessories,Pattaya,In-Store,20,599,11980,0,3.8
2025-05-06,Phone Stand,Accessories,Khon Kaen,In-Store,45,149,6705,3,4.3
2025-05-20,Screen Protector,Accessories,Phuket,Online,23,149,3427,0,3.8
2025-07-30,iPhone Case,Accessories,Phuket,In-Store,33,199,6567,2,3.9
2025-11-26,USB-C Cable,Accessories,Phuket,In-Store,20,890,17800,1,3.6
2025-05-22,Mouse Pad,Accessories,Bangkok,In-Store,41,349,14309,2,3.5
2025-07-14,Bluetooth Earbuds,Electronics,Khon Kaen,In-Store,39,149,5811,2,4.7
2025-10-15,Bluetooth Earbuds,Electronics,Bangkok,Online,13,349,4537,1,4.2
2025-08-23,Laptop Bag,Bags,Bangkok,Marketplace,14,199,2786,0,4.4
2025-03-06,Wireless Charger,Electronics,Phuket,Online,11,349,3839,1,3.0
2025-02-08,iPhone Case,Accessories,Bangkok,Online,15,299,4485,0,4.0
2025-04-16,Phone Stand,Accessories,Khon Kaen,Marketplace,44,599,26356,1,3.7
2025-06-01,USB-C Cable,Accessories,Phuket,In-Store,47,1590,74730,1,4.0
2025-11-06,Power Bank,Electronics,Khon Kaen,In-Store,45,99,4455,0,3.6
2025-06-03,Power Bank,Electronics,Pattaya,Online,30,1590,47700,1,5.0
2025-02-15,Bluetooth Earbuds,Electronics,Phuket,Online,5,1590,7950,0,5.0
2025-05-07,Laptop Bag,Bags,Bangkok,Marketplace,33,890,29370,2,4.7
2025-05-19,Mouse Pad,Accessories,Chiang Mai,In-Store,38,199,7562,0,4.6
2025-02-17,Mouse Pad,Accessories,Pattaya,Online,23,1590,36570,0,4.5
2025-04-14,Wireless Charger,Electronics,Chiang Mai,In-Store,15,299,4485,1,3.4
2025-04-03,Phone Stand,Accessories,Khon Kaen,In-Store,37,149,5513,2,5.0
2025-01-25,USB-C Cable,Accessories,Pattaya,Online,22,890,19580,1,4.8
2025-07-16,Bluetooth Earbuds,Electronics,Pattaya,Online,34,149,5066,3,4.1
2025-09-02,iPhone Case,Accessories,Khon Kaen,Online,5,1590,7950,1,4.8
2025-07-15,Laptop Bag,Bags,Bangkok,In-Store,30,1590,47700,1,5.0
2025-12-10,Laptop Bag,Bags,Khon Kaen,In-Store,19,349,6631,1,4.3
2025-05-15,USB-C Cable,Accessories,Bangkok,Marketplace,9,349,3141,1,3.1
2025-10-15,Wireless Charger,Electronics,Pattaya,In-Store,39,1290,50310,1,4.5
2025-10-04,Screen Protector,Accessories,Khon Kaen,In-Store,36,299,10764,2,4.2
2025-11-20,USB-C Cable,Accessories,Chiang Mai,Online,42,149,6258,3,4.3
2025-06-08,USB-C Cable,Accessories,Pattaya,Online,2,149,298,1,3.2
2025-11-12,Phone Stand,Accessories,Phuket,Marketplace,35,349,12215,1,3.5
2025-08-23,Keyboard Cover,Accessories,Khon Kaen,In-Store,43,99,4257,1,3.8
2025-03-16,iPhone Case,Accessories,Khon Kaen,Marketplace,31,890,27590,1,4.2
2025-06-22,Phone Stand,Accessories,Khon Kaen,Marketplace,34,349,11866,1,3.1
2025-10-26,Power Bank,Electronics,Chiang Mai,Online,8,599,4792,1,3.4
2025-04-06,Wireless Charger,Electronics,Chiang Mai,Online,12,1590,19080,0,3.7
2025-05-31,Screen Protector,Accessories,Phuket,Online,47,1590,74730,0,4.6
2025-09-12,Bluetooth Earbuds,Electronics,Bangkok,Online,6,149,894,0,4.0
2025-04-15,Laptop Bag,Bags,Bangkok,In-Store,35,299,10465,0,3.4
2025-07-27,Power Bank,Electronics,Chiang Mai,Marketplace,20,299,5980,0,3.1
2025-06-21,Wireless Charger,Electronics,Chiang Mai,Online,30,1290,38700,3,3.4
2025-04-21,iPhone Case,Accessories,Pattaya,In-Store,17,599,10183,0,4.4
2025-09-12,Keyboard Cover,Accessories,Khon Kaen,In-Store,22,349,7678,0,4.1
2025-09-24,USB-C Cable,Accessories,Chiang Mai,In-Store,22,1590,34980,0,4.7
2025-10-29,Keyboard Cover,Accessories,Bangkok,Online,18,349,6282,0,3.8
2025-08-04,Screen Protector,Accessories,Phuket,Online,33,890,29370,2,5.0
2025-08-23,Screen Protector,Accessories,Phuket,Online,40,149,5960,0,3.7
2025-05-29,Keyboard Cover,Accessories,Khon Kaen,In-Store,25,1290,32250,0,3.2
2025-04-25,USB-C Cable,Accessories,Khon Kaen,Marketplace,28,299,8372,0,4.1
2025-02-18,Screen Protector,Accessories,Phuket,In-Store,47,199,9353,1,4.5
2025-01-31,Bluetooth Earbuds,Electronics,Pattaya,In-Store,22,890,19580,0,4.2
2025-03-03,USB-C Cable,Accessories,Chiang Mai,Online,42,890,37380,4,3.8
2025-10-28,Keyboard Cover,Accessories,Khon Kaen,In-Store,17,1290,21930,0,4.3
2025-10-21,Wireless Charger,Electronics,Khon Kaen,Marketplace,4,99,396,0,4.0
2025-12-07,Keyboard Cover,Accessories,Phuket,Online,8,99,792,0,5.0
2025-06-21,Bluetooth Earbuds,Electronics,Bangkok,Online,31,1290,39990,0,4.4
2025-07-21,USB-C Cable,Accessories,Pattaya,Marketplace,8,149,1192,1,3.6
2025-09-26,Keyboard Cover,Accessories,Chiang Mai,Marketplace,44,349,15356,0,3.8
2025-03-11,Screen Protector,Accessories,Bangkok,Online,9,1590,14310,1,4.6
2025-04-05,Wireless Charger,Electronics,Pattaya,In-Store,15,199,2985,0,4.5
2025-08-03,USB-C Cable,Accessories,Bangkok,In-Store,25,199,4975,1,3.4
2025-12-24,Wireless Charger,Electronics,Pattaya,In-Store,34,1590,54060,3,3.1
2025-01-09,Laptop Bag,Bags,Phuket,Marketplace,18,890,16020,0,4.4
2025-09-19,Laptop Bag,Bags,Chiang Mai,Marketplace,25,890,22250,2,3.9
2025-09-29,Mouse Pad,Accessories,Pattaya,In-Store,38,1290,49020,3,4.4
2025-06-11,Power Bank,Electronics,Khon Kaen,Online,40,599,23960,2,4.9
2025-04-18,Mouse Pad,Accessories,Khon Kaen,Online,39,1290,50310,0,4.5
2025-05-05,Screen Protector,Accessories,Chiang Mai,Marketplace,41,1590,65190,2,4.6
2025-08-12,iPhone Case,Accessories,Bangkok,Online,29,99,2871,0,3.6
2025-06-09,Screen Protector,Accessories,Bangkok,Online,45,599,26955,2,3.9
2025-03-22,Wireless Charger,Electronics,Bangkok,Marketplace,28,199,5572,1,3.8
2025-08-19,Screen Protector,Accessories,Chiang Mai,Marketplace,12,1290,15480,0,3.6
2025-11-17,Wireless Charger,Electronics,Chiang Mai,Marketplace,23,890,20470,2,4.9
2025-10-24,Keyboard Cover,Accessories,Bangkok,Marketplace,31,1290,39990,0,3.1
2025-04-01,USB-C Cable,Accessories,Phuket,Marketplace,1,890,890,1,4.6
2025-01-26,Bluetooth Earbuds,Electronics,Khon Kaen,Online,13,1290,16770,0,4.8
2025-09-05,Bluetooth Earbuds,Electronics,Pattaya,Marketplace,49,149,7301,3,3.2
2025-12-09,USB-C Cable,Accessories,Pattaya,Online,25,599,14975,1,4.5
2025-07-20,Laptop Bag,Bags,Khon Kaen,In-Store,17,349,5933,0,3.9
2025-05-29,Screen Protector,Accessories,Phuket,Marketplace,31,199,6169,2,4.8
2025-04-05,Wireless Charger,Electronics,Chiang Mai,In-Store,9,599,5391,0,4.7
2025-01-27,iPhone Case,Accessories,Pattaya,In-Store,40,99,3960,3,4.4
2025-08-12,USB-C Cable,Accessories,Pattaya,In-Store,27,349,9423,1,3.6
2025-02-09,Power Bank,Electronics,Khon Kaen,Online,32,199,6368,2,4.3
2025-04-18,iPhone Case,Accessories,Pattaya,Marketplace,25,299,7475,2,3.2
2025-09-16,Bluetooth Earbuds,Electronics,Chiang Mai,In-Store,19,199,3781,0,4.5
2025-05-20,Wireless Charger,Electronics,Bangkok,Online,28,1290,36120,0,4.0
2025-02-20,Mouse Pad,Accessories,Bangkok,Online,50,349,17450,0,3.6
2025-04-07,iPhone Case,Accessories,Bangkok,Online,48,349,16752,2,4.6
2025-04-06,USB-C Cable,Accessories,Khon Kaen,Marketplace,34,349,11866,3,4.7
2025-03-06,USB-C Cable,Accessories,Phuket,Marketplace,20,1290,25800,2,4.4
2025-07-15,Power Bank,Electronics,Bangkok,Marketplace,48,1290,61920,2,4.1
2025-12-11,USB-C Cable,Accessories,Phuket,Online,25,99,2475,0,4.0
2025-11-04,iPhone Case,Accessories,Bangkok,Online,50,349,17450,4,4.7
2025-01-16,Power Bank,Electronics,Phuket,In-Store,36,1290,46440,1,3.3
2025-07-30,Laptop Bag,Bags,Bangkok,In-Store,17,299,5083,0,3.3
2025-12-31,iPhone Case,Accessories,Chiang Mai,Marketplace,33,1590,52470,3,3.3
2025-08-10,Power Bank,Electronics,Khon Kaen,Marketplace,11,299,3289,0,3.8
2025-09-20,Bluetooth Earbuds,Electronics,Khon Kaen,Online,36,99,3564,2,4.0
2025-05-14,Keyboard Cover,Accessories,Pattaya,Marketplace,8,890,7120,1,4.8
2025-11-15,USB-C Cable,Accessories,Pattaya,Online,34,1590,54060,0,4.5
2025-10-13,Bluetooth Earbuds,Electronics,Khon Kaen,In-Store,49,349,17101,0,5.0
2025-01-05,iPhone Case,Accessories,Khon Kaen,Marketplace,11,599,6589,1,4.4
2025-08-26,USB-C Cable,Accessories,Khon Kaen,Online,37,299,11063,0,4.9
2025-12-11,Phone Stand,Accessories,Chiang Mai,Online,21,890,18690,2,3.1
2025-09-13,Screen Protector,Accessories,Khon Kaen,Marketplace,4,1590,6360,0,4.3
2025-06-25,Bluetooth Earbuds,Electronics,Khon Kaen,Online,20,299,5980,1,3.2
2025-05-03,Keyboard Cover,Accessories,Khon Kaen,Online,20,99,1980,2,3.9
2025-01-22,Power Bank,Electronics,Khon Kaen,In-Store,24,1290,30960,1,3.3
2025-02-11,Wireless Charger,Electronics,Pattaya,Online,31,199,6169,0,3.3
2025-07-07,Mouse Pad,Accessories,Chiang Mai,Marketplace,16,199,3184,0,3.5
2025-03-15,Phone Stand,Accessories,Phuket,Marketplace,6,149,894,1,3.1
2025-11-30,Wireless Charger,Electronics,Phuket,Marketplace,31,599,18569,2,3.6
2025-07-06,Wireless Charger,Electronics,Chiang Mai,Marketplace,45,890,40050,0,3.0
2025-07-19,iPhone Case,Accessories,Chiang Mai,Online,31,149,4619,0,5.0
2025-08-19,USB-C Cable,Accessories,Pattaya,Online,46,99,4554,3,3.2
2025-08-22,Bluetooth Earbuds,Electronics,Khon Kaen,Online,21,1590,33390,2,3.7
2025-12-14,Mouse Pad,Accessories,Pattaya,In-Store,21,349,7329,1,4.4
2025-07-17,Mouse Pad,Accessories,Chiang Mai,In-Store,48,99,4752,3,4.9
2025-06-02,Mouse Pad,Accessories,Bangkok,Marketplace,18,890,16020,1,4.8
2025-09-28,Phone Stand,Accessories,Phuket,Online,31,890,27590,0,3.7
2025-07-24,Wireless Charger,Electronics,Bangkok,Marketplace,8,349,2792,1,4.3
2025-03-22,Keyboard Cover,Accessories,Bangkok,In-Store,48,99,4752,0,4.2
2025-12-23,Screen Protector,Accessories,Pattaya,In-Store,50,349,17450,3,3.7
2025-06-14,Screen Protector,Accessories,Bangkok,In-Store,43,99,4257,2,4.2
2025-11-07,Phone Stand,Accessories,Khon Kaen,Online,47,1590,74730,0,4.1
2025-01-29,iPhone Case,Accessories,Pattaya,Marketplace,15,1590,23850,1,4.9
2025-08-05,Screen Protector,Accessories,Pattaya,Marketplace,11,1290,14190,1,4.6
2025-09-15,Keyboard Cover,Accessories,Pattaya,In-Store,44,149,6556,2,4.4
2025-04-22,Laptop Bag,Bags,Phuket,Online,26,1590,41340,2,4.5
2025-10-21,Phone Stand,Accessories,Phuket,Online,22,349,7678,2,4.7
2025-03-21,Wireless Charger,Electronics,Pattaya,In-Store,28,299,8372,1,4.8
2025-01-29,Phone Stand,Accessories,Phuket,In-Store,35,599,20965,2,3.2
2025-07-13,Phone Stand,Accessories,Pattaya,Online,37,149,5513,3,3.1
2025-04-07,Power Bank,Electronics,Bangkok,Online,50,99,4950,5,3.5
2025-03-22,Mouse Pad,Accessories,Pattaya,Marketplace,32,299,9568,0,3.0
2025-08-21,iPhone Case,Accessories,Bangkok,In-Store,41,349,14309,0,3.8
2025-06-11,Bluetooth Earbuds,Electronics,Chiang Mai,In-Store,50,349,17450,0,4.1
2025-12-21,Keyboard Cover,Accessories,Pattaya,Online,11,349,3839,0,4.7
2025-12-15,Wireless Charger,Electronics,Khon Kaen,Online,21,149,3129,0,3.8
2025-11-24,Mouse Pad,Accessories,Phuket,In-Store,11,149,1639,0,4.8
2025-06-19,Keyboard Cover,Accessories,Khon Kaen,In-Store,33,149,4917,3,4.9
2025-05-23,iPhone Case,Accessories,Phuket,Marketplace,35,349,12215,1,4.9
2025-06-09,Power Bank,Electronics,Phuket,Online,9,349,3141,0,4.5
2025-10-15,Power Bank,Electronics,Bangkok,Online,35,149,5215,2,4.4
2025-09-29,Keyboard Cover,Accessories,Phuket,In-Store,41,1590,65190,0,3.6
2025-04-05,Laptop Bag,Bags,Khon Kaen,In-Store,28,149,4172,2,4.1
2025-03-13,Screen Protector,Accessories,Chiang Mai,Online,39,99,3861,3,3.3
2025-03-10,Screen Protector,Accessories,Pattaya,Online,22,1290,28380,0,4.4
2025-04-19,Screen Protector,Accessories,Chiang Mai,In-Store,42,199,8358,2,3.6
2025-08-18,Keyboard Cover,Accessories,Khon Kaen,Online,44,890,39160,0,4.6
2025-06-07,iPhone Case,Accessories,Chiang Mai,Marketplace,23,299,6877,2,5.0
2025-06-14,USB-C Cable,Accessories,Pattaya,Marketplace,34,1290,43860,3,3.5
2025-12-09,Wireless Charger,Electronics,Khon Kaen,Online,43,349,15007,3,4.1
2025-03-20,iPhone Case,Accessories,Phuket,Online,47,890,41830,4,4.8
2025-01-29,Power Bank,Electronics,Phuket,In-Store,5,349,1745,1,3.9
2025-01-13,Mouse Pad,Accessories,Khon Kaen,Marketplace,29,149,4321,2,3.1
2025-06-07,Keyboard Cover,Accessories,Pattaya,Marketplace,34,1590,54060,0,4.1
2025-12-09,USB-C Cable,Accessories,Bangkok,Online,46,1590,73140,0,4.2
2025-01-20,Phone Stand,Accessories,Bangkok,Marketplace,3,149,447,0,4.4
2025-12-12,Bluetooth Earbuds,Electronics,Bangkok,Marketplace,23,199,4577,1,3.1
2025-04-24,Power Bank,Electronics,Chiang Mai,Online,8,199,1592,1,3.3
2025-08-28,Keyboard Cover,Accessories,Chiang Mai,Marketplace,31,299,9269,1,4.8
2025-04-27,Wireless Charger,Electronics,Bangkok,In-Store,20,149,2980,2,4.9
2025-09-09,Laptop Bag,Bags,Pattaya,In-Store,49,1290,63210,0,4.8
2025-10-14,USB-C Cable,Accessories,Bangkok,In-Store,2,99,198,0,4.7
2025-12-06,Power Bank,Electronics,Bangkok,In-Store,11,299,3289,1,3.7
2025-04-12,USB-C Cable,Accessories,Phuket,Online,37,199,7363,2,4.8
2025-08-24,Bluetooth Earbuds,Electronics,Bangkok,Marketplace,36,1290,46440,2,4.7
2025-06-01,USB-C Cable,Accessories,Khon Kaen,Marketplace,38,1290,49020,1,4.3
2025-11-26,Keyboard Cover,Accessories,Phuket,Marketplace,24,1590,38160,2,4.9
2025-02-08,Bluetooth Earbuds,Electronics,Phuket,Online,45,599,26955,0,4.1
2025-03-22,Bluetooth Earbuds,Electronics,Bangkok,In-Store,1,1290,1290,1,4.5
2025-08-19,Power Bank,Electronics,Phuket,Online,15,149,2235,1,4.8
2025-01-21,iPhone Case,Accessories,Chiang Mai,Marketplace,38,199,7562,1,3.7
2025-07-01,USB-C Cable,Accessories,Chiang Mai,Online,10,299,2990,1,4.3
2025-11-09,Keyboard Cover,Accessories,Pattaya,In-Store,2,149,298,1,3.2
2025-02-24,Laptop Bag,Bags,Pattaya,Online,12,149,1788,1,3.0
2025-11-14,USB-C Cable,Accessories,Khon Kaen,Online,27,149,4023,1,4.5
2025-09-13,Mouse Pad,Accessories,Khon Kaen,In-Store,50,149,7450,2,3.1
2025-09-14,Phone Stand,Accessories,Phuket,Marketplace,45,1290,58050,0,4.8
2025-05-27,Wireless Charger,Electronics,Phuket,Marketplace,9,199,1791,0,4.4
2025-12-26,USB-C Cable,Accessories,Chiang Mai,In-Store,4,199,796,0,3.8
2025-07-08,Wireless Charger,Electronics,Khon Kaen,Marketplace,38,99,3762,2,3.1
2025-10-24,Wireless Charger,Electronics,Khon Kaen,Marketplace,12,1590,19080,0,4.8
2025-07-21,Laptop Bag,Bags,Phuket,In-Store,23,199,4577,0,4.5
2025-10-04,Laptop Bag,Bags,Pattaya,In-Store,33,349,11517,1,3.1
2025-07-31,Wireless Charger,Electronics,Khon Kaen,Online,15,1290,19350,0,3.6
2025-08-04,Screen Protector,Accessories,Phuket,Marketplace,31,99,3069,0,3.3
2025-04-27,USB-C Cable,Accessories,Chiang Mai,In-Store,49,599,29351,1,4.2
2025-05-19,Screen Protector,Accessories,Chiang Mai,Online,46,599,27554,4,4.7
2025-09-07,Screen Protector,Accessories,Pattaya,Online,30,349,10470,1,3.2
2025-01-06,Power Bank,Electronics,Phuket,Marketplace,39,199,7761,1,3.3
2025-05-31,Phone Stand,Accessories,Khon Kaen,Online,15,1590,23850,1,3.2
2025-10-09,Wireless Charger,Electronics,Phuket,Marketplace,39,149,5811,0,3.9
2025-10-10,Bluetooth Earbuds,Electronics,Pattaya,Marketplace,23,199,4577,0,3.9
2025-06-30,Keyboard Cover,Accessories,Bangkok,In-Store,25,99,2475,1,4.2
2025-01-05,Mouse Pad,Accessories,Khon Kaen,Marketplace,45,349,15705,1,4.4
2025-01-02,USB-C Cable,Accessories,Phuket,Online,17,199,3383,1,4.5
2025-06-01,Bluetooth Earbuds,Electronics,Pattaya,Marketplace,17,890,15130,0,3.2
2025-03-17,Power Bank,Electronics,Phuket,Marketplace,23,349,8027,0,4.7
2025-01-30,Laptop Bag,Bags,Pattaya,In-Store,18,299,5382,0,4.6
2025-10-26,Keyboard Cover,Accessories,Bangkok,In-Store,18,1590,28620,1,4.1
2025-11-16,Phone Stand,Accessories,Pattaya,Online,26,99,2574,0,3.4
2025-10-27,Screen Protector,Accessories,Phuket,Marketplace,14,890,12460,1,3.6
2025-09-26,Phone Stand,Accessories,Khon Kaen,Online,32,1590,50880,3,3.6
2025-03-04,Power Bank,Electronics,Pattaya,Marketplace,20,1590,31800,1,3.2
2025-11-16,Laptop Bag,Bags,Chiang Mai,Online,1,1290,1290,0,4.3
2025-11-23,Laptop Bag,Bags,Bangkok,Online,32,199,6368,0,4.7
2025-06-28,iPhone Case,Accessories,Chiang Mai,Marketplace,14,299,4186,1,3.3
2025-10-17,Keyboard Cover,Accessories,Khon Kaen,Marketplace,17,1590,27030,1,3.9
2025-05-12,Power Bank,Electronics,Khon Kaen,Marketplace,5,349,1745,1,3.2
2025-08-19,Screen Protector,Accessories,Khon Kaen,Online,6,199,1194,0,3.8
2025-08-11,iPhone Case,Accessories,Chiang Mai,Online,18,890,16020,1,3.8
2025-02-13,Screen Protector,Accessories,Pattaya,In-Store,2,299,598,0,5.0
2025-03-14,Wireless Charger,Electronics,Khon Kaen,Marketplace,17,299,5083,0,4.4
2025-06-07,Phone Stand,Accessories,Phuket,Online,1,149,149,0,4.1
2025-10-25,Screen Protector,Accessories,Phuket,Online,5,199,995,0,4.2
2025-12-08,Phone Stand,Accessories,Chiang Mai,Online,25,149,3725,0,3.4
2025-06-02,iPhone Case,Accessories,Pattaya,In-Store,25,199,4975,0,4.1
2025-12-27,Mouse Pad,Accessories,Bangkok,Online,3,349,1047,1,4.0
2025-07-26,Mouse Pad,Accessories,Bangkok,Marketplace,23,149,3427,0,4.5
2025-12-09,Phone Stand,Accessories,Phuket,Online,13,349,4537,0,4.2
2025-06-15,Wireless Charger,Electronics,Chiang Mai,Online,5,149,745,0,4.7
2025-06-16,Wireless Charger,Electronics,Bangkok,In-Store,18,890,16020,0,4.9
2025-07-09,Wireless Charger,Electronics,Pattaya,Marketplace,48,199,9552,0,4.9
2025-08-07,Wireless Charger,Electronics,Phuket,In-Store,46,299,13754,3,4.2
2025-10-04,Laptop Bag,Bags,Bangkok,Online,45,1590,71550,0,3.1
2025-06-25,Power Bank,Electronics,Chiang Mai,Online,13,890,11570,0,4.6
2025-01-26,USB-C Cable,Accessories,Bangkok,Online,17,1590,27030,1,4.2
2025-10-01,Laptop Bag,Bags,Chiang Mai,Online,4,599,2396,1,3.4
2025-08-14,Power Bank,Electronics,Chiang Mai,Online,29,890,25810,0,4.4
2025-10-18,Screen Protector,Accessories,Phuket,Online,8,149,1192,0,4.4
2025-04-15,Power Bank,Electronics,Phuket,Online,11,199,2189,1,4.9
2025-09-15,Phone Stand,Accessories,Pattaya,Online,21,1590,33390,1,3.3
2025-09-10,iPhone Case,Accessories,Bangkok,In-Store,10,99,990,1,3.2
2025-05-26,Keyboard Cover,Accessories,Pattaya,In-Store,26,1590,41340,0,4.9
2025-03-29,iPhone Case,Accessories,Chiang Mai,Online,39,149,5811,2,4.1
2025-03-23,Wireless Charger,Electronics,Khon Kaen,Online,29,890,25810,2,3.2
2025-02-11,Phone Stand,Accessories,Pattaya,In-Store,42,890,37380,3,4.0
2025-12-09,Bluetooth Earbuds,Electronics,Phuket,Marketplace,1,149,149,1,4.5
2025-02-17,Power Bank,Electronics,Bangkok,Online,49,199,9751,1,4.8
2025-10-11,Phone Stand,Accessories,Pattaya,Online,18,149,2682,0,3.4
2025-04-11,Wireless Charger,Electronics,Phuket,In-Store,12,299,3588,0,3.9
2025-05-27,Screen Protector,Accessories,Phuket,Online,1,1290,1290,0,4.3
2025-01-15,Laptop Bag,Bags,Phuket,Marketplace,16,1590,25440,1,3.3
2025-03-10,Power Bank,Electronics,Chiang Mai,Marketplace,6,149,894,1,4.7
2025-11-01,iPhone Case,Accessories,Phuket,Online,33,199,6567,1,4.3
2025-10-30,Bluetooth Earbuds,Electronics,Phuket,In-Store,32,349,11168,1,3.4
2025-12-22,Power Bank,Electronics,Bangkok,Online,48,1290,61920,1,4.4
2025-08-06,Laptop Bag,Bags,Pattaya,In-Store,9,149,1341,0,4.9
2025-06-14,Wireless Charger,Electronics,Phuket,Online,11,1590,17490,1,3.2
2025-06-10,Wireless Charger,Electronics,Bangkok,Online,26,890,23140,0,4.9
2025-01-15,Mouse Pad,Accessories,Pattaya,In-Store,37,99,3663,2,4.9
2025-11-10,iPhone Case,Accessories,Phuket,In-Store,43,1290,55470,1,4.5
2025-01-13,USB-C Cable,Accessories,Bangkok,Marketplace,5,890,4450,0,4.3
2025-01-17,Power Bank,Electronics,Phuket,Online,34,149,5066,1,4.5
2025-07-26,Bluetooth Earbuds,Electronics,Khon Kaen,In-Store,46,1290,59340,3,4.1
2025-01-17,Wireless Charger,Electronics,Phuket,In-Store,18,1290,23220,0,4.5
2025-04-18,Wireless Charger,Electronics,Phuket,In-Store,10,99,990,1,4.5
2025-11-18,USB-C Cable,Accessories,Chiang Mai,Marketplace,10,599,5990,1,4.1
2025-06-13,Mouse Pad,Accessories,Bangkok,Online,28,599,16772,0,4.8
2025-04-11,iPhone Case,Accessories,Chiang Mai,Marketplace,28,599,16772,2,3.2
2025-06-05,Mouse Pad,Accessories,Pattaya,Online,29,199,5771,2,3.6
2025-05-23,Phone Stand,Accessories,Bangkok,In-Store,39,1290,50310,1,4.0
2025-07-10,Keyboard Cover,Accessories,Khon Kaen,Marketplace,26,299,7774,1,4.5
2025-07-26,Keyboard Cover,Accessories,Chiang Mai,In-Store,14,1290,18060,1,4.4
2025-08-30,Keyboard Cover,Accessories,Khon Kaen,In-Store,50,1590,79500,0,4.9
2025-01-21,Laptop Bag,Bags,Chiang Mai,Online,23,349,8027,2,4.8
2025-08-12,USB-C Cable,Accessories,Bangkok,Marketplace,4,599,2396,0,3.6
2025-04-15,USB-C Cable,Accessories,Phuket,Online,22,890,19580,1,3.3
2025-02-03,Wireless Charger,Electronics,Khon Kaen,Marketplace,18,890,16020,1,3.8
2025-09-20,Wireless Charger,Electronics,Chiang Mai,Marketplace,14,299,4186,0,3.7
2025-10-31,Laptop Bag,Bags,Phuket,Marketplace,21,599,12579,2,3.8
2025-12-08,Wireless Charger,Electronics,Bangkok,Marketplace,35,349,12215,0,5.0
2025-11-26,Phone Stand,Accessories,Phuket,Online,32,99,3168,1,4.4
2025-10-22,Power Bank,Electronics,Khon Kaen,Marketplace,3,1590,4770,0,4.0
2025-04-26,iPhone Case,Accessories,Bangkok,Marketplace,38,890,33820,2,4.7
2025-09-27,Power Bank,Electronics,Chiang Mai,Online,11,599,6589,1,4.4
2025-11-09,Phone Stand,Accessories,Chiang Mai,Online,3,1590,4770,0,3.7
2025-02-18,Wireless Charger,Electronics,Phuket,Online,49,599,29351,2,4.5
2025-05-31,Bluetooth Earbuds,Electronics,Chiang Mai,Online,46,1290,59340,1,3.5
2025-12-09,iPhone Case,Accessories,Phuket,Marketplace,30,890,26700,0,4.7
2025-06-11,Screen Protector,Accessories,Khon Kaen,Online,24,890,21360,2,3.1
2025-11-13,Bluetooth Earbuds,Electronics,Pattaya,In-Store,9,299,2691,1,3.0
2025-04-29,Screen Protector,Accessories,Bangkok,In-Store,4,299,1196,1,3.6
2025-10-09,USB-C Cable,Accessories,Bangkok,In-Store,21,1590,33390,0,4.2
2025-06-14,Keyboard Cover,Accessories,Bangkok,Online,15,99,1485,1,3.1
2025-09-15,Screen Protector,Accessories,Phuket,Online,40,599,23960,2,4.0
2025-10-27,Power Bank,Electronics,Bangkok,Online,38,1290,49020,0,3.3
2025-06-10,Mouse Pad,Accessories,Phuket,Marketplace,8,1590,12720,0,4.9
2025-01-20,Phone Stand,Accessories,Phuket,In-Store,49,199,9751,4,3.8
2025-09-26,Bluetooth Earbuds,Electronics,Chiang Mai,In-Store,34,349,11866,0,4.4
2025-01-15,iPhone Case,Accessories,Chiang Mai,In-Store,20,1590,31800,0,3.3
2025-04-05,Mouse Pad,Accessories,Khon Kaen,Online,14,890,12460,1,3.5
2025-01-26,Laptop Bag,Bags,Chiang Mai,Marketplace,50,890,44500,4,3.8
2025-02-12,Laptop Bag,Bags,Phuket,Marketplace,9,299,2691,1,4.4
2025-04-06,Bluetooth Earbuds,Electronics,Phuket,Online,10,149,1490,1,3.1
2025-05-13,USB-C Cable,Accessories,Chiang Mai,In-Store,38,1590,60420,2,4.1
2025-01-04,Wireless Charger,Electronics,Khon Kaen,Online,34,149,5066,0,3.1
2025-10-26,Wireless Charger,Electronics,Chiang Mai,Online,9,599,5391,1,4.0
2025-01-01,iPhone Case,Accessories,Khon Kaen,Marketplace,32,890,28480,0,3.7
2025-02-14,Phone Stand,Accessories,Bangkok,Marketplace,4,199,796,1,3.1
2025-02-14,Keyboard Cover,Accessories,Phuket,Online,36,1290,46440,1,3.1
2025-06-30,USB-C Cable,Accessories,Pattaya,Marketplace,19,149,2831,0,4.9
2025-10-17,Laptop Bag,Bags,Khon Kaen,Online,7,199,1393,0,4.1
2025-07-31,iPhone Case,Accessories,Bangkok,Marketplace,15,1290,19350,0,3.8
2025-04-08,USB-C Cable,Accessories,Khon Kaen,Online,2,299,598,0,3.5
2025-02-19,Keyboard Cover,Accessories,Khon Kaen,In-Store,11,149,1639,1,3.1
2025-08-10,Wireless Charger,Electronics,Pattaya,In-Store,29,890,25810,0,3.9
2025-07-21,Power Bank,Electronics,Bangkok,Online,32,890,28480,3,4.6
2025-12-16,Wireless Charger,Electronics,Phuket,Online,29,1290,37410,0,3.4
2025-01-31,Keyboard Cover,Accessories,Phuket,Marketplace,47,1290,60630,0,3.8
2025-09-10,Screen Protector,Accessories,Bangkok,Marketplace,7,1590,11130,0,4.8
2025-12-06,Screen Protector,Accessories,Chiang Mai,Marketplace,35,299,10465,3,3.3
2025-06-24,USB-C Cable,Accessories,Bangkok,Online,4,349,1396,1,3.0
2025-08-18,Mouse Pad,Accessories,Khon Kaen,Online,20,1290,25800,1,4.8
2025-05-28,Mouse Pad,Accessories,Phuket,Marketplace,19,99,1881,0,4.3
2025-05-31,Phone Stand,Accessories,Phuket,Online,14,890,12460,1,3.3
2025-03-16,Keyboard Cover,Accessories,Bangkok,Marketplace,16,99,1584,1,3.2
2025-05-15,Mouse Pad,Accessories,Khon Kaen,Marketplace,16,99,1584,0,4.7
2025-02-05,Mouse Pad,Accessories,Phuket,Online,2,1590,3180,0,4.8
2025-09-20,Screen Protector,Accessories,Khon Kaen,Online,25,1290,32250,1,4.4
2025-12-22,Laptop Bag,Bags,Pattaya,Online,8,149,1192,1,3.8
2025-12-25,Bluetooth Earbuds,Electronics,Pattaya,Marketplace,33,1590,52470,3,3.9
2025-03-31,USB-C Cable,Accessories,Khon Kaen,Online,8,890,7120,0,3.4
2025-10-10,Screen Protector,Accessories,Bangkok,Online,14,299,4186,1,3.8
2025-11-01,Bluetooth Earbuds,Electronics,Pattaya,Online,24,1290,30960,2,3.5
2025-07-10,USB-C Cable,Accessories,Khon Kaen,In-Store,38,890,33820,1,3.1
2025-01-08,Wireless Charger,Electronics,Chiang Mai,Online,6,890,5340,0,4.9
2025-08-17,Bluetooth Earbuds,Electronics,Khon Kaen,In-Store,11,890,9790,0,4.1
2025-10-27,iPhone Case,Accessories,Bangkok,In-Store,18,299,5382,1,3.9
2025-07-29,Mouse Pad,Accessories,Khon Kaen,Online,25,349,8725,2,4.1
2025-09-30,Power Bank,Electronics,Chiang Mai,Online,37,99,3663,3,3.4
2025-05-08,USB-C Cable,Accessories,Pattaya,Online,48,299,14352,3,3.7
2025-02-26,Screen Protector,Accessories,Khon Kaen,Marketplace,50,199,9950,2,3.5
2025-10-28,Bluetooth Earbuds,Electronics,Chiang Mai,Marketplace,45,199,8955,1,3.6
2025-09-28,Power Bank,Electronics,Pattaya,Online,41,99,4059,4,4.6
2025-11-26,Bluetooth Earbuds,Electronics,Khon Kaen,Marketplace,2,99,198,1,4.2
2025-03-12,iPhone Case,Accessories,Chiang Mai,Marketplace,12,99,1188,0,3.7
2025-12-04,Bluetooth Earbuds,Electronics,Bangkok,Online,22,1590,34980,1,4.2
2025-05-15,Screen Protector,Accessories,Phuket,In-Store,44,349,15356,3,3.8
2025-05-05,USB-C Cable,Accessories,Chiang Mai,In-Store,19,299,5681,1,4.7
2025-08-27,iPhone Case,Accessories,Chiang Mai,Marketplace,30,99,2970,0,4.7
2025-09-06,Power Bank,Electronics,Bangkok,In-Store,16,1590,25440,0,3.3
2025-06-03,Wireless Charger,Electronics,Khon Kaen,Marketplace,18,1290,23220,0,3.3
2025-08-15,Power Bank,Electronics,Chiang Mai,In-Store,37,199,7363,0,3.1
2025-02-12,USB-C Cable,Accessories,Khon Kaen,In-Store,2,99,198,0,4.0
2025-09-08,Mouse Pad,Accessories,Bangkok,Online,47,349,16403,2,4.7
2025-07-07,Power Bank,Electronics,Chiang Mai,Marketplace,20,1290,25800,2,4.1
2025-11-28,USB-C Cable,Accessories,Khon Kaen,Marketplace,25,299,7475,2,4.1
2025-09-24,Phone Stand,Accessories,Chiang Mai,In-Store,30,1590,47700,3,4.5
2025-07-29,Wireless Charger,Electronics,Khon Kaen,Marketplace,11,149,1639,1,3.9
2025-07-11,Laptop Bag,Bags,Pattaya,Marketplace,50,349,17450,5,4.6
2025-11-17,iPhone Case,Accessories,Pattaya,Marketplace,43,1590,68370,4,3.9
2025-01-18,Screen Protector,Accessories,Chiang Mai,Online,11,349,3839,0,3.1
2025-07-07,iPhone Case,Accessories,Chiang Mai,Online,31,299,9269,3,3.2
2025-08-19,Wireless Charger,Electronics,Pattaya,In-Store,36,890,32040,2,4.7
2025-04-16,iPhone Case,Accessories,Khon Kaen,In-Store,38,890,33820,0,4.6
2025-02-05,Mouse Pad,Accessories,Bangkok,Online,42,99,4158,0,3.1
2025-04-20,Screen Protector,Accessories,Chiang Mai,In-Store,17,299,5083,0,3.9
2025-03-01,Wireless Charger,Electronics,Bangkok,Online,29,890,25810,0,4.8
2025-02-09,Bluetooth Earbuds,Electronics,Chiang Mai,Marketplace,23,149,3427,1,3.4
2025-09-12,Mouse Pad,Accessories,Bangkok,In-Store,14,349,4886,1,4.2
2025-11-24,Power Bank,Electronics,Phuket,Marketplace,43,199,8557,4,5.0
2025-07-02,Keyboard Cover,Accessories,Phuket,Online,23,890,20470,0,4.2
2025-11-06,Laptop Bag,Bags,Chiang Mai,Marketplace,36,599,21564,1,3.7
2025-09-16,iPhone Case,Accessories,Chiang Mai,Marketplace,6,99,594,0,4.7
2025-03-30,Screen Protector,Accessories,Chiang Mai,Online,44,99,4356,3,3.6
2025-02-26,Bluetooth Earbuds,Electronics,Bangkok,Online,47,1590,74730,0,3.8
2025-07-31,Screen Protector,Accessories,Pattaya,Marketplace,13,599,7787,1,3.0
2025-08-04,USB-C Cable,Accessories,Bangkok,Online,40,890,35600,1,4.1
2025-12-01,Screen Protector,Accessories,Pattaya,Online,26,99,2574,0,5.0
2025-07-24,Laptop Bag,Bags,Chiang Mai,Online,5,599,2995,1,3.2
2025-01-05,USB-C Cable,Accessories,Bangkok,Online,26,1590,41340,1,4.7
2025-04-15,Keyboard Cover,Accessories,Phuket,Marketplace,20,199,3980,1,4.9
2025-11-03,Mouse Pad,Accessories,Bangkok,Online,27,299,8073,0,3.5
2025-08-10,iPhone Case,Accessories,Khon Kaen,In-Store,37,99,3663,3,3.9
2025-01-10,USB-C Cable,Accessories,Chiang Mai,In-Store,17,299,5083,0,4.0
2025-03-13,Bluetooth Earbuds,Electronics,Phuket,Marketplace,40,349,13960,3,3.6
2025-06-04,Keyboard Cover,Accessories,Khon Kaen,Online,13,1590,20670,1,3.6
2025-01-14,Power Bank,Electronics,Khon Kaen,Marketplace,5,599,2995,0,3.9
2025-04-17,Keyboard Cover,Accessories,Bangkok,Online,46,1290,59340,2,3.2
2025-04-16,Wireless Charger,Electronics,Phuket,Marketplace,8,599,4792,1,4.4
2025-09-08,Laptop Bag,Bags,Bangkok,Marketplace,47,199,9353,1,4.0
2025-11-02,Wireless Charger,Electronics,Bangkok,Online,15,299,4485,1,3.8
2025-05-20,Laptop Bag,Bags,Phuket,In-Store,50,890,44500,5,4.1
2025-08-12,iPhone Case,Accessories,Bangkok,In-Store,16,149,2384,0,4.5
2025-02-01,USB-C Cable,Accessories,Khon Kaen,Online,21,599,12579,2,4.5
2025-11-06,Mouse Pad,Accessories,Bangkok,In-Store,29,349,10121,1,4.3
2025-05-07,Screen Protector,Accessories,Phuket,Online,40,1590,63600,0,3.3
2025-04-08,Bluetooth Earbuds,Electronics,Bangkok,Online,35,890,31150,2,4.0
2025-07-07,Bluetooth Earbuds,Electronics,Pattaya,In-Store,31,299,9269,2,3.4
2025-02-21,iPhone Case,Accessories,Phuket,Online,18,99,1782,0,3.4
2025-10-23,Laptop Bag,Bags,Pattaya,Online,1,99,99,1,3.1
2025-11-10,Mouse Pad,Accessories,Khon Kaen,Online,50,199,9950,2,4.7
2025-07-17,Wireless Charger,Electronics,Bangkok,In-Store,25,1290,32250,1,3.1
2025-09-12,Mouse Pad,Accessories,Phuket,In-Store,33,349,11517,3,3.7
2025-07-12,Mouse Pad,Accessories,Chiang Mai,In-Store,43,299,12857,0,3.1
2025-07-03,Wireless Charger,Electronics,Chiang Mai,In-Store,12,1290,15480,0,4.4
2025-12-27,Keyboard Cover,Accessories,Bangkok,In-Store,19,199,3781,1,3.1
2025-01-09,USB-C Cable,Accessories,Bangkok,Marketplace,3,599,1797,1,3.6
2025-05-27,USB-C Cable,Accessories,Phuket,Marketplace,50,149,7450,3,4.5
2025-10-28,Keyboard Cover,Accessories,Bangkok,In-Store,43,299,12857,4,3.4
2025-05-16,Laptop Bag,Bags,Phuket,Online,45,599,26955,1,3.5
2025-04-27,Laptop Bag,Bags,Bangkok,Marketplace,32,1290,41280,0,3.2
2025-09-02,Phone Stand,Accessories,Phuket,In-Store,37,890,32930,2,4.3
2025-11-20,Keyboard Cover,Accessories,Pattaya,In-Store,49,299,14651,3,3.7
2025-07-16,Laptop Bag,Bags,Bangkok,Marketplace,40,99,3960,3,4.6
2025-02-02,Laptop Bag,Bags,Khon Kaen,Online,47,99,4653,4,4.4
2025-08-19,Screen Protector,Accessories,Pattaya,Online,7,890,6230,1,4.8
2025-08-04,Laptop Bag,Bags,Khon Kaen,Online,33,299,9867,3,4.5
2025-09-03,Wireless Charger,Electronics,Chiang Mai,Marketplace,36,1290,46440,1,4.9
2025-12-20,iPhone Case,Accessories,Khon Kaen,In-Store,17,99,1683,1,3.5
2025-03-08,Keyboard Cover,Accessories,Chiang Mai,Marketplace,34,99,3366,0,4.7
2025-11-21,Power Bank,Electronics,Pattaya,Marketplace,20,599,11980,0,4.7
2025-03-08,Phone Stand,Accessories,Bangkok,Marketplace,39,1290,50310,0,3.4
2025-09-11,Screen Protector,Accessories,Phuket,In-Store,35,299,10465,1,3.8
2025-05-06,Bluetooth Earbuds,Electronics,Phuket,In-Store,26,199,5174,0,3.3
2025-01-06,Laptop Bag,Bags,Phuket,Online,37,149,5513,0,3.1
2025-07-29,Mouse Pad,Accessories,Khon Kaen,Marketplace,25,1290,32250,0,4.5
2025-10-25,Wireless Charger,Electronics,Khon Kaen,In-Store,38,890,33820,0,4.0
2025-10-22,iPhone Case,Accessories,Chiang Mai,Marketplace,34,349,11866,0,3.2
2025-09-06,Wireless Charger,Electronics,Chiang Mai,In-Store,47,299,14053,3,5.0
2025-10-25,Laptop Bag,Bags,Chiang Mai,In-Store,13,890,11570,0,5.0
2025-09-07,Laptop Bag,Bags,Phuket,Online,21,99,2079,1,3.5
2025-06-08,USB-C Cable,Accessories,Phuket,In-Store,49,299,14651,1,5.0
2025-02-02,USB-C Cable,Accessories,Phuket,Online,19,349,6631,1,4.5
2025-02-19,Wireless Charger,Electronics,Phuket,In-Store,5,299,1495,1,4.7
2025-11-03,Keyboard Cover,Accessories,Phuket,Marketplace,17,599,10183,1,4.2
2025-06-07,Screen Protector,Accessories,Khon Kaen,Marketplace,7,299,2093,0,4.8
2025-09-13,Screen Protector,Accessories,Khon Kaen,Marketplace,29,599,17371,2,3.4
2025-11-06,Keyboard Cover,Accessories,Bangkok,Online,7,299,2093,0,3.0
2025-08-25,Laptop Bag,Bags,Phuket,Online,34,199,6766,0,4.3
2025-11-26,Keyboard Cover,Accessories,Chiang Mai,Marketplace,38,599,22762,1,3.6
2025-03-15,Power Bank,Electronics,Phuket,In-Store,8,299,2392,1,3.7
2025-12-21,Screen Protector,Accessories,Khon Kaen,Online,29,99,2871,1,3.5
2025-02-14,Mouse Pad,Accessories,Chiang Mai,In-Store,11,349,3839,1,4.6
2025-07-27,iPhone Case,Accessories,Phuket,In-Store,22,149,3278,0,3.5
2025-05-16,Laptop Bag,Bags,Khon Kaen,Online,45,149,6705,2,4.2
2025-07-20,iPhone Case,Accessories,Phuket,Online,45,199,8955,3,4.9
2025-02-02,Screen Protector,Accessories,Bangkok,In-Store,20,349,6980,1,4.1
2025-02-15,Wireless Charger,Electronics,Chiang Mai,Marketplace,21,890,18690,2,3.5
2025-10-30,Screen Protector,Accessories,Pattaya,In-Store,18,299,5382,0,4.1
2025-06-13,USB-C Cable,Accessories,Chiang Mai,Online,43,349,15007,0,3.4
2025-08-10,Wireless Charger,Electronics,Bangkok,Marketplace,11,1290,14190,1,4.0
2025-08-03,Wireless Charger,Electronics,Bangkok,In-Store,39,599,23361,0,3.2
2025-12-23,Phone Stand,Accessories,Phuket,Marketplace,49,890,43610,0,4.5
2025-08-20,Power Bank,Electronics,Chiang Mai,Online,19,599,11381,1,3.6
2025-03-15,Bluetooth Earbuds,Electronics,Chiang Mai,Marketplace,22,149,3278,2,3.3
2025-02-16,Bluetooth Earbuds,Electronics,Bangkok,In-Store,43,599,25757,1,4.2
2025-09-23,Phone Stand,Accessories,Khon Kaen,Online,24,1590,38160,1,3.7
2025-08-26,Keyboard Cover,Accessories,Phuket,In-Store,16,349,5584,1,4.6
2025-02-02,Screen Protector,Accessories,Bangkok,Marketplace,18,199,3582,1,4.9
2025-01-07,Phone Stand,Accessories,Bangkok,Online,26,149,3874,1,4.0
2025-09-19,iPhone Case,Accessories,Chiang Mai,In-Store,6,599,3594,1,3.5
2025-01-20,Screen Protector,Accessories,Phuket,Marketplace,3,599,1797,0,4.8
2025-07-08,iPhone Case,Accessories,Phuket,Marketplace,13,149,1937,1,4.6
2025-05-11,Bluetooth Earbuds,Electronics,Khon Kaen,Online,13,1590,20670,1,3.7
2025-12-12,Laptop Bag,Bags,Bangkok,In-Store,1,1590,1590,1,4.4
2025-03-07,Laptop Bag,Bags,Phuket,In-Store,4,1590,6360,0,3.7
2025-05-01,Bluetooth Earbuds,Electronics,Phuket,In-Store,21,299,6279,1,3.2
2025-07-23,USB-C Cable,Accessories,Bangkok,Online,5,99,495,1,4.6
2025-05-15,Keyboard Cover,Accessories,Pattaya,Marketplace,37,599,22163,2,3.9
2025-06-19,Power Bank,Electronics,Phuket,In-Store,29,99,2871,2,4.4
2025-06-04,Mouse Pad,Accessories,Phuket,Marketplace,9,1590,14310,1,3.5
2025-02-08,Keyboard Cover,Accessories,Khon Kaen,Marketplace,13,99,1287,0,3.6
2025-06-02,Wireless Charger,Electronics,Phuket,Online,21,1290,27090,1,4.2
2025-03-14,Laptop Bag,Bags,Bangkok,Online,15,149,2235,0,3.5
2025-05-24,Laptop Bag,Bags,Chiang Mai,Marketplace,40,1590,63600,3,4.9
2025-11-11,Wireless Charger,Electronics,Phuket,In-Store,39,890,34710,2,3.6
2025-08-21,Bluetooth Earbuds,Electronics,Bangkok,Marketplace,44,349,15356,3,3.1
2025-07-25,Phone Stand,Accessories,Bangkok,Online,22,99,2178,0,3.3
2025-01-09,Keyboard Cover,Accessories,Pattaya,Marketplace,16,599,9584,1,3.1
2025-04-23,Laptop Bag,Bags,Phuket,Online,14,199,2786,1,3.6
2025-12-25,USB-C Cable,Accessories,Pattaya,Marketplace,27,299,8073,2,3.2
2025-06-01,Keyboard Cover,Accessories,Pattaya,In-Store,48,149,7152,2,3.7
2025-08-27,Bluetooth Earbuds,Electronics,Chiang Mai,Marketplace,47,1590,74730,4,4.0
2025-08-05,Laptop Bag,Bags,Pattaya,Marketplace,44,599,26356,2,3.6
2025-05-17,Phone Stand,Accessories,Bangkok,Online,8,199,1592,1,4.0
2025-05-04,Wireless Charger,Electronics,Khon Kaen,Online,47,299,14053,1,4.0
2025-09-24,Mouse Pad,Accessories,Chiang Mai,Marketplace,17,1590,27030,1,4.6
2025-12-05,USB-C Cable,Accessories,Phuket,In-Store,31,349,10819,0,4.0
2025-05-08,Keyboard Cover,Accessories,Chiang Mai,Online,45,890,40050,2,3.1
2025-09-23,Screen Protector,Accessories,Phuket,Marketplace,3,149,447,0,3.6
2025-05-12,Wireless Charger,Electronics,Bangkok,Online,11,1290,14190,0,4.7
2025-05-10,Bluetooth Earbuds,Electronics,Chiang Mai,Online,6,890,5340,1,3.0
2025-12-25,Power Bank,Electronics,Chiang Mai,In-Store,29,299,8671,2,3.9
2025-11-18,Power Bank,Electronics,Bangkok,Marketplace,48,149,7152,4,3.5
2025-12-24,iPhone Case,Accessories,Khon Kaen,In-Store,31,199,6169,0,3.4
2025-09-10,Screen Protector,Accessories,Phuket,Marketplace,27,1290,34830,0,3.8
2025-06-28,Mouse Pad,Accessories,Phuket,In-Store,29,199,5771,1,4.6
2025-10-29,Wireless Charger,Electronics,Pattaya,Marketplace,8,199,1592,1,3.4
2025-10-05,Phone Stand,Accessories,Chiang Mai,In-Store,48,349,16752,1,4.9
2025-07-01,Mouse Pad,Accessories,Khon Kaen,In-Store,8,299,2392,0,4.7
2025-06-08,Screen Protector,Accessories,Chiang Mai,Marketplace,10,99,990,0,3.7
2025-10-09,USB-C Cable,Accessories,Khon Kaen,Marketplace,22,149,3278,0,4.7
2025-05-24,USB-C Cable,Accessories,Pattaya,Online,23,199,4577,2,4.5
2025-11-06,Keyboard Cover,Accessories,Bangkok,Online,29,1290,37410,2,4.8
2025-05-12,iPhone Case,Accessories,Bangkok,Marketplace,1,299,299,0,4.7
2025-09-16,Screen Protector,Accessories,Khon Kaen,Online,36,890,32040,0,4.7
2025-04-09,iPhone Case,Accessories,Chiang Mai,Online,12,199,2388,1,4.7
2025-09-24,Bluetooth Earbuds,Electronics,Chiang Mai,Marketplace,12,99,1188,1,4.1
2025-08-25,iPhone Case,Accessories,Chiang Mai,Marketplace,20,599,11980,0,3.8
2025-11-18,Phone Stand,Accessories,Bangkok,Marketplace,43,99,4257,1,3.2
2025-09-29,iPhone Case,Accessories,Chiang Mai,Marketplace,44,599,26356,0,4.1
2025-08-10,Bluetooth Earbuds,Electronics,Khon Kaen,Online,26,890,23140,0,4.6
2025-09-19,USB-C Cable,Accessories,Phuket,Online,1,1290,1290,1,3.3
2025-12-21,Screen Protector,Accessories,Pattaya,Marketplace,19,890,16910,0,3.4
2025-10-29,USB-C Cable,Accessories,Bangkok,Online,6,890,5340,1,3.3
2025-03-17,iPhone Case,Accessories,Pattaya,Marketplace,12,299,3588,0,4.9
2025-11-13,Power Bank,Electronics,Chiang Mai,Online,29,199,5771,2,3.9
2025-06-08,Keyboard Cover,Accessories,Chiang Mai,Online,7,299,2093,1,3.2
2025-05-03,Power Bank,Electronics,Bangkok,Marketplace,43,890,38270,3,4.3
2025-08-18,USB-C Cable,Accessories,Pattaya,In-Store,40,99,3960,3,3.4
2025-12-23,USB-C Cable,Accessories,Pattaya,Online,24,1590,38160,0,4.5
2025-05-28,Keyboard Cover,Accessories,Khon Kaen,Online,11,199,2189,0,3.2
2025-06-22,Screen Protector,Accessories,Phuket,In-Store,35,1290,45150,3,3.2
2025-12-07,Keyboard Cover,Accessories,Bangkok,Online,46,599,27554,3,4.4
2025-01-22,Bluetooth Earbuds,Electronics,Khon Kaen,Marketplace,19,349,6631,0,4.6
2025-02-08,Screen Protector,Accessories,Chiang Mai,Marketplace,7,199,1393,1,4.4
2025-12-19,Laptop Bag,Bags,Chiang Mai,In-Store,13,149,1937,0,4.0
2025-05-12,iPhone Case,Accessories,Khon Kaen,Marketplace,34,99,3366,2,3.7
2025-12-17,Phone Stand,Accessories,Phuket,In-Store,35,349,12215,3,3.8
2025-10-26,Bluetooth Earbuds,Electronics,Pattaya,Online,27,890,24030,1,3.9
2025-01-04,Bluetooth Earbuds,Electronics,Pattaya,In-Store,6,1590,9540,1,3.3
2025-04-26,Laptop Bag,Bags,Pattaya,Online,45,1590,71550,4,3.5
2025-08-13,Screen Protector,Accessories,Pattaya,Marketplace,13,349,4537,0,3.8
2025-09-07,Screen Protector,Accessories,Phuket,In-Store,27,890,24030,1,3.8
2025-01-15,Wireless Charger,Electronics,Khon Kaen,In-Store,48,890,42720,1,5.0
2025-04-11,USB-C Cable,Accessories,Pattaya,Online,47,890,41830,3,4.8
2025-07-17,Keyboard Cover,Accessories,Khon Kaen,In-Store,48,199,9552,2,3.4
2025-09-02,Screen Protector,Accessories,Chiang Mai,In-Store,40,99,3960,3,4.0
2025-01-26,USB-C Cable,Accessories,Phuket,In-Store,15,149,2235,1,3.4
2025-04-08,Power Bank,Electronics,Pattaya,Online,38,349,13262,3,3.8
2025-01-06,Wireless Charger,Electronics,Phuket,In-Store,8,299,2392,1,3.7
2025-07-20,Phone Stand,Accessories,Pattaya,Marketplace,4,349,1396,0,3.5
2025-06-15,iPhone Case,Accessories,Bangkok,Online,44,1590,69960,4,4.2
2025-04-26,Screen Protector,Accessories,Khon Kaen,In-Store,22,1590,34980,0,3.7
2025-03-03,Bluetooth Earbuds,Electronics,Chiang Mai,Marketplace,39,1290,50310,2,4.7
2025-01-12,Power Bank,Electronics,Chiang Mai,In-Store,15,99,1485,1,4.1
2025-12-29,Screen Protector,Accessories,Phuket,In-Store,18,199,3582,0,3.3
2025-04-24,Bluetooth Earbuds,Electronics,Khon Kaen,Online,43,199,8557,1,4.4
2025-09-19,Screen Protector,Accessories,Chiang Mai,Online,14,99,1386,0,4.5
2025-01-14,Mouse Pad,Accessories,Chiang Mai,Online,31,99,3069,0,4.1
2025-12-28,Bluetooth Earbuds,Electronics,Chiang Mai,Marketplace,13,299,3887,0,4.3
2025-08-02,Phone Stand,Accessories,Pattaya,Marketplace,38,890,33820,1,3.5
2025-06-09,Keyboard Cover,Accessories,Khon Kaen,Marketplace,12,1290,15480,0,3.9
2025-09-22,Bluetooth Earbuds,Electronics,Chiang Mai,In-Store,3,599,1797,0,4.0
2025-01-12,Keyboard Cover,Accessories,Bangkok,In-Store,15,599,8985,0,4.4
2025-08-24,Phone Stand,Accessories,Phuket,Online,46,349,16054,4,4.5
2025-06-12,Laptop Bag,Bags,Bangkok,Marketplace,41,890,36490,3,4.4
2025-09-08,Keyboard Cover,Accessories,Khon Kaen,In-Store,36,99,3564,0,3.7
2025-05-02,Bluetooth Earbuds,Electronics,Bangkok,Online,31,1590,49290,2,3.7
2025-07-28,Bluetooth Earbuds,Electronics,Phuket,Marketplace,35,1290,45150,3,4.1
2025-10-07,iPhone Case,Accessories,Chiang Mai,Online,20,299,5980,0,3.8
2025-08-16,Bluetooth Earbuds,Electronics,Pattaya,Marketplace,23,890,20470,1,4.2
2025-11-03,Wireless Charger,Electronics,Pattaya,In-Store,48,1590,76320,4,3.7
2025-07-28,Power Bank,Electronics,Chiang Mai,In-Store,32,99,3168,3,3.1
2025-12-06,Laptop Bag,Bags,Pattaya,Marketplace,15,1590,23850,0,3.2
2025-08-31,Mouse Pad,Accessories,Bangkok,In-Store,38,349,13262,1,3.1
2025-01-29,Wireless Charger,Electronics,Khon Kaen,Marketplace,19,890,16910,1,4.5
2025-01-09,Bluetooth Earbuds,Electronics,Pattaya,In-Store,29,349,10121,1,3.3
2025-12-21,Keyboard Cover,Accessories,Chiang Mai,Marketplace,30,1290,38700,0,3.5
2025-01-05,Power Bank,Electronics,Khon Kaen,In-Store,18,149,2682,0,3.0
2025-11-05,Power Bank,Electronics,Chiang Mai,Marketplace,30,149,4470,1,3.8
2025-04-19,Mouse Pad,Accessories,Bangkok,Online,8,99,792,1,3.1
2025-08-07,iPhone Case,Accessories,Bangkok,In-Store,43,890,38270,1,3.1
2025-11-23,Phone Stand,Accessories,Bangkok,Online,42,599,25158,2,3.8
2025-04-23,Wireless Charger,Electronics,Chiang Mai,Marketplace,20,349,6980,0,4.0
2025-07-03,Power Bank,Electronics,Phuket,In-Store,43,199,8557,3,3.8
2025-04-09,iPhone Case,Accessories,Pattaya,Online,14,1590,22260,0,4.1
2025-12-08,Laptop Bag,Bags,Chiang Mai,In-Store,41,1290,52890,3,3.2
2025-03-13,iPhone Case,Accessories,Pattaya,Online,21,890,18690,0,4.4
2025-12-03,Power Bank,Electronics,Chiang Mai,Online,16,1290,20640,1,4.0
2025-03-20,iPhone Case,Accessories,Phuket,Marketplace,9,199,1791,1,3.2
2025-07-20,USB-C Cable,Accessories,Bangkok,Marketplace,4,149,596,1,3.3
2025-02-08,Phone Stand,Accessories,Khon Kaen,Online,39,299,11661,2,3.3
2025-03-05,Mouse Pad,Accessories,Phuket,In-Store,29,1290,37410,1,3.7
2025-01-01,Keyboard Cover,Accessories,Khon Kaen,Marketplace,48,299,14352,4,4.7
2025-12-20,USB-C Cable,Accessories,Khon Kaen,Marketplace,22,199,4378,2,4.0
2025-05-09,Screen Protector,Accessories,Phuket,In-Store,12,890,10680,1,3.6
2025-09-23,Laptop Bag,Bags,Phuket,Marketplace,1,599,599,1,3.1
2025-05-23,Screen Protector,Accessories,Khon Kaen,In-Store,32,99,3168,3,4.1
2025-01-11,Wireless Charger,Electronics,Phuket,In-Store,15,1290,19350,1,4.9
2025-06-04,Screen Protector,Accessories,Pattaya,Online,15,149,2235,0,5.0
2025-08-22,Mouse Pad,Accessories,Pattaya,In-Store,10,890,8900,0,4.1
2025-05-03,Bluetooth Earbuds,Electronics,Phuket,Marketplace,11,1590,17490,1,3.4
2025-11-27,Wireless Charger,Electronics,Pattaya,In-Store,8,1590,12720,1,4.5
2025-04-12,Keyboard Cover,Accessories,Chiang Mai,Online,27,199,5373,1,4.8
2025-08-04,Laptop Bag,Bags,Khon Kaen,In-Store,44,99,4356,4,3.5
2025-03-24,Bluetooth Earbuds,Electronics,Phuket,In-Store,9,599,5391,1,4.7
2025-11-16,Mouse Pad,Accessories,Chiang Mai,Online,41,1290,52890,1,4.3
2025-09-26,Laptop Bag,Bags,Chiang Mai,Online,16,299,4784,1,4.2
2025-02-06,iPhone Case,Accessories,Phuket,In-Store,19,1290,24510,1,5.0
2025-01-22,Laptop Bag,Bags,Phuket,Marketplace,2,199,398,0,3.8
2025-03-13,Mouse Pad,Accessories,Khon Kaen,Online,6,1290,7740,1,4.3
2025-12-18,Wireless Charger,Electronics,Bangkok,Marketplace,40,890,35600,4,3.1
2025-08-30,Mouse Pad,Accessories,Khon Kaen,In-Store,18,349,6282,1,4.3
2025-09-16,iPhone Case,Accessories,Chiang Mai,Marketplace,32,890,28480,3,3.4
2025-06-25,Keyboard Cover,Accessories,Bangkok,Marketplace,2,1290,2580,0,3.4
2025-11-17,Keyboard Cover,Accessories,Phuket,Online,32,99,3168,3,3.4
2025-06-10,iPhone Case,Accessories,Pattaya,In-Store,48,299,14352,2,4.2
2025-03-15,Screen Protector,Accessories,Khon Kaen,Online,3,1590,4770,0,4.5
2025-03-20,Bluetooth Earbuds,Electronics,Bangkok,In-Store,14,1290,18060,1,3.8
2025-10-15,iPhone Case,Accessories,Chiang Mai,In-Store,6,349,2094,0,3.0
2025-03-15,Screen Protector,Accessories,Pattaya,Marketplace,16,199,3184,1,4.8
2025-07-21,Power Bank,Electronics,Chiang Mai,In-Store,6,99,594,1,4.5
2025-11-03,Screen Protector,Accessories,Pattaya,Online,23,890,20470,2,4.1
2025-04-05,Bluetooth Earbuds,Electronics,Bangkok,In-Store,40,199,7960,3,4.3
2025-09-17,Phone Stand,Accessories,Khon Kaen,Online,12,349,4188,1,3.2
2025-02-05,Bluetooth Earbuds,Electronics,Khon Kaen,In-Store,49,890,43610,1,3.0
2025-04-14,Phone Stand,Accessories,Khon Kaen,Online,13,199,2587,1,3.1
2025-06-28,Laptop Bag,Bags,Chiang Mai,Online,5,199,995,1,4.1
2025-10-26,Screen Protector,Accessories,Bangkok,Marketplace,39,890,34710,2,4.5
2025-04-24,Laptop Bag,Bags,Bangkok,In-Store,3,149,447,0,3.3
2025-05-19,Keyboard Cover,Accessories,Khon Kaen,Online,18,1590,28620,0,3.1
2025-04-17,Wireless Charger,Electronics,Pattaya,Marketplace,43,599,25757,2,5.0
2025-10-12,Bluetooth Earbuds,Electronics,Khon Kaen,Marketplace,18,1290,23220,0,3.5
2025-10-06,Screen Protector,Accessories,Khon Kaen,In-Store,9,890,8010,1,4.5
2025-07-24,Laptop Bag,Bags,Pattaya,In-Store,15,349,5235,0,4.9
2025-12-05,Screen Protector,Accessories,Phuket,Marketplace,15,99,1485,1,4.7
2025-12-15,Power Bank,Electronics,Phuket,Online,4,99,396,0,3.5
2025-07-14,iPhone Case,Accessories,Chiang Mai,Online,42,890,37380,1,3.4
2025-04-23,USB-C Cable,Accessories,Khon Kaen,Online,38,349,13262,3,3.1
2025-04-15,Wireless Charger,Electronics,Khon Kaen,Online,10,349,3490,0,4.0
2025-05-18,Keyboard Cover,Accessories,Chiang Mai,In-Store,37,99,3663,1,4.1
2025-03-04,Power Bank,Electronics,Chiang Mai,In-Store,13,890,11570,1,4.3
2025-11-08,Keyboard Cover,Accessories,Bangkok,Online,17,1290,21930,1,4.9
2025-04-28,USB-C Cable,Accessories,Phuket,Marketplace,46,1290,59340,2,4.8
2025-02-12,Bluetooth Earbuds,Electronics,Chiang Mai,In-Store,34,149,5066,0,4.7
2025-07-23,Bluetooth Earbuds,Electronics,Bangkok,Marketplace,26,299,7774,1,3.9
2025-05-02,Screen Protector,Accessories,Phuket,In-Store,39,299,11661,2,4.1
2025-09-16,Bluetooth Earbuds,Electronics,Pattaya,Online,4,1290,5160,0,4.6
2025-11-27,Keyboard Cover,Accessories,Khon Kaen,Marketplace,14,890,12460,0,3.7
2025-04-02,Mouse Pad,Accessories,Phuket,In-Store,25,1590,39750,2,4.3
2025-07-15,iPhone Case,Accessories,Khon Kaen,Marketplace,36,349,12564,3,3.9
2025-12-31,USB-C Cable,Accessories,Phuket,Online,40,890,35600,2,3.5
2025-08-03,Laptop Bag,Bags,Pattaya,Online,10,99,990,0,5.0
2025-08-07,Mouse Pad,Accessories,Bangkok,Marketplace,39,99,3861,0,3.0
2025-04-06,Wireless Charger,Electronics,Chiang Mai,Online,11,1590,17490,0,4.7
2025-07-16,Mouse Pad,Accessories,Chiang Mai,Online,48,149,7152,0,4.6
2025-02-04,Phone Stand,Accessories,Bangkok,In-Store,17,599,10183,0,4.0
2025-06-07,Wireless Charger,Electronics,Pattaya,Online,17,199,3383,0,5.0
2025-04-05,Power Bank,Electronics,Pattaya,Online,5,1590,7950,1,3.9
2025-08-01,Screen Protector,Accessories,Khon Kaen,Online,46,349,16054,0,4.1
2025-11-18,USB-C Cable,Accessories,Phuket,Marketplace,13,599,7787,1,4.4
2025-06-20,Phone Stand,Accessories,Bangkok,Online,1,299,299,1,3.4
2025-01-02,Mouse Pad,Accessories,Pattaya,In-Store,9,199,1791,1,4.8
2025-04-22,Power Bank,Electronics,Chiang Mai,In-Store,23,1290,29670,1,4.5
2025-05-31,Power Bank,Electronics,Bangkok,Marketplace,5,890,4450,1,3.1
2025-06-30,Mouse Pad,Accessories,Chiang Mai,Marketplace,43,149,6407,2,4.5
2025-05-28,iPhone Case,Accessories,Phuket,Marketplace,38,349,13262,0,3.6
2025-10-17,Laptop Bag,Bags,Bangkok,Online,34,199,6766,1,3.5
2025-11-04,Laptop Bag,Bags,Chiang Mai,In-Store,47,1290,60630,2,4.1
2025-02-24,Keyboard Cover,Accessories,Pattaya,Marketplace,5,199,995,0,3.8
2025-10-20,Screen Protector,Accessories,Chiang Mai,Online,10,199,1990,0,3.1
2025-11-21,Keyboard Cover,Accessories,Pattaya,In-Store,39,1290,50310,2,3.3
2025-06-22,Screen Protector,Accessories,Phuket,Marketplace,27,1590,42930,2,3.2
2025-10-23,iPhone Case,Accessories,Pattaya,Online,47,149,7003,2,3.1
2025-05-27,Mouse Pad,Accessories,Bangkok,In-Store,42,599,25158,0,3.4
2025-08-07,Keyboard Cover,Accessories,Chiang Mai,Online,11,299,3289,1,3.3
2025-06-30,Mouse Pad,Accessories,Bangkok,Marketplace,34,99,3366,0,3.5
2025-06-22,Mouse Pad,Accessories,Bangkok,In-Store,37,1290,47730,3,4.8
2025-09-01,Keyboard Cover,Accessories,Chiang Mai,Marketplace,42,149,6258,2,4.3
2025-02-13,Power Bank,Electronics,Khon Kaen,In-Store,33,149,4917,2,3.7
2025-07-02,Phone Stand,Accessories,Khon Kaen,In-Store,48,1590,76320,3,3.8
2025-02-14,Mouse Pad,Accessories,Bangkok,Marketplace,44,349,15356,4,3.8
2025-08-07,USB-C Cable,Accessories,Khon Kaen,Marketplace,11,890,9790,1,4.3
2025-04-07,Laptop Bag,Bags,Khon Kaen,Online,31,299,9269,0,4.7
2025-10-25,Phone Stand,Accessories,Khon Kaen,In-Store,39,349,13611,0,3.9
2025-08-31,Mouse Pad,Accessories,Pattaya,Online,29,99,2871,1,3.8
2025-11-26,Bluetooth Earbuds,Electronics,Pattaya,Online,14,1590,22260,0,5.0
2025-12-14,Power Bank,Electronics,Chiang Mai,Marketplace,49,199,9751,4,3.6
2025-07-24,Power Bank,Electronics,Khon Kaen,In-Store,50,1590,79500,4,4.5
2025-04-16,Mouse Pad,Accessories,Phuket,Online,7,199,1393,0,4.7
2025-03-07,iPhone Case,Accessories,Khon Kaen,In-Store,37,349,12913,3,4.9
2025-06-29,Power Bank,Electronics,Pattaya,Online,44,149,6556,3,3.2
2025-10-31,Power Bank,Electronics,Khon Kaen,In-Store,36,99,3564,3,4.9
2025-08-11,iPhone Case,Accessories,Phuket,In-Store,30,349,10470,1,4.5
2025-10-11,Laptop Bag,Bags,Khon Kaen,In-Store,40,99,3960,3,3.3
2025-07-22,USB-C Cable,Accessories,Khon Kaen,Marketplace,46,99,4554,2,4.7
2025-01-03,iPhone Case,Accessories,Phuket,Online,29,890,25810,1,4.9
2025-06-29,Phone Stand,Accessories,Phuket,Online,9,299,2691,0,3.7
2025-09-08,Phone Stand,Accessories,Pattaya,Online,29,890,25810,2,4.6
2025-11-18,Keyboard Cover,Accessories,Bangkok,Marketplace,43,1290,55470,3,4.3
2025-12-31,Screen Protector,Accessories,Khon Kaen,Marketplace,9,1590,14310,0,3.2
2025-08-01,Power Bank,Electronics,Khon Kaen,Online,31,1590,49290,3,3.4
2025-07-23,Mouse Pad,Accessories,Phuket,Marketplace,19,1290,24510,0,3.3
2025-05-18,iPhone Case,Accessories,Khon Kaen,Online,38,890,33820,2,4.2
2025-01-18,Mouse Pad,Accessories,Chiang Mai,Marketplace,21,1590,33390,0,4.3
2025-05-22,Keyboard Cover,Accessories,Phuket,Online,31,99,3069,3,3.5
2025-03-02,Laptop Bag,Bags,Chiang Mai,In-Store,45,149,6705,3,3.1
2025-10-24,Screen Protector,Accessories,Khon Kaen,In-Store,36,299,10764,2,4.8
2025-11-30,Laptop Bag,Bags,Phuket,In-Store,41,149,6109,4,3.1
2025-01-12,Wireless Charger,Electronics,Pattaya,Online,3,890,2670,0,3.7
2025-04-15,Bluetooth Earbuds,Electronics,Phuket,Online,44,199,8756,3,4.1
2025-06-19,Laptop Bag,Bags,Khon Kaen,Marketplace,13,890,11570,1,4.5
2025-07-24,Phone Stand,Accessories,Chiang Mai,Online,45,1590,71550,1,3.9
2025-10-05,Keyboard Cover,Accessories,Pattaya,In-Store,39,99,3861,2,5.0
2025-11-02,Screen Protector,Accessories,Khon Kaen,Online,15,599,8985,0,4.0
2025-06-23,Screen Protector,Accessories,Chiang Mai,Marketplace,26,149,3874,0,4.1
2025-07-06,Bluetooth Earbuds,Electronics,Phuket,Marketplace,10,599,5990,1,4.4
2025-02-25,Phone Stand,Accessories,Chiang Mai,Online,28,149,4172,0,3.8
2025-04-14,Laptop Bag,Bags,Chiang Mai,Online,28,599,16772,2,4.3
2025-10-15,Laptop Bag,Bags,Pattaya,In-Store,28,149,4172,2,4.1
2025-09-01,iPhone Case,Accessories,Bangkok,Marketplace,41,199,8159,1,3.1
2025-08-29,Wireless Charger,Electronics,Chiang Mai,Online,23,890,20470,2,4.3
2025-06-11,Power Bank,Electronics,Khon Kaen,In-Store,41,599,24559,1,3.8
2025-06-08,Screen Protector,Accessories,Bangkok,In-Store,33,99,3267,3,4.3
2025-09-24,USB-C Cable,Accessories,Bangkok,Online,12,199,2388,0,3.3
2025-07-06,iPhone Case,Accessories,Bangkok,In-Store,42,299,12558,3,3.5
2025-12-03,USB-C Cable,Accessories,Bangkok,Marketplace,22,349,7678,0,4.5
2025-10-29,Laptop Bag,Bags,Pattaya,In-Store,4,1290,5160,1,3.5
2025-07-28,iPhone Case,Accessories,Bangkok,Online,12,1290,15480,0,3.6
2025-06-14,Keyboard Cover,Accessories,Pattaya,In-Store,11,349,3839,1,4.8
2025-11-19,Mouse Pad,Accessories,Phuket,In-Store,14,1590,22260,1,3.1
2025-08-19,iPhone Case,Accessories,Pattaya,Marketplace,9,1590,14310,1,4.7
2025-11-10,Laptop Bag,Bags,Phuket,In-Store,47,1590,74730,1,4.0
2025-08-29,Wireless Charger,Electronics,Bangkok,Online,48,349,16752,4,4.2
2025-12-30,Mouse Pad,Accessories,Bangkok,Marketplace,9,1290,11610,1,3.8
2025-03-16,Mouse Pad,Accessories,Pattaya,Marketplace,23,599,13777,1,3.2
2025-01-06,Power Bank,Electronics,Bangkok,Marketplace,34,199,6766,3,4.9
2025-01-27,Wireless Charger,Electronics,Phuket,Marketplace,27,199,5373,2,3.7
2025-02-17,USB-C Cable,Accessories,Pattaya,Marketplace,1,199,199,0,3.1
2025-03-24,Power Bank,Electronics,Bangkok,Online,43,149,6407,1,4.2
2025-10-29,Power Bank,Electronics,Phuket,Marketplace,40,890,35600,0,3.2
2025-02-04,Mouse Pad,Accessories,Phuket,Online,22,349,7678,2,4.5
2025-07-11,Laptop Bag,Bags,Khon Kaen,Online,48,299,14352,4,3.1
2025-11-11,Power Bank,Electronics,Phuket,Online,8,99,792,0,3.2
2025-03-15,Screen Protector,Accessories,Chiang Mai,Online,8,349,2792,1,3.6
2025-09-03,Keyboard Cover,Accessories,Khon Kaen,Online,16,1590,25440,1,3.9
2025-03-21,USB-C Cable,Accessories,Khon Kaen,In-Store,25,349,8725,2,3.1
2025-07-08,Wireless Charger,Electronics,Khon Kaen,Online,34,890,30260,0,4.1
2025-08-23,Laptop Bag,Bags,Chiang Mai,Marketplace,40,349,13960,2,3.3
2025-07-28,Bluetooth Earbuds,Electronics,Bangkok,Marketplace,7,199,1393,0,5.0
2025-05-29,Mouse Pad,Accessories,Chiang Mai,Marketplace,2,599,1198,0,3.9
2025-10-10,USB-C Cable,Accessories,Phuket,Online,36,99,3564,1,4.6
2025-08-17,Laptop Bag,Bags,Khon Kaen,Online,10,599,5990,1,3.0
2025-01-03,Keyboard Cover,Accessories,Phuket,Marketplace,15,599,8985,1,4.7
2025-03-10,Power Bank,Electronics,Bangkok,Marketplace,31,299,9269,1,4.7
2025-11-17,USB-C Cable,Accessories,Phuket,Marketplace,40,99,3960,4,3.8
2025-02-12,Phone Stand,Accessories,Khon Kaen,In-Store,19,1290,24510,0,3.3
2025-08-01,USB-C Cable,Accessories,Phuket,In-Store,22,890,19580,1,3.6
2025-01-04,Wireless Charger,Electronics,Bangkok,Online,22,1290,28380,2,4.5
2025-04-08,Mouse Pad,Accessories,Pattaya,In-Store,33,599,19767,0,4.1
2025-12-14,Phone Stand,Accessories,Chiang Mai,Online,48,99,4752,2,5.0
2025-08-03,Laptop Bag,Bags,Bangkok,In-Store,15,349,5235,0,4.8
2025-12-18,Screen Protector,Accessories,Pattaya,Marketplace,19,1290,24510,0,4.6
2025-04-18,Phone Stand,Accessories,Phuket,Marketplace,25,599,14975,1,4.1
2025-10-15,Mouse Pad,Accessories,Khon Kaen,Marketplace,26,149,3874,0,4.7
2025-12-03,iPhone Case,Accessories,Phuket,Online,25,599,14975,2,4.1
2025-09-21,Phone Stand,Accessories,Pattaya,In-Store,7,299,2093,1,4.0
2025-04-26,USB-C Cable,Accessories,Bangkok,In-Store,6,349,2094,1,4.7
2025-08-12,Phone Stand,Accessories,Phuket,Online,13,199,2587,1,4.7
2025-09-12,Keyboard Cover,Accessories,Bangkok,In-Store,23,890,20470,0,3.2
2025-12-27,Screen Protector,Accessories,Khon Kaen,Marketplace,23,1290,29670,0,4.5
2025-11-12,Mouse Pad,Accessories,Bangkok,Online,33,1290,42570,1,3.8
2025-07-25,Keyboard Cover,Accessories,Bangkok,Online,40,299,11960,0,3.1
2025-12-14,iPhone Case,Accessories,Phuket,In-Store,20,199,3980,2,4.3
2025-12-05,Keyboard Cover,Accessories,Chiang Mai,Marketplace,28,299,8372,0,3.7
2025-12-30,Phone Stand,Accessories,Bangkok,Marketplace,25,149,3725,0,4.3
2025-01-06,Mouse Pad,Accessories,Phuket,Online,28,599,16772,2,3.5
2025-03-26,Mouse Pad,Accessories,Pattaya,Marketplace,34,1290,43860,3,4.4
2025-12-21,Phone Stand,Accessories,Phuket,In-Store,3,1590,4770,1,4.6
2025-04-25,USB-C Cable,Accessories,Chiang Mai,Online,33,349,11517,0,4.9
2025-07-07,Wireless Charger,Electronics,Bangkok,In-Store,20,299,5980,0,4.9
2025-01-02,Power Bank,Electronics,Chiang Mai,Marketplace,4,199,796,0,4.8
2025-01-08,Power Bank,Electronics,Chiang Mai,Marketplace,15,149,2235,0,4.1
2025-05-10,Wireless Charger,Electronics,Bangkok,Marketplace,45,890,40050,4,4.7
2025-03-24,Mouse Pad,Accessories,Pattaya,In-Store,10,1290,12900,0,3.1
2025-10-01,iPhone Case,Accessories,Bangkok,Marketplace,22,149,3278,0,4.1
2025-11-21,USB-C Cable,Accessories,Pattaya,In-Store,20,1590,31800,0,4.3
2025-09-03,Phone Stand,Accessories,Phuket,Online,8,149,1192,0,4.4
2025-10-26,Laptop Bag,Bags,Phuket,Online,25,299,7475,2,3.5
2025-12-25,iPhone Case,Accessories,Pattaya,Online,25,349,8725,0,4.0
2025-08-19,Phone Stand,Accessories,Bangkok,Marketplace,36,1590,57240,1,3.4
2025-06-07,Power Bank,Electronics,Chiang Mai,In-Store,25,99,2475,2,4.0
2025-01-11,Phone Stand,Accessories,Phuket,Marketplace,46,1290,59340,0,4.2
2025-09-02,Screen Protector,Accessories,Pattaya,In-Store,47,299,14053,4,3.3
2025-01-21,Keyboard Cover,Accessories,Khon Kaen,In-Store,9,890,8010,0,3.2
2025-05-07,Phone Stand,Accessories,Bangkok,In-Store,15,349,5235,0,4.9
2025-01-01,Keyboard Cover,Accessories,Phuket,Online,19,299,5681,1,3.2
2025-01-26,Bluetooth Earbuds,Electronics,Chiang Mai,Online,31,149,4619,1,4.3
2025-06-25,Laptop Bag,Bags,Khon Kaen,Marketplace,15,299,4485,1,4.8
2025-01-17,Screen Protector,Accessories,Pattaya,Online,22,99,2178,2,3.4
2025-03-21,Phone Stand,Accessories,Khon Kaen,Marketplace,20,349,6980,2,4.9
2025-06-03,iPhone Case,Accessories,Bangkok,Marketplace,13,599,7787,1,4.4
2025-11-03,Phone Stand,Accessories,Pattaya,Marketplace,49,149,7301,3,4.9
2025-04-28,Screen Protector,Accessories,Pattaya,Marketplace,44,199,8756,4,3.6
2025-11-12,Keyboard Cover,Accessories,Pattaya,Online,37,99,3663,0,4.4
2025-01-20,Bluetooth Earbuds,Electronics,Khon Kaen,Online,47,349,16403,1,4.0
2025-06-07,Laptop Bag,Bags,Chiang Mai,Marketplace,40,349,13960,4,4.9
2025-06-16,Bluetooth Earbuds,Electronics,Khon Kaen,Marketplace,9,99,891,1,3.1
2025-06-27,Phone Stand,Accessories,Phuket,Online,31,1290,39990,3,3.9
2025-10-28,Laptop Bag,Bags,Khon Kaen,Online,43,1290,55470,4,3.3
2025-09-22,Keyboard Cover,Accessories,Pattaya,Online,39,1590,62010,3,3.0
2025-10-09,Power Bank,Electronics,Khon Kaen,Online,24,99,2376,0,3.6
2025-05-31,Laptop Bag,Bags,Phuket,In-Store,36,1290,46440,0,4.6
2025-07-26,Power Bank,Electronics,Chiang Mai,Marketplace,11,1290,14190,1,4.6
2025-08-03,Bluetooth Earbuds,Electronics,Khon Kaen,Marketplace,31,599,18569,2,4.1
2025-10-05,Keyboard Cover,Accessories,Khon Kaen,Online,32,199,6368,3,4.4
2025-01-01,Wireless Charger,Electronics,Phuket,Marketplace,39,149,5811,1,3.5
2025-02-08,Bluetooth Earbuds,Electronics,Khon Kaen,In-Store,37,890,32930,1,4.1
2025-12-20,Phone Stand,Accessories,Khon Kaen,Marketplace,47,149,7003,1,3.7
2025-01-29,Power Bank,Electronics,Pattaya,Marketplace,14,599,8386,0,4.5
2025-05-06,Screen Protector,Accessories,Khon Kaen,In-Store,35,1290,45150,0,3.1
2025-01-30,Wireless Charger,Electronics,Bangkok,Marketplace,42,149,6258,3,4.7
2025-10-05,Laptop Bag,Bags,Bangkok,Marketplace,10,1590,15900,0,4.1
2025-04-18,Wireless Charger,Electronics,Bangkok,Marketplace,18,199,3582,0,4.7
2025-03-20,Phone Stand,Accessories,Phuket,Online,32,99,3168,0,4.2
2025-08-12,Power Bank,Electronics,Chiang Mai,Marketplace,42,299,12558,4,4.0
2025-09-01,Wireless Charger,Electronics,Phuket,In-Store,23,890,20470,2,3.1
2025-01-25,Phone Stand,Accessories,Pattaya,Online,15,1590,23850,0,3.9
2025-11-09,Phone Stand,Accessories,Bangkok,Online,45,1590,71550,2,3.9
2025-06-07,Mouse Pad,Accessories,Bangkok,Online,49,99,4851,2,3.9
2025-08-01,Screen Protector,Accessories,Khon Kaen,Online,33,890,29370,0,4.5
2025-02-07,Screen Protector,Accessories,Khon Kaen,Marketplace,9,99,891,0,3.4
2025-02-16,USB-C Cable,Accessories,Khon Kaen,Marketplace,23,199,4577,1,4.3
2025-01-20,Mouse Pad,Accessories,Bangkok,Marketplace,17,1590,27030,0,3.1
2025-05-15,Power Bank,Electronics,Khon Kaen,In-Store,22,99,2178,0,3.4
2025-10-19,USB-C Cable,Accessories,Chiang Mai,Online,20,1290,25800,2,4.5
2025-01-26,Power Bank,Electronics,Chiang Mai,In-Store,27,99,2673,0,4.4
2025-10-27,USB-C Cable,Accessories,Bangkok,Marketplace,46,149,6854,2,4.1
2025-02-27,iPhone Case,Accessories,Chiang Mai,In-Store,49,1590,77910,3,3.7
2025-04-18,Wireless Charger,Electronics,Chiang Mai,In-Store,10,1590,15900,1,3.4
2025-09-09,Laptop Bag,Bags,Khon Kaen,Marketplace,13,890,11570,1,4.8
2025-11-10,iPhone Case,Accessories,Pattaya,Marketplace,45,299,13455,4,3.7
2025-08-13,Screen Protector,Accessories,Chiang Mai,Online,14,199,2786,0,4.7
2025-11-06,Power Bank,Electronics,Phuket,Marketplace,9,149,1341,1,4.2
2025-08-18,Bluetooth Earbuds,Electronics,Pattaya,Online,38,349,13262,3,4.3
2025-07-14,Screen Protector,Accessories,Pattaya,Marketplace,5,99,495,0,4.4
2025-10-28,Laptop Bag,Bags,Bangkok,Marketplace,29,1290,37410,0,3.3
2025-09-27,Laptop Bag,Bags,Chiang Mai,Online,40,890,35600,2,4.7
2025-02-16,USB-C Cable,Accessories,Chiang Mai,Online,46,1590,73140,2,4.3
2025-06-18,Bluetooth Earbuds,Electronics,Khon Kaen,In-Store,47,299,14053,0,4.0
2025-04-12,Phone Stand,Accessories,Khon Kaen,In-Store,39,1590,62010,0,4.4
2025-09-27,Screen Protector,Accessories,Chiang Mai,In-Store,10,599,5990,1,4.0
2025-04-26,Bluetooth Earbuds,Electronics,Chiang Mai,Online,32,890,28480,0,3.1
2025-05-28,Screen Protector,Accessories,Khon Kaen,In-Store,11,199,2189,1,4.3
2025-07-24,Power Bank,Electronics,Chiang Mai,Marketplace,9,349,3141,1,3.0
2025-11-21,Phone Stand,Accessories,Bangkok,Marketplace,42,349,14658,2,3.7
2025-03-01,Mouse Pad,Accessories,Phuket,Online,15,149,2235,0,3.6
2025-07-23,USB-C Cable,Accessories,Chiang Mai,Marketplace,48,349,16752,0,4.8
2025-12-11,Laptop Bag,Bags,Phuket,Marketplace,48,99,4752,4,3.1
2025-02-24,Screen Protector,Accessories,Pattaya,Online,46,199,9154,4,5.0
2025-01-18,Power Bank,Electronics,Chiang Mai,Online,12,99,1188,0,4.1
2025-04-22,Screen Protector,Accessories,Phuket,Online,27,99,2673,0,3.4
2025-01-22,Power Bank,Electronics,Chiang Mai,Marketplace,48,1590,76320,2,3.5
2025-01-06,Bluetooth Earbuds,Electronics,Chiang Mai,Online,50,299,14950,4,3.1
2025-03-11,Mouse Pad,Accessories,Pattaya,In-Store,24,299,7176,2,3.6
2025-12-09,Power Bank,Electronics,Chiang Mai,In-Store,13,99,1287,0,4.2
2025-02-04,Phone Stand,Accessories,Chiang Mai,Marketplace,33,299,9867,3,4.7
2025-05-10,Laptop Bag,Bags,Pattaya,In-Store,42,199,8358,0,4.6
2025-05-06,Phone Stand,Accessories,Khon Kaen,In-Store,34,199,6766,1,3.3
2025-05-10,USB-C Cable,Accessories,Chiang Mai,In-Store,36,299,10764,2,3.9
2025-01-06,Mouse Pad,Accessories,Pattaya,Marketplace,40,299,11960,4,4.6
2025-04-23,Keyboard Cover,Accessories,Bangkok,Online,27,599,16173,0,4.8
2025-03-03,Mouse Pad,Accessories,Pattaya,Online,49,1290,63210,4,5.0
2025-04-05,iPhone Case,Accessories,Phuket,Marketplace,42,890,37380,1,4.4
2025-01-02,Mouse Pad,Accessories,Phuket,In-Store,15,99,1485,0,4.4
2025-01-01,Wireless Charger,Electronics,Khon Kaen,Marketplace,45,99,4455,3,4.3
2025-03-05,Wireless Charger,Electronics,Chiang Mai,Online,9,890,8010,1,4.5
2025-06-12,Phone Stand,Accessories,Khon Kaen,Marketplace,6,349,2094,1,3.2
2025-03-06,Bluetooth Earbuds,Electronics,Pattaya,Marketplace,10,149,1490,1,3.1
2025-03-01,Phone Stand,Accessories,Pattaya,In-Store,23,299,6877,0,5.0
2025-07-23,Phone Stand,Accessories,Bangkok,Online,47,299,14053,1,4.0
2025-03-24,Mouse Pad,Accessories,Bangkok,Online,20,99,1980,2,4.3
2025-01-05,Screen Protector,Accessories,Bangkok,Marketplace,29,149,4321,1,4.3
2025-07-19,Wireless Charger,Electronics,Chiang Mai,Online,47,1590,74730,2,4.8
2025-05-13,Laptop Bag,Bags,Pattaya,Online,49,299,14651,2,3.5
2025-06-17,iPhone Case,Accessories,Bangkok,In-Store,11,1290,14190,1,4.3
2025-10-26,Keyboard Cover,Accessories,Khon Kaen,Marketplace,30,149,4470,3,3.7
2025-06-26,Mouse Pad,Accessories,Bangkok,In-Store,22,1590,34980,2,4.8
2025-07-01,Phone Stand,Accessories,Pattaya,Online,17,199,3383,1,4.7
2025-01-24,Laptop Bag,Bags,Pattaya,Marketplace,22,149,3278,1,4.1
2025-08-29,Wireless Charger,Electronics,Phuket,Marketplace,46,599,27554,1,3.2
2025-11-21,iPhone Case,Accessories,Bangkok,In-Store,30,299,8970,3,3.6
2025-08-22,USB-C Cable,Accessories,Khon Kaen,Marketplace,30,199,5970,0,4.0
2025-09-26,Power Bank,Electronics,Khon Kaen,Online,33,1290,42570,0,3.8
2025-11-22,Wireless Charger,Electronics,Bangkok,Marketplace,26,599,15574,2,3.9
2025-09-01,USB-C Cable,Accessories,Khon Kaen,In-Store,1,1290,1290,0,4.3
2025-10-14,iPhone Case,Accessories,Pattaya,In-Store,47,890,41830,1,3.6
2025-05-30,Keyboard Cover,Accessories,Bangkok,Marketplace,3,599,1797,1,4.3
2025-01-22,Bluetooth Earbuds,Electronics,Chiang Mai,In-Store,46,99,4554,4,4.8
2025-01-17,Bluetooth Earbuds,Electronics,Bangkok,Online,27,1290,34830,0,4.3
2025-01-25,Bluetooth Earbuds,Electronics,Chiang Mai,In-Store,22,199,4378,2,4.9
2025-12-07,Power Bank,Electronics,Bangkok,In-Store,42,149,6258,1,3.5
2025-02-22,Phone Stand,Accessories,Phuket,Marketplace,20,890,17800,0,3.9
2025-02-21,Power Bank,Electronics,Bangkok,In-Store,37,599,22163,0,4.6
2025-08-26,Bluetooth Earbuds,Electronics,Pattaya,In-Store,7,1290,9030,1,3.8
2025-03-24,Power Bank,Electronics,Chiang Mai,In-Store,37,299,11063,1,4.2
2025-01-19,Power Bank,Electronics,Bangkok,In-Store,36,599,21564,3,4.4
2025-04-24,Power Bank,Electronics,Khon Kaen,Online,5,599,2995,0,5.0
2025-11-21,Power Bank,Electronics,Phuket,Online,42,99,4158,1,3.2
2025-02-23,Keyboard Cover,Accessories,Chiang Mai,In-Store,18,599,10782,1,3.8
2025-11-13,Laptop Bag,Bags,Khon Kaen,Marketplace,8,890,7120,0,4.9
2025-11-28,Bluetooth Earbuds,Electronics,Phuket,Online,35,199,6965,1,3.2
2025-02-15,Phone Stand,Accessories,Phuket,Online,48,99,4752,1,4.3
2025-09-22,Bluetooth Earbuds,Electronics,Chiang Mai,In-Store,28,149,4172,2,3.5
2025-03-14,Phone Stand,Accessories,Chiang Mai,Marketplace,39,149,5811,3,4.0
2025-12-07,Keyboard Cover,Accessories,Pattaya,In-Store,45,349,15705,0,4.5
2025-08-27,Wireless Charger,Electronics,Phuket,Online,13,599,7787,1,3.5
2025-07-26,Keyboard Cover,Accessories,Khon Kaen,Marketplace,7,890,6230,1,3.8
2025-10-17,Screen Protector,Accessories,Khon Kaen,Marketplace,35,1290,45150,1,4.5
2025-07-13,Bluetooth Earbuds,Electronics,Phuket,In-Store,24,299,7176,0,4.9
2025-09-11,iPhone Case,Accessories,Chiang Mai,Online,2,299,598,0,3.5
2025-03-01,Screen Protector,Accessories,Pattaya,In-Store,7,299,2093,1,4.8
2025-02-12,Power Bank,Electronics,Chiang Mai,In-Store,23,199,4577,0,3.2
2025-10-22,Mouse Pad,Accessories,Chiang Mai,Online,12,1590,19080,0,4.5
2025-04-02,Keyboard Cover,Accessories,Khon Kaen,In-Store,2,299,598,0,5.0
2025-03-10,USB-C Cable,Accessories,Phuket,Online,21,149,3129,2,4.8
2025-11-18,Wireless Charger,Electronics,Chiang Mai,In-Store,13,890,11570,0,3.9
2025-06-14,Keyboard Cover,Accessories,Bangkok,Online,42,299,12558,3,4.2
2025-08-16,Bluetooth Earbuds,Electronics,Bangkok,Online,9,149,1341,1,4.1
2025-12-11,Power Bank,Electronics,Bangkok,Online,21,1290,27090,1,3.6
2025-09-17,Power Bank,Electronics,Chiang Mai,In-Store,39,1290,50310,0,4.6
2025-06-11,Laptop Bag,Bags,Pattaya,Marketplace,39,99,3861,3,4.9
2025-01-13,Laptop Bag,Bags,Chiang Mai,In-Store,6,349,2094,0,4.9
2025-12-10,Mouse Pad,Accessories,Bangkok,Marketplace,43,599,25757,1,4.9
2025-05-09,Bluetooth Earbuds,Electronics,Phuket,Marketplace,1,299,299,0,4.3
2025-08-23,Screen Protector,Accessories,Bangkok,Online,37,890,32930,3,3.8
2025-06-30,USB-C Cable,Accessories,Pattaya,Marketplace,24,599,14376,2,3.6
2025-11-26,Screen Protector,Accessories,Pattaya,Online,19,149,2831,0,3.3
2025-05-25,Screen Protector,Accessories,Pattaya,Marketplace,22,599,13178,0,3.1
2025-11-21,Screen Protector,Accessories,Phuket,Marketplace,12,299,3588,1,4.2
2025-07-24,USB-C Cable,Accessories,Pattaya,Marketplace,12,1290,15480,1,3.1
2025-11-11,Mouse Pad,Accessories,Phuket,In-Store,28,299,8372,2,3.9
2025-09-03,Keyboard Cover,Accessories,Phuket,Online,6,149,894,1,3.5
2025-02-28,iPhone Case,Accessories,Khon Kaen,In-Store,28,299,8372,1,3.2
2025-01-16,Power Bank,Electronics,Phuket,Marketplace,30,599,17970,0,4.8
2025-12-15,Bluetooth Earbuds,Electronics,Phuket,Online,38,299,11362,1,4.1
2025-11-01,Mouse Pad,Accessories,Phuket,Marketplace,47,299,14053,0,3.9
2025-09-19,Screen Protector,Accessories,Pattaya,Marketplace,46,199,9154,3,4.9
2025-04-27,Laptop Bag,Bags,Khon Kaen,Marketplace,1,599,599,0,3.1
2025-10-13,Bluetooth Earbuds,Electronics,Khon Kaen,Online,32,599,19168,2,3.5
2025-07-09,Power Bank,Electronics,Phuket,Online,47,1590,74730,4,4.3
2025-07-06,Wireless Charger,Electronics,Chiang Mai,In-Store,1,299,299,1,4.6
2025-05-22,Screen Protector,Accessories,Khon Kaen,In-Store,28,349,9772,1,4.6
2025-05-19,Phone Stand,Accessories,Chiang Mai,Online,3,1590,4770,1,4.9
2025-07-11,Mouse Pad,Accessories,Chiang Mai,Marketplace,16,890,14240,1,4.3
2025-03-02,Laptop Bag,Bags,Khon Kaen,In-Store,4,299,1196,0,5.0
2025-05-20,Wireless Charger,Electronics,Khon Kaen,Online,6,149,894,0,4.5
2025-06-26,Keyboard Cover,Accessories,Phuket,In-Store,27,99,2673,2,4.9
2025-05-31,Phone Stand,Accessories,Chiang Mai,In-Store,9,349,3141,0,4.9
2025-11-13,iPhone Case,Accessories,Phuket,Online,1,599,599,1,3.2
2025-04-02,Wireless Charger,Electronics,Chiang Mai,In-Store,13,1590,20670,1,4.3
2025-05-04,Bluetooth Earbuds,Electronics,Phuket,Online,6,299,1794,0,4.6
2025-02-02,Keyboard Cover,Accessories,Khon Kaen,Online,5,99,495,0,4.0
2025-05-05,Power Bank,Electronics,Khon Kaen,Online,42,199,8358,3,4.5
2025-06-12,Mouse Pad,Accessories,Bangkok,Online,48,299,14352,0,3.4
2025-07-07,iPhone Case,Accessories,Khon Kaen,Online,28,99,2772,1,3.5
2025-08-13,Mouse Pad,Accessories,Khon Kaen,In-Store,1,890,890,0,4.2
2025-11-22,Bluetooth Earbuds,Electronics,Pattaya,Online,4,149,596,1,4.0
2025-07-07,USB-C Cable,Accessories,Phuket,Marketplace,28,599,16772,0,4.5
2025-03-19,Laptop Bag,Bags,Bangkok,Online,24,99,2376,1,4.7
2025-04-30,USB-C Cable,Accessories,Bangkok,Marketplace,10,349,3490,1,4.7
2025-08-23,Phone Stand,Accessories,Pattaya,Online,40,149,5960,4,3.5
2025-01-14,Bluetooth Earbuds,Electronics,Khon Kaen,Marketplace,6,1290,7740,1,4.5
2025-08-27,iPhone Case,Accessories,Chiang Mai,In-Store,22,349,7678,1,4.9
2025-01-25,USB-C Cable,Accessories,Khon Kaen,In-Store,39,349,13611,1,3.8
2025-03-09,Bluetooth Earbuds,Electronics,Bangkok,In-Store,28,890,24920,1,3.6
2025-01-21,Wireless Charger,Electronics,Chiang Mai,In-Store,18,299,5382,0,4.6
2025-07-29,Screen Protector,Accessories,Chiang Mai,Online,11,299,3289,0,3.3
2025-07-22,Mouse Pad,Accessories,Pattaya,Marketplace,47,890,41830,3,4.1
2025-02-18,Power Bank,Electronics,Khon Kaen,In-Store,13,1590,20670,0,3.1
2025-04-27,Keyboard Cover,Accessories,Bangkok,Online,13,299,3887,0,3.8
2025-06-05,Mouse Pad,Accessories,Pattaya,In-Store,16,1290,20640,1,4.6
2025-01-15,Phone Stand,Accessories,Pattaya,In-Store,20,1590,31800,1,4.6
2025-11-09,Wireless Charger,Electronics,Pattaya,Online,1,890,890,1,4.9
2025-09-21,Keyboard Cover,Accessories,Chiang Mai,In-Store,39,1590,62010,1,3.8
2025-10-13,Bluetooth Earbuds,Electronics,Bangkok,Marketplace,2,149,298,1,4.9
2025-02-07,Screen Protector,Accessories,Chiang Mai,In-Store,42,299,12558,3,4.1
2025-07-25,Screen Protector,Accessories,Khon Kaen,Marketplace,34,1290,43860,0,4.3
2025-01-17,Screen Protector,Accessories,Phuket,Marketplace,44,1590,69960,4,4.6
2025-09-04,Bluetooth Earbuds,Electronics,Pattaya,Marketplace,1,99,99,0,4.1
2025-10-21,Phone Stand,Accessories,Phuket,Marketplace,2,890,1780,1,5.0
2025-06-17,iPhone Case,Accessories,Bangkok,Online,37,890,32930,2,4.8
2025-08-23,Keyboard Cover,Accessories,Bangkok,Online,43,599,25757,2,4.8
2025-05-31,Laptop Bag,Bags,Bangkok,Marketplace,45,599,26955,1,3.5
2025-11-20,Bluetooth Earbuds,Electronics,Bangkok,In-Store,23,349,8027,1,3.1
2025-05-08,Mouse Pad,Accessories,Chiang Mai,In-Store,22,890,19580,0,3.7
2025-01-21,Phone Stand,Accessories,Pattaya,In-Store,16,299,4784,0,4.0
2025-02-09,Laptop Bag,Bags,Khon Kaen,Online,39,349,13611,2,4.4
2025-03-10,Bluetooth Earbuds,Electronics,Phuket,Marketplace,20,1590,31800,0,3.2
2025-05-23,Laptop Bag,Bags,Phuket,In-Store,26,349,9074,0,3.1
2025-06-28,Mouse Pad,Accessories,Chiang Mai,Marketplace,50,1290,64500,2,4.2
2025-06-01,Phone Stand,Accessories,Khon Kaen,Marketplace,21,1290,27090,0,3.7
2025-01-19,Laptop Bag,Bags,Pattaya,Online,24,890,21360,1,4.0
2025-04-27,Laptop Bag,Bags,Phuket,In-Store,37,149,5513,3,3.5
2025-05-24,iPhone Case,Accessories,Khon Kaen,Online,25,349,8725,0,3.3
2025-05-26,Keyboard Cover,Accessories,Khon Kaen,Marketplace,44,299,13156,1,4.0
2025-12-08,USB-C Cable,Accessories,Phuket,Marketplace,6,890,5340,0,4.5
2025-10-24,USB-C Cable,Accessories,Chiang Mai,Online,48,199,9552,3,4.1
2025-07-18,Mouse Pad,Accessories,Pattaya,Marketplace,38,349,13262,2,4.1
2025-02-06,Phone Stand,Accessories,Chiang Mai,In-Store,34,1590,54060,0,4.0
2025-10-30,Bluetooth Earbuds,Electronics,Chiang Mai,Marketplace,6,1290,7740,0,4.5
2025-03-22,Keyboard Cover,Accessories,Pattaya,Online,16,149,2384,0,4.7
2025-01-30,Power Bank,Electronics,Bangkok,In-Store,4,99,396,1,3.7
2025-06-04,iPhone Case,Accessories,Pattaya,In-Store,27,149,4023,2,4.2
2025-05-02,Mouse Pad,Accessories,Chiang Mai,Online,21,299,6279,1,3.4
2025-10-28,Laptop Bag,Bags,Khon Kaen,Marketplace,31,349,10819,3,3.5
2025-04-21,iPhone Case,Accessories,Phuket,In-Store,26,299,7774,2,4.7
2025-04-13,Screen Protector,Accessories,Pattaya,Marketplace,10,1290,12900,0,4.1
2025-07-26,USB-C Cable,Accessories,Chiang Mai,Marketplace,7,1290,9030,1,4.6
2025-08-22,Screen Protector,Accessories,Khon Kaen,In-Store,50,349,17450,0,4.0
2025-12-11,USB-C Cable,Accessories,Bangkok,Online,10,299,2990,0,4.5
2025-09-19,USB-C Cable,Accessories,Pattaya,In-Store,26,99,2574,1,4.0
2025-01-17,Mouse Pad,Accessories,Phuket,Online,40,890,35600,3,4.0
2025-01-24,iPhone Case,Accessories,Phuket,Online,38,99,3762,0,4.9
2025-11-05,USB-C Cable,Accessories,Phuket,Marketplace,2,599,1198,1,3.4
2025-09-30,Laptop Bag,Bags,Bangkok,Marketplace,22,1290,28380,0,4.2
2025-04-02,Screen Protector,Accessories,Chiang Mai,Marketplace,30,149,4470,3,3.8
2025-08-06,Screen Protector,Accessories,Bangkok,In-Store,48,149,7152,3,4.6
2025-05-05,Power Bank,Electronics,Pattaya,Online,19,299,5681,1,3.4
2025-10-12,Phone Stand,Accessories,Pattaya,Online,45,890,40050,4,4.6
2025-10-09,Mouse Pad,Accessories,Bangkok,Marketplace,4,349,1396,0,4.3
2025-11-19,Laptop Bag,Bags,Bangkok,Marketplace,47,299,14053,4,3.2
2025-05-23,Laptop Bag,Bags,Pattaya,Online,39,299,11661,1,4.9
2025-01-25,Mouse Pad,Accessories,Pattaya,In-Store,27,199,5373,1,4.9
2025-12-06,iPhone Case,Accessories,Pattaya,Marketplace,25,299,7475,1,3.6
2025-04-19,Phone Stand,Accessories,Chiang Mai,Online,26,99,2574,0,3.0
2025-09-26,Laptop Bag,Bags,Bangkok,In-Store,2,890,1780,1,3.7
2025-07-01,Screen Protector,Accessories,Bangkok,Marketplace,34,99,3366,0,5.0
2025-01-18,USB-C Cable,Accessories,Chiang Mai,Marketplace,12,299,3588,0,4.3
2025-10-13,iPhone Case,Accessories,Bangkok,Marketplace,26,349,9074,1,3.8
2025-06-05,Mouse Pad,Accessories,Pattaya,Marketplace,38,149,5662,3,4.8
2025-01-11,Power Bank,Electronics,Bangkok,Online,19,349,6631,0,4.0
2025-02-23,Power Bank,Electronics,Chiang Mai,Online,46,599,27554,4,3.1
2025-05-08,Wireless Charger,Electronics,Khon Kaen,In-Store,43,149,6407,0,3.9
2025-12-11,Power Bank,Electronics,Chiang Mai,In-Store,25,1290,32250,0,4.1
2025-07-28,Wireless Charger,Electronics,Pattaya,Marketplace,7,890,6230,0,4.2
2025-05-03,Power Bank,Electronics,Phuket,Online,9,349,3141,0,4.4
2025-05-24,Laptop Bag,Bags,Phuket,In-Store,48,299,14352,4,3.8
2025-02-05,Bluetooth Earbuds,Electronics,Pattaya,In-Store,40,599,23960,2,3.6
2025-01-18,Wireless Charger,Electronics,Pattaya,In-Store,38,299,11362,0,4.6
2025-01-13,Mouse Pad,Accessories,Chiang Mai,In-Store,46,99,4554,4,4.1
2025-12-03,Screen Protector,Accessories,Phuket,Marketplace,36,890,32040,1,3.1
2025-06-18,USB-C Cable,Accessories,Phuket,Marketplace,50,99,4950,3,3.0
2025-03-04,Bluetooth Earbuds,Electronics,Bangkok,In-Store,23,1590,36570,2,4.6
2025-03-20,Bluetooth Earbuds,Electronics,Bangkok,Marketplace,3,890,2670,0,4.0
2025-07-17,Keyboard Cover,Accessories,Pattaya,In-Store,29,1290,37410,0,4.2
2025-11-06,Mouse Pad,Accessories,Khon Kaen,Online,30,149,4470,0,4.0
2025-06-15,USB-C Cable,Accessories,Bangkok,Marketplace,29,99,2871,0,3.1
2025-12-13,iPhone Case,Accessories,Chiang Mai,Online,1,599,599,0,3.9
2025-04-05,Power Bank,Electronics,Phuket,Online,7,599,4193,0,4.6
2025-01-25,Laptop Bag,Bags,Chiang Mai,Marketplace,49,349,17101,1,4.7
2025-05-17,Wireless Charger,Electronics,Phuket,Online,36,349,12564,2,3.1
2025-09-20,USB-C Cable,Accessories,Khon Kaen,Online,9,1290,11610,1,4.4
2025-12-31,Laptop Bag,Bags,Bangkok,In-Store,42,99,4158,4,4.0
2025-09-18,Laptop Bag,Bags,Phuket,In-Store,14,1590,22260,1,4.8
2025-09-30,Wireless Charger,Electronics,Pattaya,Marketplace,14,1290,18060,1,3.8
2025-07-25,Keyboard Cover,Accessories,Khon Kaen,In-Store,5,890,4450,1,3.7
2025-02-06,Wireless Charger,Electronics,Chiang Mai,In-Store,18,299,5382,0,4.9
2025-11-11,Power Bank,Electronics,Phuket,Marketplace,38,149,5662,3,4.2
2025-01-17,Screen Protector,Accessories,Chiang Mai,Marketplace,5,1290,6450,1,3.8
2025-10-01,USB-C Cable,Accessories,Chiang Mai,Online,46,349,16054,3,4.2
2025-11-27,iPhone Case,Accessories,Bangkok,Online,23,149,3427,2,3.4
2025-09-29,Wireless Charger,Electronics,Pattaya,In-Store,28,199,5572,2,3.4
2025-02-02,Bluetooth Earbuds,Electronics,Khon Kaen,Marketplace,46,299,13754,2,3.9
2025-03-13,Laptop Bag,Bags,Pattaya,Online,37,149,5513,3,4.5
2025-01-02,USB-C Cable,Accessories,Pattaya,Online,39,149,5811,0,3.7
2025-02-12,Laptop Bag,Bags,Phuket,Marketplace,36,890,32040,2,4.3
2025-10-29,Laptop Bag,Bags,Khon Kaen,Online,6,349,2094,0,4.6
2025-05-06,Mouse Pad,Accessories,Khon Kaen,Marketplace,19,99,1881,1,3.3
2025-11-23,Bluetooth Earbuds,Electronics,Khon Kaen,In-Store,7,599,4193,0,3.4
2025-06-05,USB-C Cable,Accessories,Chiang Mai,In-Store,50,349,17450,3,4.8
2025-05-28,iPhone Case,Accessories,Phuket,Marketplace,3,149,447,1,3.6
2025-01-26,Wireless Charger,Electronics,Bangkok,In-Store,27,349,9423,0,3.1
2025-05-23,Power Bank,Electronics,Pattaya,Online,46,1590,73140,1,4.1
2025-02-27,Laptop Bag,Bags,Pattaya,Marketplace,15,349,5235,0,4.2
2025-06-03,Bluetooth Earbuds,Electronics,Bangkok,In-Store,35,99,3465,3,3.5
2025-03-16,USB-C Cable,Accessories,Chiang Mai,Online,46,1590,73140,0,4.7
2025-04-29,Bluetooth Earbuds,Electronics,Chiang Mai,Online,38,99,3762,0,4.2
2025-12-12,Power Bank,Electronics,Pattaya,In-Store,4,99,396,1,3.5
2025-08-29,iPhone Case,Accessories,Chiang Mai,Online,21,1290,27090,2,4.5
2025-07-30,USB-C Cable,Accessories,Bangkok,Marketplace,22,890,19580,0,5.0
2025-01-18,Wireless Charger,Electronics,Chiang Mai,Marketplace,3,1590,4770,0,3.4
2025-05-24,Mouse Pad,Accessories,Khon Kaen,Online,41,1590,65190,1,3.9
2025-10-16,Mouse Pad,Accessories,Bangkok,In-Store,32,149,4768,1,3.8
2025-07-26,iPhone Case,Accessories,Khon Kaen,In-Store,25,149,3725,0,3.1
2025-07-17,Screen Protector,Accessories,Khon Kaen,Marketplace,6,199,1194,1,4.0
2025-06-24,Power Bank,Electronics,Khon Kaen,Online,5,99,495,1,4.4
2025-09-26,Phone Stand,Accessories,Phuket,Marketplace,29,1590,46110,2,4.3
2025-06-17,Bluetooth Earbuds,Electronics,Phuket,In-Store,21,299,6279,0,4.2
2025-07-27,Screen Protector,Accessories,Khon Kaen,In-Store,32,599,19168,3,3.6
2025-04-02,Screen Protector,Accessories,Chiang Mai,Online,46,299,13754,4,4.3
2025-01-10,Phone Stand,Accessories,Chiang Mai,Marketplace,33,299,9867,1,3.0
2025-05-10,Power Bank,Electronics,Pattaya,Online,34,199,6766,1,3.9
2025-02-07,Keyboard Cover,Accessories,Chiang Mai,Online,23,299,6877,0,4.1
2025-11-10,USB-C Cable,Accessories,Khon Kaen,Online,40,1290,51600,1,4.3
2025-05-12,Wireless Charger,Electronics,Chiang Mai,Marketplace,3,349,1047,1,3.5
2025-03-20,Wireless Charger,Electronics,Phuket,In-Store,16,1290,20640,1,4.1
2025-03-27,Laptop Bag,Bags,Khon Kaen,Online,9,599,5391,0,4.2
2025-07-07,USB-C Cable,Accessories,Pattaya,Marketplace,5,149,745,1,4.8
2025-11-14,Mouse Pad,Accessories,Khon Kaen,Marketplace,37,149,5513,1,3.2
2025-11-17,Laptop Bag,Bags,Pattaya,Online,3,349,1047,0,4.1
2025-10-24,Mouse Pad,Accessories,Bangkok,Online,50,149,7450,1,3.9
2025-10-18,Wireless Charger,Electronics,Pattaya,In-Store,33,149,4917,2,3.1
2025-03-06,iPhone Case,Accessories,Phuket,Online,7,890,6230,1,3.9
2025-06-21,Power Bank,Electronics,Pattaya,Online,41,1590,65190,3,4.0
2025-10-24,Wireless Charger,Electronics,Bangkok,Online,12,599,7188,0,4.2
2025-05-07,Laptop Bag,Bags,Bangkok,In-Store,46,349,16054,1,4.5
2025-05-07,Keyboard Cover,Accessories,Chiang Mai,In-Store,8,1290,10320,0,4.8
2025-08-13,Phone Stand,Accessories,Khon Kaen,Marketplace,36,890,32040,3,4.9
2025-06-15,USB-C Cable,Accessories,Chiang Mai,In-Store,39,199,7761,3,4.8
2025-10-09,Phone Stand,Accessories,Phuket,In-Store,30,99,2970,3,3.8
2025-06-25,USB-C Cable,Accessories,Bangkok,In-Store,24,1590,38160,0,4.6
2025-08-24,Mouse Pad,Accessories,Pattaya,Online,37,1590,58830,0,3.9
2025-10-22,iPhone Case,Accessories,Phuket,Marketplace,45,349,15705,4,4.6
2025-02-08,USB-C Cable,Accessories,Bangkok,Online,1,1590,1590,0,3.8
2025-09-12,Power Bank,Electronics,Bangkok,In-Store,12,890,10680,1,3.8
2025-12-04,iPhone Case,Accessories,Bangkok,Online,29,599,17371,2,4.4
2025-01-24,Screen Protector,Accessories,Chiang Mai,Online,28,349,9772,1,4.7
2025-12-14,Power Bank,Electronics,Khon Kaen,Marketplace,15,890,13350,0,4.9
2025-09-12,Mouse Pad,Accessories,Pattaya,Online,25,1290,32250,0,4.0
2025-10-16,USB-C Cable,Accessories,Khon Kaen,In-Store,26,349,9074,2,3.8
2025-09-30,Laptop Bag,Bags,Chiang Mai,Marketplace,39,99,3861,2,4.0
2025-06-13,iPhone Case,Accessories,Chiang Mai,In-Store,21,1290,27090,2,3.7
2025-03-19,Bluetooth Earbuds,Electronics,Bangkok,Online,40,149,5960,4,3.2
2025-03-28,Mouse Pad,Accessories,Pattaya,In-Store,2,349,698,1,4.7
2025-07-05,iPhone Case,Accessories,Phuket,Marketplace,46,349,16054,2,4.7
2025-02-20,Laptop Bag,Bags,Phuket,Marketplace,29,599,17371,2,3.8
2025-11-27,Laptop Bag,Bags,Chiang Mai,In-Store,34,99,3366,1,3.7
2025-02-14,Power Bank,Electronics,Pattaya,Online,43,199,8557,0,4.0
2025-11-14,USB-C Cable,Accessories,Khon Kaen,In-Store,2,599,1198,1,4.8
2025-12-14,Laptop Bag,Bags,Bangkok,In-Store,3,149,447,0,3.4
2025-01-06,Phone Stand,Accessories,Khon Kaen,Marketplace,44,349,15356,4,4.6
2025-05-12,USB-C Cable,Accessories,Chiang Mai,Online,29,149,4321,1,3.4
2025-09-24,Power Bank,Electronics,Chiang Mai,Marketplace,2,599,1198,1,3.9
2025-01-12,Mouse Pad,Accessories,Bangkok,Online,3,299,897,1,4.0
2025-12-12,Mouse Pad,Accessories,Phuket,Online,15,349,5235,0,4.5
2025-01-15,Mouse Pad,Accessories,Pattaya,Marketplace,10,1590,15900,0,3.7
2025-12-01,Power Bank,Electronics,Pattaya,Online,8,149,1192,1,3.0
2025-11-14,iPhone Case,Accessories,Chiang Mai,Marketplace,40,1290,51600,1,4.1
2025-05-23,Keyboard Cover,Accessories,Khon Kaen,In-Store,8,299,2392,0,4.2
2025-11-25,Screen Protector,Accessories,Phuket,Online,41,299,12259,4,3.6
2025-06-05,USB-C Cable,Accessories,Pattaya,Marketplace,23,299,6877,0,3.8
2025-03-16,Power Bank,Electronics,Chiang Mai,Marketplace,8,1590,12720,0,3.5
2025-03-01,Mouse Pad,Accessories,Chiang Mai,Online,46,349,16054,2,4.4
2025-12-25,Keyboard Cover,Accessories,Phuket,Marketplace,22,99,2178,2,4.7
2025-12-17,Mouse Pad,Accessories,Khon Kaen,Marketplace,34,149,5066,3,3.5
2025-10-22,iPhone Case,Accessories,Chiang Mai,Marketplace,39,599,23361,1,4.6
2025-07-09,Keyboard Cover,Accessories,Chiang Mai,Online,8,890,7120,0,3.2
2025-06-12,Phone Stand,Accessories,Phuket,Online,40,99,3960,3,4.0
2025-03-12,Phone Stand,Accessories,Khon Kaen,Marketplace,12,299,3588,0,4.1
2025-08-26,Mouse Pad,Accessories,Chiang Mai,In-Store,11,1290,14190,1,3.4
2025-11-24,Phone Stand,Accessories,Chiang Mai,Online,22,149,3278,2,4.4
2025-03-13,Bluetooth Earbuds,Electronics,Bangkok,Marketplace,24,890,21360,2,4.2
2025-01-20,Keyboard Cover,Accessories,Phuket,In-Store,1,199,199,0,3.8
2025-09-21,Mouse Pad,Accessories,Chiang Mai,In-Store,46,890,40940,3,3.7
2025-03-18,Power Bank,Electronics,Pattaya,Online,8,890,7120,0,3.1
2025-01-21,Bluetooth Earbuds,Electronics,Chiang Mai,Marketplace,30,890,26700,2,3.3
2025-10-11,Power Bank,Electronics,Khon Kaen,In-Store,48,349,16752,0,4.8
2025-09-05,Phone Stand,Accessories,Pattaya,Online,13,299,3887,1,3.8
2025-11-11,Bluetooth Earbuds,Electronics,Bangkok,Online,28,99,2772,0,3.0
2025-06-09,iPhone Case,Accessories,Pattaya,Online,32,349,11168,3,4.6
2025-06-20,USB-C Cable,Accessories,Chiang Mai,Marketplace,1,149,149,0,4.1
2025-07-21,Mouse Pad,Accessories,Pattaya,In-Store,25,199,4975,2,4.4
2025-07-13,iPhone Case,Accessories,Bangkok,Online,1,599,599,0,4.6
2025-01-07,Screen Protector,Accessories,Khon Kaen,In-Store,50,149,7450,1,4.6
2025-03-31,Bluetooth Earbuds,Electronics,Khon Kaen,Marketplace,30,149,4470,3,4.8
2025-05-18,Laptop Bag,Bags,Pattaya,In-Store,38,299,11362,1,4.7
2025-08-11,iPhone Case,Accessories,Phuket,Marketplace,3,349,1047,1,4.2
2025-08-13,Screen Protector,Accessories,Chiang Mai,Marketplace,24,599,14376,2,3.5
2025-11-13,Phone Stand,Accessories,Chiang Mai,Online,18,1290,23220,0,3.3
2025-09-14,USB-C Cable,Accessories,Bangkok,In-Store,46,99,4554,4,3.4
2025-05-19,Phone Stand,Accessories,Bangkok,Marketplace,15,349,5235,1,3.6
2025-12-17,USB-C Cable,Accessories,Bangkok,Marketplace,11,299,3289,1,4.5
2025-10-09,Power Bank,Electronics,Bangkok,Marketplace,37,599,22163,0,3.8
2025-06-20,Keyboard Cover,Accessories,Chiang Mai,Online,25,99,2475,0,4.1
2025-06-01,iPhone Case,Accessories,Khon Kaen,In-Store,18,1290,23220,1,3.0
2025-10-30,Bluetooth Earbuds,Electronics,Phuket,In-Store,15,199,2985,0,4.6
2025-10-30,Keyboard Cover,Accessories,Bangkok,In-Store,32,1590,50880,0,3.5
2025-12-04,Phone Stand,Accessories,Khon Kaen,Online,42,890,37380,1,3.9
2025-10-02,Screen Protector,Accessories,Khon Kaen,Online,42,149,6258,3,4.0
2025-01-14,Bluetooth Earbuds,Electronics,Khon Kaen,Online,7,890,6230,0,3.2
2025-04-19,Phone Stand,Accessories,Bangkok,In-Store,27,349,9423,0,4.6
2025-08-11,Mouse Pad,Accessories,Chiang Mai,Marketplace,15,599,8985,1,3.3
2025-03-02,USB-C Cable,Accessories,Khon Kaen,Online,12,1290,15480,0,4.7
2025-01-07,Bluetooth Earbuds,Electronics,Bangkok,Marketplace,46,890,40940,3,4.0
2025-02-07,USB-C Cable,Accessories,Chiang Mai,Marketplace,1,1590,1590,0,4.0
2025-09-27,Bluetooth Earbuds,Electronics,Pattaya,In-Store,43,349,15007,2,5.0
2025-12-05,Mouse Pad,Accessories,Bangkok,Online,1,149,149,1,4.6
2025-10-20,Wireless Charger,Electronics,Khon Kaen,Online,1,99,99,0,4.5
2025-07-11,Mouse Pad,Accessories,Khon Kaen,Online,16,299,4784,0,4.6
2025-10-12,iPhone Case,Accessories,Chiang Mai,In-Store,35,99,3465,0,4.1
2025-03-23,Laptop Bag,Bags,Phuket,In-Store,21,199,4179,0,4.2
2025-02-09,Mouse Pad,Accessories,Pattaya,Online,18,1290,23220,0,3.9
2025-11-25,Bluetooth Earbuds,Electronics,Bangkok,In-Store,44,599,26356,2,3.3
2025-03-02,Laptop Bag,Bags,Khon Kaen,In-Store,17,199,3383,0,4.0
2025-08-27,Wireless Charger,Electronics,Bangkok,Online,9,890,8010,1,3.4
2025-03-23,Phone Stand,Accessories,Chiang Mai,Marketplace,41,149,6109,1,3.4
2025-07-13,Wireless Charger,Electronics,Chiang Mai,In-Store,8,299,2392,0,3.5
2025-11-30,Laptop Bag,Bags,Chiang Mai,In-Store,16,299,4784,0,4.6
2025-08-09,Screen Protector,Accessories,Phuket,Online,42,299,12558,3,4.2
2025-06-09,Mouse Pad,Accessories,Khon Kaen,Online,42,599,25158,2,4.8
2025-08-28,Keyboard Cover,Accessories,Phuket,Online,11,349,3839,1,4.7
2025-08-24,USB-C Cable,Accessories,Pattaya,Online,40,1590,63600,3,3.3
2025-08-11,Laptop Bag,Bags,Bangkok,In-Store,1,349,349,0,4.6
2025-12-31,Power Bank,Electronics,Chiang Mai,Marketplace,36,890,32040,2,3.4
2025-07-18,Wireless Charger,Electronics,Phuket,In-Store,34,599,20366,2,3.4
2025-01-18,Wireless Charger,Electronics,Bangkok,In-Store,20,199,3980,2,4.3
2025-04-22,Screen Protector,Accessories,Khon Kaen,Marketplace,4,349,1396,0,4.2
2025-10-01,Mouse Pad,Accessories,Bangkok,In-Store,25,599,14975,2,4.5
2025-12-30,Power Bank,Electronics,Pattaya,Online,20,199,3980,1,4.4
2025-05-10,Keyboard Cover,Accessories,Khon Kaen,Marketplace,20,149,2980,2,3.4
2025-07-28,Wireless Charger,Electronics,Bangkok,Marketplace,8,890,7120,1,4.4
2025-10-26,Mouse Pad,Accessories,Chiang Mai,In-Store,8,149,1192,1,4.5
2025-04-30,USB-C Cable,Accessories,Chiang Mai,In-Store,15,1290,19350,1,3.7
2025-04-15,Laptop Bag,Bags,Khon Kaen,Marketplace,47,1590,74730,2,4.9
2025-08-12,Mouse Pad,Accessories,Khon Kaen,Online,12,599,7188,0,4.1
2025-04-28,Bluetooth Earbuds,Electronics,Bangkok,Online,41,890,36490,3,3.2
2025-08-25,Phone Stand,Accessories,Pattaya,In-Store,32,149,4768,1,3.9
2025-09-25,Mouse Pad,Accessories,Phuket,In-Store,18,1290,23220,1,3.2
2025-09-28,Mouse Pad,Accessories,Bangkok,Marketplace,33,1290,42570,3,3.3
2025-11-22,Mouse Pad,Accessories,Bangkok,Online,33,890,29370,1,3.1
2025-08-09,Power Bank,Electronics,Phuket,Online,8,1290,10320,1,4.6
2025-05-11,Screen Protector,Accessories,Pattaya,Marketplace,27,349,9423,2,3.9
2025-10-23,Wireless Charger,Electronics,Bangkok,Online,5,1590,7950,1,3.8
2025-10-14,Bluetooth Earbuds,Electronics,Bangkok,In-Store,16,199,3184,1,3.1
2025-08-08,Phone Stand,Accessories,Phuket,In-Store,6,599,3594,0,4.1
2025-08-26,Mouse Pad,Accessories,Chiang Mai,Online,31,1590,49290,2,4.0
2025-09-23,Laptop Bag,Bags,Pattaya,Online,35,599,20965,1,3.6
2025-10-29,Bluetooth Earbuds,Electronics,Bangkok,Online,19,599,11381,1,3.8
2025-06-03,Bluetooth Earbuds,Electronics,Pattaya,Online,18,1290,23220,0,4.8
2025-10-25,Power Bank,Electronics,Bangkok,Marketplace,21,1290,27090,0,3.7
2025-02-16,Keyboard Cover,Accessories,Bangkok,Online,43,890,38270,4,3.8
2025-09-19,Power Bank,Electronics,Pattaya,Online,24,1290,30960,2,4.7
2025-01-10,Keyboard Cover,Accessories,Phuket,Online,13,1590,20670,1,3.2
2025-04-04,Bluetooth Earbuds,Electronics,Chiang Mai,In-Store,8,149,1192,1,3.3
2025-12-09,Power Bank,Electronics,Khon Kaen,Marketplace,42,99,4158,1,3.6
2025-08-13,Phone Stand,Accessories,Khon Kaen,Marketplace,2,99,198,1,4.0
2025-04-11,iPhone Case,Accessories,Phuket,Marketplace,36,149,5364,2,4.1
2025-07-31,USB-C Cable,Accessories,Phuket,In-Store,16,99,1584,1,3.3
2025-04-18,Wireless Charger,Electronics,Khon Kaen,Online,25,599,14975,0,4.2
2025-12-09,Wireless Charger,Electronics,Chiang Mai,Online,15,199,2985,0,3.1
2025-04-13,Wireless Charger,Electronics,Bangkok,In-Store,32,1290,41280,1,3.2
2025-06-19,Wireless Charger,Electronics,Pattaya,Online,30,349,10470,0,4.4
2025-01-11,Bluetooth Earbuds,Electronics,Khon Kaen,Marketplace,24,1290,30960,0,3.5
2025-05-27,Screen Protector,Accessories,Khon Kaen,Online,13,599,7787,0,3.3
2025-01-10,Screen Protector,Accessories,Pattaya,Online,2,599,1198,1,4.1
2025-11-20,Wireless Charger,Electronics,Pattaya,In-Store,22,99,2178,2,3.2
2025-07-18,iPhone Case,Accessories,Pattaya,Marketplace,7,199,1393,1,3.1
2025-11-11,Screen Protector,Accessories,Chiang Mai,In-Store,7,1590,11130,0,4.6
2025-04-06,Power Bank,Electronics,Phuket,Online,26,599,15574,0,4.7
2025-07-17,Wireless Charger,Electronics,Chiang Mai,In-Store,12,349,4188,1,3.4
2025-07-12,USB-C Cable,Accessories,Pattaya,In-Store,39,890,34710,1,3.4
2025-09-14,iPhone Case,Accessories,Phuket,Marketplace,14,1290,18060,0,4.1
2025-06-17,USB-C Cable,Accessories,Khon Kaen,Marketplace,48,349,16752,1,4.7
2025-06-26,Wireless Charger,Electronics,Pattaya,In-Store,27,599,16173,1,3.9
2025-05-31,USB-C Cable,Accessories,Bangkok,Marketplace,39,349,13611,1,3.6
2025-05-24,USB-C Cable,Accessories,Phuket,Online,13,599,7787,1,4.7
2025-06-11,Wireless Charger,Electronics,Chiang Mai,Marketplace,8,1590,12720,0,4.0
2025-07-23,USB-C Cable,Accessories,Pattaya,Online,24,199,4776,2,4.7
2025-12-10,Power Bank,Electronics,Khon Kaen,In-Store,32,890,28480,2,4.7
2025-10-22,Power Bank,Electronics,Pattaya,Online,20,1590,31800,1,3.3
2025-10-13,Phone Stand,Accessories,Pattaya,Marketplace,12,890,10680,1,4.2
2025-06-15,iPhone Case,Accessories,Bangkok,Marketplace,36,890,32040,3,4.5
2025-08-06,Keyboard Cover,Accessories,Bangkok,Online,50,149,7450,0,3.1
2025-03-15,Phone Stand,Accessories,Phuket,In-Store,16,149,2384,0,4.6
2025-08-12,Screen Protector,Accessories,Bangkok,Marketplace,41,99,4059,0,4.9
2025-11-26,Screen Protector,Accessories,Phuket,Marketplace,3,199,597,1,3.2
2025-11-15,Mouse Pad,Accessories,Phuket,Marketplace,29,199,5771,1,4.2
2025-07-07,Phone Stand,Accessories,Pattaya,In-Store,33,199,6567,2,4.8
2025-01-18,iPhone Case,Accessories,Phuket,In-Store,21,1590,33390,0,4.0
2025-08-22,Wireless Charger,Electronics,Pattaya,Online,20,299,5980,0,4.5
2025-11-21,Screen Protector,Accessories,Phuket,Marketplace,40,599,23960,2,4.6
2025-12-03,Keyboard Cover,Accessories,Phuket,Marketplace,48,599,28752,2,3.5
2025-02-05,Phone Stand,Accessories,Bangkok,In-Store,26,99,2574,2,4.4
2025-10-04,USB-C Cable,Accessories,Chiang Mai,In-Store,25,599,14975,2,4.6
2025-04-18,Phone Stand,Accessories,Bangkok,Online,12,890,10680,0,3.5
2025-02-15,Mouse Pad,Accessories,Bangkok,Online,19,890,16910,1,5.0
2025-08-19,Laptop Bag,Bags,Khon Kaen,In-Store,10,349,3490,1,4.7
2025-11-12,Phone Stand,Accessories,Chiang Mai,Online,41,599,24559,3,3.5
2025-08-26,USB-C Cable,Accessories,Chiang Mai,Online,41,599,24559,3,3.4
2025-09-26,Wireless Charger,Electronics,Phuket,In-Store,13,349,4537,1,4.8
2025-06-10,Bluetooth Earbuds,Electronics,Chiang Mai,Online,20,1290,25800,1,4.6
2025-08-30,Wireless Charger,Electronics,Pattaya,Online,22,299,6578,2,3.5
2025-05-26,Power Bank,Electronics,Bangkok,In-Store,45,99,4455,4,3.9
2025-10-25,Keyboard Cover,Accessories,Bangkok,Marketplace,42,1290,54180,0,4.1
2025-04-11,Screen Protector,Accessories,Khon Kaen,Marketplace,45,349,15705,4,4.7
2025-03-09,Phone Stand,Accessories,Khon Kaen,Marketplace,10,199,1990,0,3.6
2025-03-24,Screen Protector,Accessories,Phuket,In-Store,43,199,8557,0,4.6
2025-08-30,Power Bank,Electronics,Phuket,Marketplace,39,149,5811,3,3.5
2025-03-08,Keyboard Cover,Accessories,Khon Kaen,Online,17,99,1683,0,3.5
2025-06-29,Wireless Charger,Electronics,Phuket,In-Store,29,890,25810,1,3.8
2025-02-22,Bluetooth Earbuds,Electronics,Chiang Mai,In-Store,35,349,12215,0,3.5
2025-12-01,Mouse Pad,Accessories,Chiang Mai,Marketplace,35,199,6965,2,3.5
2025-10-12,Screen Protector,Accessories,Pattaya,In-Store,31,1290,39990,2,4.3
2025-01-25,Keyboard Cover,Accessories,Phuket,Marketplace,50,599,29950,1,3.8
2025-04-03,USB-C Cable,Accessories,Chiang Mai,Online,39,149,5811,0,3.4
2025-11-11,Laptop Bag,Bags,Bangkok,Online,15,349,5235,0,4.2
2025-03-22,Power Bank,Electronics,Khon Kaen,In-Store,12,149,1788,0,3.3
2025-09-14,USB-C Cable,Accessories,Pattaya,Marketplace,24,1290,30960,0,3.5
2025-06-15,Laptop Bag,Bags,Phuket,In-Store,37,299,11063,3,3.3
2025-07-12,Keyboard Cover,Accessories,Pattaya,Marketplace,21,99,2079,2,3.9
2025-11-16,Wireless Charger,Electronics,Chiang Mai,Marketplace,12,890,10680,1,3.3
2025-10-28,USB-C Cable,Accessories,Chiang Mai,In-Store,5,99,495,1,4.9
2025-06-13,Laptop Bag,Bags,Phuket,In-Store,36,199,7164,1,3.6
2025-03-25,Phone Stand,Accessories,Khon Kaen,Online,3,890,2670,1,3.4
2025-11-11,Wireless Charger,Electronics,Bangkok,In-Store,44,1290,56760,1,4.1
2025-09-06,Wireless Charger,Electronics,Khon Kaen,In-Store,17,299,5083,0,4.7
2025-06-11,Phone Stand,Accessories,Chiang Mai,In-Store,1,890,890,1,3.3
2025-07-29,Power Bank,Electronics,Phuket,In-Store,15,199,2985,1,4.6
2025-11-24,Laptop Bag,Bags,Phuket,In-Store,7,1590,11130,1,4.6
2025-05-14,Wireless Charger,Electronics,Bangkok,Online,17,199,3383,0,3.5
2025-07-29,Bluetooth Earbuds,Electronics,Phuket,In-Store,3,599,1797,0,4.3
2025-09-21,Phone Stand,Accessories,Bangkok,Online,49,349,17101,1,4.7
2025-07-10,Keyboard Cover,Accessories,Khon Kaen,Online,49,299,14651,4,3.7
2025-01-21,Keyboard Cover,Accessories,Bangkok,In-Store,1,299,299,1,3.1
2025-04-01,Keyboard Cover,Accessories,Khon Kaen,Online,44,890,39160,0,4.0
2025-04-24,USB-C Cable,Accessories,Pattaya,Online,42,199,8358,2,5.0
2025-02-07,Phone Stand,Accessories,Pattaya,Online,41,1590,65190,0,3.8
2025-02-20,Power Bank,Electronics,Khon Kaen,Marketplace,24,299,7176,0,4.6
2025-12-26,USB-C Cable,Accessories,Pattaya,Online,43,890,38270,1,4.2
2025-10-24,Phone Stand,Accessories,Khon Kaen,Online,18,149,2682,1,4.7
2025-01-21,Wireless Charger,Electronics,Pattaya,In-Store,17,199,3383,1,3.9
2025-07-11,Bluetooth Earbuds,Electronics,Phuket,In-Store,14,99,1386,0,4.6
2025-03-16,Phone Stand,Accessories,Bangkok,Marketplace,49,890,43610,1,4.6
2025-03-15,Mouse Pad,Accessories,Phuket,In-Store,48,1290,61920,2,4.7
2025-07-05,Bluetooth Earbuds,Electronics,Chiang Mai,Marketplace,1,99,99,0,4.1
2025-05-15,Keyboard Cover,Accessories,Phuket,In-Store,21,99,2079,2,4.4
2025-12-21,Phone Stand,Accessories,Khon Kaen,In-Store,17,99,1683,1,4.7
2025-04-18,Bluetooth Earbuds,Electronics,Phuket,Marketplace,33,99,3267,1,3.2
2025-12-22,Screen Protector,Accessories,Chiang Mai,In-Store,39,149,5811,1,4.2
2025-06-02,Mouse Pad,Accessories,Chiang Mai,In-Store,27,299,8073,2,4.9
2025-08-22,Screen Protector,Accessories,Phuket,Online,32,299,9568,2,3.8
2025-01-31,Keyboard Cover,Accessories,Pattaya,In-Store,26,99,2574,0,3.4
2025-03-26,USB-C Cable,Accessories,Phuket,In-Store,46,349,16054,2,3.2
2025-10-28,Power Bank,Electronics,Chiang Mai,Online,50,199,9950,3,3.4
2025-10-08,Laptop Bag,Bags,Bangkok,Marketplace,3,299,897,1,3.0
2025-06-15,iPhone Case,Accessories,Phuket,In-Store,15,349,5235,1,4.0
2025-05-22,Keyboard Cover,Accessories,Khon Kaen,In-Store,23,99,2277,1,4.2
2025-09-21,Phone Stand,Accessories,Chiang Mai,Marketplace,17,890,15130,0,4.2
2025-03-19,Screen Protector,Accessories,Chiang Mai,Online,46,1590,73140,2,4.7
2025-01-21,iPhone Case,Accessories,Pattaya,Marketplace,26,99,2574,1,3.0
2025-07-23,Phone Stand,Accessories,Phuket,In-Store,6,149,894,0,3.5
2025-08-29,Laptop Bag,Bags,Phuket,Marketplace,50,349,17450,0,3.4
2025-01-25,Screen Protector,Accessories,Bangkok,Marketplace,43,199,8557,0,4.0
2025-04-04,Bluetooth Earbuds,Electronics,Chiang Mai,Marketplace,45,349,15705,3,4.7
2025-06-26,Phone Stand,Accessories,Khon Kaen,Marketplace,6,1590,9540,0,3.4
2025-01-06,Power Bank,Electronics,Khon Kaen,Marketplace,26,99,2574,1,3.5
2025-09-06,USB-C Cable,Accessories,Bangkok,Online,31,890,27590,1,4.1
2025-06-24,Bluetooth Earbuds,Electronics,Bangkok,Online,7,349,2443,0,3.3
2025-06-30,Laptop Bag,Bags,Pattaya,In-Store,46,99,4554,1,3.9
2025-10-25,Laptop Bag,Bags,Chiang Mai,Online,14,1290,18060,0,4.5
2025-10-14,Bluetooth Earbuds,Electronics,Bangkok,Marketplace,20,149,2980,0,3.7
2025-09-19,Screen Protector,Accessories,Chiang Mai,Online,46,890,40940,1,3.3
2025-07-28,USB-C Cable,Accessories,Chiang Mai,In-Store,44,599,26356,2,4.1
2025-08-21,iPhone Case,Accessories,Pattaya,Marketplace,42,199,8358,1,4.4
2025-06-21,Mouse Pad,Accessories,Khon Kaen,Marketplace,40,349,13960,3,4.4
2025-11-15,iPhone Case,Accessories,Bangkok,Online,21,890,18690,0,3.1
2025-10-15,Mouse Pad,Accessories,Bangkok,Marketplace,45,299,13455,4,4.0
2025-05-10,USB-C Cable,Accessories,Bangkok,In-Store,11,99,1089,1,3.9
2025-08-19,Mouse Pad,Accessories,Bangkok,Online,50,890,44500,3,3.0
2025-01-26,Power Bank,Electronics,Bangkok,Online,41,199,8159,0,3.1
2025-08-02,Wireless Charger,Electronics,Bangkok,Online,37,599,22163,1,3.7
2025-07-21,Mouse Pad,Accessories,Chiang Mai,In-Store,9,599,5391,1,4.8
2025-03-10,Keyboard Cover,Accessories,Chiang Mai,Online,7,599,4193,0,4.4
2025-11-10,Screen Protector,Accessories,Pattaya,In-Store,9,349,3141,0,4.2
2025-08-15,iPhone Case,Accessories,Chiang Mai,In-Store,29,1590,46110,2,4.7
2025-01-07,Keyboard Cover,Accessories,Phuket,Marketplace,6,1290,7740,0,3.9
2025-12-22,Laptop Bag,Bags,Pattaya,Marketplace,44,349,15356,0,3.1
2025-07-06,Phone Stand,Accessories,Chiang Mai,In-Store,13,1590,20670,0,3.1
2025-04-19,Phone Stand,Accessories,Bangkok,Marketplace,23,349,8027,2,3.3
2025-06-07,iPhone Case,Accessories,Khon Kaen,Online,9,1590,14310,1,4.9
2025-06-30,Wireless Charger,Electronics,Chiang Mai,In-Store,43,99,4257,2,3.3
2025-12-06,USB-C Cable,Accessories,Khon Kaen,Online,1,199,199,0,3.3
2025-05-11,Phone Stand,Accessories,Pattaya,Marketplace,37,99,3663,3,4.7
2025-12-25,Keyboard Cover,Accessories,Chiang Mai,Marketplace,13,99,1287,1,3.2
2025-11-22,iPhone Case,Accessories,Bangkok,Online,50,299,14950,3,4.5
2025-08-14,Power Bank,Electronics,Chiang Mai,In-Store,14,99,1386,0,3.4
2025-04-23,Phone Stand,Accessories,Phuket,Marketplace,47,349,16403,4,4.2
2025-04-14,Mouse Pad,Accessories,Phuket,Online,47,890,41830,0,3.4
2025-08-05,Laptop Bag,Bags,Khon Kaen,Marketplace,3,149,447,1,3.1
2025-10-17,Bluetooth Earbuds,Electronics,Khon Kaen,Marketplace,35,599,20965,3,3.2
2025-08-04,Phone Stand,Accessories,Bangkok,Online,41,99,4059,1,4.3
2025-06-26,USB-C Cable,Accessories,Pattaya,Marketplace,21,99,2079,1,4.2
2025-04-09,Keyboard Cover,Accessories,Pattaya,Online,3,149,447,0,3.6
2025-05-09,Wireless Charger,Electronics,Pattaya,Online,12,349,4188,0,4.6
2025-04-24,Power Bank,Electronics,Pattaya,Marketplace,15,299,4485,1,4.3
2025-09-27,Phone Stand,Accessories,Chiang Mai,Online,34,1590,54060,0,4.1
2025-01-20,Bluetooth Earbuds,Electronics,Phuket,Online,24,599,14376,0,4.9
2025-04-02,iPhone Case,Accessories,Phuket,Marketplace,40,99,3960,2,4.8
2025-03-01,Laptop Bag,Bags,Khon Kaen,In-Store,22,1590,34980,1,4.5
2025-05-16,Keyboard Cover,Accessories,Pattaya,Online,3,1590,4770,1,4.2
2025-02-15,Wireless Charger,Electronics,Pattaya,Marketplace,41,890,36490,1,3.3
2025-03-29,Keyboard Cover,Accessories,Chiang Mai,In-Store,31,349,10819,1,4.3
2025-01-16,Bluetooth Earbuds,Electronics,Phuket,In-Store,32,299,9568,3,3.6
2025-04-15,Mouse Pad,Accessories,Khon Kaen,Online,49,199,9751,3,4.5
2025-12-08,Screen Protector,Accessories,Phuket,Marketplace,9,299,2691,0,5.0
2025-11-04,Wireless Charger,Electronics,Phuket,Online,43,199,8557,4,4.0
2025-03-31,iPhone Case,Accessories,Chiang Mai,In-Store,20,99,1980,0,4.0
2025-10-24,Screen Protector,Accessories,Pattaya,In-Store,30,599,17970,3,4.7
2025-08-26,Screen Protector,Accessories,Khon Kaen,Online,12,199,2388,0,4.6
2025-02-18,Bluetooth Earbuds,Electronics,Khon Kaen,Online,26,149,3874,2,4.7
2025-08-24,Power Bank,Electronics,Khon Kaen,In-Store,21,199,4179,2,4.6
2025-12-18,Mouse Pad,Accessories,Pattaya,Marketplace,10,349,3490,0,4.5
2025-05-01,USB-C Cable,Accessories,Khon Kaen,Marketplace,42,1590,66780,3,4.5
2025-06-24,Keyboard Cover,Accessories,Khon Kaen,In-Store,25,199,4975,1,4.2
2025-06-04,Mouse Pad,Accessories,Chiang Mai,Marketplace,30,1590,47700,2,3.6
2025-02-13,Bluetooth Earbuds,Electronics,Bangkok,In-Store,4,599,2396,0,3.1
2025-11-26,Laptop Bag,Bags,Khon Kaen,Online,31,1290,39990,1,4.4
2025-05-05,Wireless Charger,Electronics,Chiang Mai,In-Store,15,599,8985,1,4.4
2025-04-22,Phone Stand,Accessories,Pattaya,Online,2,1290,2580,0,4.8
2025-08-23,Screen Protector,Accessories,Pattaya,Marketplace,10,599,5990,1,4.7
2025-07-10,Wireless Charger,Electronics,Phuket,In-Store,9,99,891,1,3.1
2025-01-07,Power Bank,Electronics,Phuket,In-Store,13,149,1937,0,4.8
2025-03-03,Power Bank,Electronics,Khon Kaen,In-Store,21,890,18690,1,4.2
2025-06-22,Mouse Pad,Accessories,Phuket,In-Store,26,349,9074,1,3.9
2025-05-01,Phone Stand,Accessories,Chiang Mai,Marketplace,18,149,2682,0,3.9
2025-08-13,Wireless Charger,Electronics,Pattaya,Marketplace,49,599,29351,0,3.1
2025-11-13,Keyboard Cover,Accessories,Bangkok,Marketplace,33,199,6567,3,4.9
2025-02-24,Wireless Charger,Electronics,Khon Kaen,Online,13,599,7787,1,4.3
2025-03-27,Wireless Charger,Electronics,Bangkok,In-Store,36,299,10764,1,3.4
2025-08-26,USB-C Cable,Accessories,Khon Kaen,Marketplace,31,1590,49290,2,3.2
2025-11-12,Power Bank,Electronics,Khon Kaen,In-Store,25,1590,39750,1,3.6
2025-07-25,Keyboard Cover,Accessories,Bangkok,In-Store,35,149,5215,3,4.9
2025-08-26,Screen Protector,Accessories,Bangkok,In-Store,23,349,8027,2,4.1
2025-11-16,Wireless Charger,Electronics,Chiang Mai,Marketplace,42,199,8358,0,3.3
2025-09-24,Laptop Bag,Bags,Chiang Mai,Online,22,599,13178,0,3.8
2025-11-12,Phone Stand,Accessories,Khon Kaen,In-Store,48,99,4752,2,3.0
2025-08-27,Laptop Bag,Bags,Phuket,Online,2,599,1198,0,3.4
2025-10-22,Laptop Bag,Bags,Bangkok,Marketplace,36,890,32040,1,4.9
2025-01-08,Screen Protector,Accessories,Bangkok,Online,30,1590,47700,2,3.7
2025-09-30,iPhone Case,Accessories,Khon Kaen,Online,23,349,8027,0,3.4
2025-12-11,Keyboard Cover,Accessories,Chiang Mai,Online,36,349,12564,0,3.3
2025-05-01,Power Bank,Electronics,Khon Kaen,Online,46,890,40940,0,4.2
2025-01-09,Laptop Bag,Bags,Chiang Mai,Online,4,1590,6360,0,3.5
2025-07-14,Laptop Bag,Bags,Chiang Mai,In-Store,11,349,3839,0,4.8
2025-10-30,Power Bank,Electronics,Bangkok,In-Store,48,149,7152,4,4.4
2025-03-24,USB-C Cable,Accessories,Chiang Mai,In-Store,41,599,24559,1,3.8
2025-11-05,Laptop Bag,Bags,Pattaya,Online,28,1590,44520,1,3.5
2025-05-19,USB-C Cable,Accessories,Pattaya,Online,28,890,24920,1,4.6
2025-04-16,iPhone Case,Accessories,Phuket,In-Store,39,1290,50310,3,4.8
2025-04-21,Mouse Pad,Accessories,Bangkok,In-Store,10,1290,12900,0,4.2
2025-03-15,USB-C Cable,Accessories,Khon Kaen,Online,43,890,38270,3,3.9
2025-06-12,USB-C Cable,Accessories,Chiang Mai,Online,36,1290,46440,1,4.7
2025-06-07,Phone Stand,Accessories,Pattaya,Online,29,199,5771,0,4.6
2025-12-13,Power Bank,Electronics,Phuket,Online,14,199,2786,0,4.2
2025-12-06,Laptop Bag,Bags,Chiang Mai,In-Store,47,599,28153,3,4.9
2025-12-17,Keyboard Cover,Accessories,Khon Kaen,Marketplace,47,1590,74730,4,4.6
2025-08-01,Power Bank,Electronics,Phuket,In-Store,48,199,9552,4,4.9
2025-04-08,Power Bank,Electronics,Bangkok,Online,4,1590,6360,1,3.1
2025-12-30,USB-C Cable,Accessories,Pattaya,Marketplace,45,149,6705,1,5.0
2025-08-20,iPhone Case,Accessories,Chiang Mai,Marketplace,21,890,18690,0,4.7
2025-10-25,iPhone Case,Accessories,Phuket,In-Store,33,299,9867,3,3.1
2025-08-14,Screen Protector,Accessories,Chiang Mai,Online,15,299,4485,1,4.8
2025-04-16,Bluetooth Earbuds,Electronics,Phuket,Online,12,1290,15480,0,3.5
2025-06-05,Screen Protector,Accessories,Khon Kaen,In-Store,21,149,3129,0,3.6
2025-09-02,Power Bank,Electronics,Bangkok,In-Store,7,1290,9030,0,3.6
2025-05-16,Keyboard Cover,Accessories,Chiang Mai,In-Store,28,149,4172,1,4.5
2025-08-07,USB-C Cable,Accessories,Pattaya,Marketplace,39,890,34710,2,3.8
2025-03-12,Power Bank,Electronics,Bangkok,Marketplace,46,299,13754,2,5.0
2025-10-03,Phone Stand,Accessories,Chiang Mai,In-Store,5,199,995,1,4.0
2025-11-30,Wireless Charger,Electronics,Phuket,Marketplace,30,890,26700,2,4.6
2025-05-23,iPhone Case,Accessories,Chiang Mai,In-Store,30,99,2970,0,4.8
2025-12-21,Phone Stand,Accessories,Pattaya,Marketplace,46,1590,73140,3,5.0
2025-12-14,Wireless Charger,Electronics,Pattaya,Marketplace,47,1290,60630,4,3.8
2025-12-21,Bluetooth Earbuds,Electronics,Khon Kaen,In-Store,37,1590,58830,0,3.7
2025-08-01,Screen Protector,Accessories,Bangkok,Online,49,149,7301,0,3.0
2025-08-06,Wireless Charger,Electronics,Bangkok,Marketplace,4,149,596,1,4.6
2025-10-02,Power Bank,Electronics,Phuket,Online,33,149,4917,2,3.9
2025-03-05,Laptop Bag,Bags,Khon Kaen,Online,26,1290,33540,0,3.9
2025-05-02,Mouse Pad,Accessories,Khon Kaen,Online,42,299,12558,1,4.8
2025-05-10,Laptop Bag,Bags,Bangkok,Marketplace,49,149,7301,2,4.4
2025-09-21,Bluetooth Earbuds,Electronics,Pattaya,Online,43,599,25757,3,3.9
2025-05-14,Bluetooth Earbuds,Electronics,Khon Kaen,Marketplace,19,149,2831,1,4.2
2025-02-17,iPhone Case,Accessories,Chiang Mai,Marketplace,43,349,15007,3,3.9
2025-07-08,Laptop Bag,Bags,Phuket,Online,39,99,3861,0,4.4
2025-06-09,Bluetooth Earbuds,Electronics,Pattaya,Online,18,1290,23220,0,3.6
2025-08-31,Power Bank,Electronics,Chiang Mai,In-Store,4,1590,6360,0,4.8
2025-02-09,Mouse Pad,Accessories,Chiang Mai,In-Store,46,199,9154,2,4.4
2025-08-06,Mouse Pad,Accessories,Chiang Mai,In-Store,1,1290,1290,1,3.3
2025-07-24,Screen Protector,Accessories,Khon Kaen,In-Store,32,1590,50880,3,3.2
2025-03-03,iPhone Case,Accessories,Bangkok,In-Store,10,199,1990,0,3.6
2025-05-03,Bluetooth Earbuds,Electronics,Khon Kaen,Online,7,199,1393,1,3.7
2025-12-22,Mouse Pad,Accessories,Chiang Mai,In-Store,8,890,7120,0,3.3
2025-07-20,USB-C Cable,Accessories,Bangkok,Marketplace,8,1290,10320,1,3.2
2025-02-14,Phone Stand,Accessories,Bangkok,Online,47,599,28153,4,3.5
2025-07-11,Phone Stand,Accessories,Pattaya,Marketplace,31,1590,49290,2,4.6
2025-08-25,Wireless Charger,Electronics,Pattaya,Marketplace,23,890,20470,1,4.4
2025-01-29,Phone Stand,Accessories,Khon Kaen,In-Store,29,1590,46110,0,4.7
2025-09-07,Keyboard Cover,Accessories,Pattaya,Online,22,1290,28380,0,3.4
2025-11-14,iPhone Case,Accessories,Chiang Mai,Online,46,199,9154,4,4.2
2025-02-23,iPhone Case,Accessories,Pattaya,Online,28,890,24920,1,4.5
2025-12-10,Power Bank,Electronics,Bangkok,Marketplace,12,890,10680,1,4.0
2025-07-01,USB-C Cable,Accessories,Pattaya,In-Store,23,1590,36570,2,3.5
2025-02-09,Keyboard Cover,Accessories,Phuket,Online,6,349,2094,1,4.7
2025-06-07,Screen Protector,Accessories,Pattaya,Marketplace,42,299,12558,0,3.6
2025-10-05,Laptop Bag,Bags,Pattaya,Online,4,1290,5160,1,3.5
2025-05-25,iPhone Case,Accessories,Phuket,Marketplace,17,1290,21930,0,4.3
2025-08-05,Phone Stand,Accessories,Bangkok,Online,48,299,14352,1,4.8
2025-09-03,Phone Stand,Accessories,Bangkok,In-Store,20,99,1980,2,3.7
2025-09-29,Wireless Charger,Electronics,Bangkok,Marketplace,44,149,6556,3,3.4
2025-05-25,Screen Protector,Accessories,Phuket,In-Store,40,149,5960,4,3.4
2025-09-07,Bluetooth Earbuds,Electronics,Khon Kaen,Marketplace,12,1290,15480,0,3.1
2025-07-23,Wireless Charger,Electronics,Bangkok,In-Store,37,349,12913,3,5.0
2025-11-20,Phone Stand,Accessories,Bangkok,Online,46,199,9154,2,3.9
2025-06-15,Keyboard Cover,Accessories,Pattaya,In-Store,19,890,16910,1,3.5
2025-01-28,Bluetooth Earbuds,Electronics,Bangkok,Marketplace,4,299,1196,1,4.8
2025-12-22,Laptop Bag,Bags,Chiang Mai,Online,48,199,9552,4,5.0
2025-04-04,Mouse Pad,Accessories,Chiang Mai,In-Store,24,599,14376,1,4.5
2025-10-25,Screen Protector,Accessories,Phuket,Marketplace,20,890,17800,1,4.1
2025-03-20,Power Bank,Electronics,Phuket,In-Store,20,890,17800,2,4.8
2025-04-16,Laptop Bag,Bags,Khon Kaen,Marketplace,28,99,2772,2,4.7
2025-02-18,Mouse Pad,Accessories,Khon Kaen,Online,33,349,11517,0,3.5
2025-05-08,Screen Protector,Accessories,Phuket,Online,13,99,1287,0,3.4
2025-05-06,Mouse Pad,Accessories,Pattaya,Online,14,1290,18060,1,3.5
2025-04-19,Bluetooth Earbuds,Electronics,Phuket,In-Store,44,1590,69960,1,4.9
2025-08-17,Wireless Charger,Electronics,Khon Kaen,Online,45,890,40050,0,3.0
2025-08-23,Phone Stand,Accessories,Phuket,In-Store,4,199,796,1,4.6
2025-10-28,Bluetooth Earbuds,Electronics,Chiang Mai,In-Store,2,599,1198,0,3.1
2025-09-01,Power Bank,Electronics,Khon Kaen,Marketplace,8,299,2392,0,3.8
2025-12-07,Phone Stand,Accessories,Khon Kaen,In-Store,21,349,7329,1,4.1
2025-08-11,Phone Stand,Accessories,Phuket,In-Store,3,199,597,0,3.9
2025-01-08,Screen Protector,Accessories,Pattaya,Online,36,349,12564,1,4.2
2025-10-30,iPhone Case,Accessories,Bangkok,Marketplace,25,99,2475,1,3.8
2025-04-16,Power Bank,Electronics,Pattaya,Marketplace,39,99,3861,2,4.2
2025-10-12,Phone Stand,Accessories,Khon Kaen,In-Store,18,599,10782,1,3.5
2025-06-05,USB-C Cable,Accessories,Chiang Mai,Online,2,1590,3180,1,4.3
2025-01-12,Bluetooth Earbuds,Electronics,Bangkok,Online,27,1590,42930,1,3.2
2025-02-20,Power Bank,Electronics,Phuket,In-Store,17,599,10183,0,3.6
2025-12-30,Mouse Pad,Accessories,Chiang Mai,Marketplace,21,199,4179,2,4.5
2025-04-03,Power Bank,Electronics,Phuket,In-Store,19,99,1881,0,3.9
2025-10-16,Power Bank,Electronics,Chiang Mai,Online,29,890,25810,1,3.5
2025-03-17,Mouse Pad,Accessories,Pattaya,In-Store,22,1590,34980,0,4.0
2025-07-26,iPhone Case,Accessories,Pattaya,In-Store,42,149,6258,0,4.5
2025-11-21,Screen Protector,Accessories,Pattaya,Online,45,1290,58050,4,4.6
2025-11-27,Power Bank,Electronics,Bangkok,Online,22,149,3278,2,4.9
2025-05-29,Screen Protector,Accessories,Phuket,Marketplace,35,599,20965,2,4.1
2025-08-28,Laptop Bag,Bags,Bangkok,Marketplace,35,299,10465,0,4.2
2025-10-24,USB-C Cable,Accessories,Khon Kaen,In-Store,1,149,149,1,4.2
2025-08-04,Wireless Charger,Electronics,Chiang Mai,In-Store,1,149,149,0,3.9
2025-01-17,Keyboard Cover,Accessories,Phuket,In-Store,5,1590,7950,0,4.3
2025-10-08,Laptop Bag,Bags,Bangkok,Online,37,149,5513,1,4.2
2025-01-01,Bluetooth Earbuds,Electronics,Chiang Mai,In-Store,36,890,32040,1,4.6
2025-11-02,Phone Stand,Accessories,Chiang Mai,Marketplace,6,890,5340,0,4.5
2025-02-01,Power Bank,Electronics,Pattaya,In-Store,46,299,13754,4,4.8
2025-02-14,Mouse Pad,Accessories,Khon Kaen,Marketplace,30,890,26700,1,4.3
2025-03-28,Bluetooth Earbuds,Electronics,Phuket,In-Store,4,890,3560,1,5.0
2025-07-17,Screen Protector,Accessories,Khon Kaen,In-Store,21,199,4179,0,3.5
2025-03-08,Bluetooth Earbuds,Electronics,Bangkok,Marketplace,42,149,6258,0,4.3
2025-05-19,Bluetooth Earbuds,Electronics,Chiang Mai,Marketplace,2,1590,3180,1,3.4
2025-05-06,Keyboard Cover,Accessories,Khon Kaen,In-Store,46,599,27554,3,3.1
2025-09-02,Phone Stand,Accessories,Bangkok,In-Store,47,599,28153,0,3.5
2025-08-27,Phone Stand,Accessories,Pattaya,Online,40,1290,51600,4,3.5
2025-09-07,Laptop Bag,Bags,Pattaya,Marketplace,22,349,7678,0,3.2
2025-02-18,Laptop Bag,Bags,Khon Kaen,Online,45,349,15705,3,3.8
2025-10-15,Laptop Bag,Bags,Khon Kaen,Marketplace,30,599,17970,1,5.0
2025-06-21,iPhone Case,Accessories,Chiang Mai,In-Store,36,199,7164,0,4.9
2025-12-11,Power Bank,Electronics,Bangkok,Marketplace,17,599,10183,0,3.7
2025-11-13,Phone Stand,Accessories,Chiang Mai,Online,45,599,26955,0,3.2
2025-08-12,Mouse Pad,Accessories,Pattaya,Online,17,99,1683,0,4.0
2025-01-13,Keyboard Cover,Accessories,Khon Kaen,Marketplace,30,1590,47700,3,3.1
2025-10-05,Power Bank,Electronics,Phuket,Online,43,890,38270,3,4.9
2025-02-18,Keyboard Cover,Accessories,Pattaya,Online,40,349,13960,0,3.6
2025-06-10,Power Bank,Electronics,Phuket,In-Store,2,149,298,0,3.2
2025-04-23,Laptop Bag,Bags,Bangkok,Marketplace,6,199,1194,0,3.0
2025-04-03,Laptop Bag,Bags,Pattaya,Online,15,299,4485,1,4.8
2025-01-24,USB-C Cable,Accessories,Pattaya,Online,38,149,5662,0,3.9
2025-07-21,Phone Stand,Accessories,Khon Kaen,Online,48,99,4752,0,4.9
2025-07-03,Laptop Bag,Bags,Chiang Mai,In-Store,19,890,16910,0,3.9
2025-10-11,Wireless Charger,Electronics,Phuket,Online,38,199,7562,2,3.4
2025-07-14,Keyboard Cover,Accessories,Pattaya,Marketplace,6,1590,9540,0,3.4
2025-06-10,Mouse Pad,Accessories,Chiang Mai,In-Store,45,1590,71550,3,4.4
2025-02-19,Bluetooth Earbuds,Electronics,Chiang Mai,In-Store,41,1590,65190,4,4.2
2025-06-22,Mouse Pad,Accessories,Chiang Mai,Online,26,299,7774,0,3.2
2025-06-10,Phone Stand,Accessories,Bangkok,In-Store,32,599,19168,2,3.8
2025-12-31,USB-C Cable,Accessories,Khon Kaen,In-Store,17,299,5083,1,4.7
2025-02-27,Mouse Pad,Accessories,Chiang Mai,In-Store,36,1590,57240,1,4.0
2025-06-20,Keyboard Cover,Accessories,Phuket,Marketplace,50,99,4950,2,4.2
2025-06-20,Phone Stand,Accessories,Chiang Mai,Online,38,199,7562,3,3.5
2025-05-25,iPhone Case,Accessories,Chiang Mai,In-Store,42,599,25158,1,4.1
2025-10-17,Bluetooth Earbuds,Electronics,Pattaya,Marketplace,24,349,8376,2,4.0
2025-01-05,Laptop Bag,Bags,Chiang Mai,Online,25,199,4975,2,4.2
2025-12-27,Keyboard Cover,Accessories,Chiang Mai,In-Store,45,1590,71550,4,4.5
2025-10-08,Mouse Pad,Accessories,Chiang Mai,Marketplace,26,299,7774,2,3.6
2025-02-18,Screen Protector,Accessories,Bangkok,Marketplace,42,99,4158,0,4.3
2025-04-02,Wireless Charger,Electronics,Khon Kaen,Online,46,99,4554,4,4.2
2025-03-27,Laptop Bag,Bags,Pattaya,Marketplace,22,890,19580,0,3.1
2025-05-03,USB-C Cable,Accessories,Phuket,In-Store,33,99,3267,0,4.8
2025-10-21,Screen Protector,Accessories,Bangkok,Marketplace,29,299,8671,2,4.0
2025-08-14,USB-C Cable,Accessories,Chiang Mai,Marketplace,7,1290,9030,1,3.3
2025-06-07,Bluetooth Earbuds,Electronics,Chiang Mai,In-Store,42,349,14658,2,4.8
2025-10-01,Mouse Pad,Accessories,Bangkok,In-Store,32,299,9568,2,4.8
2025-02-14,Power Bank,Electronics,Phuket,Marketplace,49,149,7301,0,3.1
2025-07-03,Mouse Pad,Accessories,Khon Kaen,Marketplace,4,149,596,1,3.4
2025-10-15,USB-C Cable,Accessories,Chiang Mai,In-Store,11,1590,17490,1,3.8
2025-12-05,USB-C Cable,Accessories,Phuket,Online,5,890,4450,1,3.1
2025-10-10,USB-C Cable,Accessories,Chiang Mai,Online,4,349,1396,1,3.9
2025-02-28,Keyboard Cover,Accessories,Bangkok,Marketplace,25,199,4975,0,3.0
2025-04-16,Keyboard Cover,Accessories,Bangkok,Marketplace,47,99,4653,4,3.1
2025-12-17,Wireless Charger,Electronics,Khon Kaen,Online,50,199,9950,2,3.8
2025-12-26,Power Bank,Electronics,Pattaya,Marketplace,4,149,596,1,3.2
2025-03-26,Laptop Bag,Bags,Phuket,Online,3,199,597,0,4.5
2025-10-02,Laptop Bag,Bags,Khon Kaen,Marketplace,5,599,2995,1,3.4
2025-08-21,Bluetooth Earbuds,Electronics,Chiang Mai,In-Store,33,349,11517,1,3.9
2025-11-23,Power Bank,Electronics,Chiang Mai,In-Store,16,890,14240,1,4.4
2025-09-26,Keyboard Cover,Accessories,Bangkok,Marketplace,33,99,3267,1,3.2
2025-10-20,Power Bank,Electronics,Pattaya,Marketplace,25,1590,39750,1,3.5
2025-02-02,Power Bank,Electronics,Pattaya,Online,50,149,7450,4,3.7
2025-01-11,Wireless Charger,Electronics,Pattaya,Marketplace,42,199,8358,3,3.3
2025-10-26,Bluetooth Earbuds,Electronics,Khon Kaen,Marketplace,30,199,5970,3,4.6
2025-04-03,USB-C Cable,Accessories,Phuket,Online,43,199,8557,3,4.1
2025-08-23,iPhone Case,Accessories,Phuket,Online,11,599,6589,1,4.8
2025-11-24,Bluetooth Earbuds,Electronics,Bangkok,In-Store,1,1290,1290,0,3.6
2025-02-02,iPhone Case,Accessories,Chiang Mai,In-Store,18,349,6282,1,4.2
2025-08-31,Power Bank,Electronics,Pattaya,Online,15,1290,19350,1,4.8
2025-08-06,Screen Protector,Accessories,Khon Kaen,Online,43,1290,55470,1,3.7
2025-06-05,iPhone Case,Accessories,Bangkok,In-Store,33,199,6567,1,3.8
2025-07-20,Bluetooth Earbuds,Electronics,Chiang Mai,Marketplace,32,1590,50880,3,4.6
2025-06-30,Phone Stand,Accessories,Pattaya,In-Store,29,890,25810,2,4.5
2025-02-22,iPhone Case,Accessories,Phuket,Marketplace,2,349,698,0,3.2
2025-01-22,Power Bank,Electronics,Pattaya,Marketplace,14,149,2086,1,4.3
2025-04-07,Mouse Pad,Accessories,Bangkok,Marketplace,8,1290,10320,0,3.3
2025-04-25,Phone Stand,Accessories,Pattaya,Online,15,890,13350,0,4.3
2025-10-31,USB-C Cable,Accessories,Chiang Mai,Online,43,149,6407,0,3.8
2025-12-30,Keyboard Cover,Accessories,Khon Kaen,In-Store,8,199,1592,0,3.7
2025-08-16,Phone Stand,Accessories,Phuket,Marketplace,17,599,10183,0,4.9
2025-05-31,Laptop Bag,Bags,Bangkok,Online,14,199,2786,1,3.9
2025-11-05,Keyboard Cover,Accessories,Chiang Mai,Online,28,349,9772,2,4.6
2025-11-11,Wireless Charger,Electronics,Khon Kaen,Online,17,199,3383,0,3.3
2025-05-17,Mouse Pad,Accessories,Phuket,In-Store,47,1590,74730,3,3.1
2025-05-11,Wireless Charger,Electronics,Phuket,Marketplace,50,199,9950,1,4.5
2025-03-30,Mouse Pad,Accessories,Chiang Mai,Marketplace,30,1290,38700,1,3.6
2025-10-22,iPhone Case,Accessories,Phuket,In-Store,18,99,1782,0,3.3
2025-04-21,Keyboard Cover,Accessories,Khon Kaen,Online,50,299,14950,3,4.0
2025-08-26,Laptop Bag,Bags,Bangkok,Online,29,890,25810,2,3.9
2025-01-24,Keyboard Cover,Accessories,Bangkok,Marketplace,31,99,3069,0,4.3
2025-12-21,Laptop Bag,Bags,Khon Kaen,In-Store,38,349,13262,3,3.2
2025-04-25,USB-C Cable,Accessories,Pattaya,Online,10,1590,15900,1,4.3
2025-11-24,iPhone Case,Accessories,Khon Kaen,Online,13,99,1287,1,4.2
2025-07-03,Phone Stand,Accessories,Chiang Mai,Marketplace,5,1590,7950,0,4.7
2025-01-02,Bluetooth Earbuds,Electronics,Khon Kaen,In-Store,1,199,199,0,4.3
2025-01-28,iPhone Case,Accessories,Phuket,Online,44,890,39160,3,4.5
2025-11-06,Power Bank,Electronics,Khon Kaen,Online,1,1590,1590,0,3.9
2025-04-04,Phone Stand,Accessories,Khon Kaen,In-Store,5,599,2995,0,3.0
2025-12-03,Wireless Charger,Electronics,Phuket,Online,50,890,44500,5,3.9
2025-05-19,Power Bank,Electronics,Bangkok,Online,18,1590,28620,1,4.9
2025-08-14,iPhone Case,Accessories,Khon Kaen,Marketplace,46,890,40940,0,4.6
2025-04-25,Phone Stand,Accessories,Bangkok,Marketplace,2,349,698,0,3.9
2025-07-19,Bluetooth Earbuds,Electronics,Phuket,Online,1,1290,1290,1,4.6
2025-07-26,iPhone Case,Accessories,Chiang Mai,Online,39,599,23361,2,3.9
2025-05-11,iPhone Case,Accessories,Khon Kaen,Online,2,890,1780,0,3.1
2025-01-14,Bluetooth Earbuds,Electronics,Phuket,In-Store,37,349,12913,3,3.8
2025-01-14,USB-C Cable,Accessories,Chiang Mai,Marketplace,29,99,2871,0,4.8
2025-06-22,Wireless Charger,Electronics,Khon Kaen,Online,34,599,20366,1,3.2
2025-03-06,Keyboard Cover,Accessories,Pattaya,Marketplace,22,349,7678,2,3.1
2025-04-25,USB-C Cable,Accessories,Phuket,In-Store,9,199,1791,1,4.2
2025-09-14,iPhone Case,Accessories,Khon Kaen,In-Store,43,99,4257,2,3.6
2025-09-06,iPhone Case,Accessories,Chiang Mai,Marketplace,45,599,26955,3,3.4
2025-01-06,Bluetooth Earbuds,Electronics,Pattaya,Online,41,349,14309,1,3.3
2025-05-28,Power Bank,Electronics,Bangkok,Online,46,349,16054,0,3.4
2025-06-03,Mouse Pad,Accessories,Chiang Mai,Online,28,1590,44520,0,4.5
2025-04-07,USB-C Cable,Accessories,Phuket,In-Store,22,99,2178,2,4.2
2025-01-10,Keyboard Cover,Accessories,Pattaya,Online,43,99,4257,2,3.3
2025-02-11,USB-C Cable,Accessories,Phuket,In-Store,19,149,2831,0,3.7
2025-04-12,Mouse Pad,Accessories,Pattaya,In-Store,2,349,698,0,4.2
2025-04-25,Screen Protector,Accessories,Pattaya,Online,21,349,7329,0,3.2
2025-04-16,Bluetooth Earbuds,Electronics,Khon Kaen,Online,20,1590,31800,2,3.3
2025-06-05,Keyboard Cover,Accessories,Pattaya,Online,28,299,8372,1,3.5
2025-12-18,Screen Protector,Accessories,Pattaya,Online,4,99,396,1,4.9
2025-06-26,USB-C Cable,Accessories,Phuket,Marketplace,7,1290,9030,1,4.4
2025-10-13,USB-C Cable,Accessories,Phuket,Marketplace,47,599,28153,3,3.6
2025-05-24,Keyboard Cover,Accessories,Pattaya,Marketplace,42,149,6258,2,4.8
2025-09-24,USB-C Cable,Accessories,Khon Kaen,Online,45,349,15705,4,3.5
2025-08-06,iPhone Case,Accessories,Pattaya,Online,41,149,6109,2,3.0
2025-12-25,Mouse Pad,Accessories,Khon Kaen,Marketplace,7,199,1393,1,3.7
2025-09-26,iPhone Case,Accessories,Pattaya,In-Store,18,299,5382,0,4.2
2025-03-16,Laptop Bag,Bags,Chiang Mai,In-Store,39,1290,50310,3,4.7
2025-04-17,Mouse Pad,Accessories,Chiang Mai,In-Store,42,890,37380,0,4.2
2025-07-31,Phone Stand,Accessories,Bangkok,In-Store,43,890,38270,1,3.6
2025-02-21,Bluetooth Earbuds,Electronics,Khon Kaen,Online,26,199,5174,2,3.6
2025-02-04,Keyboard Cover,Accessories,Bangkok,Marketplace,7,1290,9030,1,4.6
2025-09-30,Keyboard Cover,Accessories,Khon Kaen,In-Store,12,890,10680,0,3.9
2025-02-05,Keyboard Cover,Accessories,Bangkok,Online,4,599,2396,0,4.3
2025-01-17,iPhone Case,Accessories,Pattaya,Marketplace,1,199,199,0,3.2
2025-11-22,Wireless Charger,Electronics,Khon Kaen,Online,24,599,14376,2,4.0
2025-01-12,Laptop Bag,Bags,Pattaya,In-Store,26,1290,33540,0,3.3
2025-03-08,iPhone Case,Accessories,Chiang Mai,Online,43,199,8557,2,4.5
2025-06-02,Wireless Charger,Electronics,Phuket,Marketplace,10,1590,15900,0,3.4
2025-05-13,Keyboard Cover,Accessories,Phuket,Online,26,599,15574,2,3.8
2025-07-14,Keyboard Cover,Accessories,Chiang Mai,Marketplace,17,99,1683,0,4.2
2025-05-18,Laptop Bag,Bags,Phuket,Marketplace,36,299,10764,0,4.7
2025-08-27,Power Bank,Electronics,Pattaya,In-Store,18,1590,28620,1,4.6
2025-01-22,Laptop Bag,Bags,Khon Kaen,Marketplace,5,599,2995,1,4.9
2025-02-08,Bluetooth Earbuds,Electronics,Khon Kaen,In-Store,12,299,3588,0,3.7
2025-08-05,Bluetooth Earbuds,Electronics,Phuket,Marketplace,40,1290,51600,2,3.4
2025-08-26,Mouse Pad,Accessories,Bangkok,Online,40,1290,51600,2,3.2
2025-10-31,Mouse Pad,Accessories,Phuket,Marketplace,10,1590,15900,1,4.0
2025-05-03,Laptop Bag,Bags,Pattaya,Marketplace,24,349,8376,1,4.7
2025-07-10,Laptop Bag,Bags,Phuket,In-Store,38,349,13262,3,3.7
2025-02-16,Keyboard Cover,Accessories,Khon Kaen,In-Store,10,299,2990,1,4.0
2025-10-23,Wireless Charger,Electronics,Bangkok,In-Store,15,599,8985,0,3.8
2025-01-22,Wireless Charger,Electronics,Chiang Mai,Online,8,199,1592,1,4.2
2025-01-05,Wireless Charger,Electronics,Chiang Mai,Online,4,890,3560,0,4.5
2025-04-27,Keyboard Cover,Accessories,Pattaya,Marketplace,30,1290,38700,2,3.6
2025-11-29,Wireless Charger,Electronics,Khon Kaen,Marketplace,14,149,2086,1,4.8
2025-03-30,Bluetooth Earbuds,Electronics,Pattaya,In-Store,32,99,3168,1,4.2
2025-12-17,Power Bank,Electronics,Pattaya,Online,33,299,9867,1,4.9
2025-04-28,Keyboard Cover,Accessories,Bangkok,In-Store,37,1290,47730,1,3.4
2025-10-18,USB-C Cable,Accessories,Bangkok,Marketplace,44,199,8756,1,3.7
2025-12-15,Screen Protector,Accessories,Pattaya,Marketplace,49,299,14651,0,4.9
2025-07-31,Power Bank,Electronics,Pattaya,In-Store,20,890,17800,2,4.5
2025-08-03,Phone Stand,Accessories,Khon Kaen,Marketplace,21,599,12579,0,3.6
2025-02-23,Wireless Charger,Electronics,Khon Kaen,In-Store,49,149,7301,0,3.3
2025-03-23,Wireless Charger,Electronics,Khon Kaen,Online,14,99,1386,1,3.2
2025-04-16,Keyboard Cover,Accessories,Khon Kaen,In-Store,35,199,6965,2,4.2
2025-08-29,USB-C Cable,Accessories,Pattaya,Marketplace,11,349,3839,0,4.0
2025-12-18,Mouse Pad,Accessories,Khon Kaen,In-Store,6,1590,9540,0,3.9
2025-10-17,Mouse Pad,Accessories,Phuket,Online,33,599,19767,0,4.6
2025-07-09,Phone Stand,Accessories,Pattaya,Online,6,890,5340,0,4.2
2025-12-10,Wireless Charger,Electronics,Phuket,Marketplace,23,99,2277,0,4.0
2025-07-18,Bluetooth Earbuds,Electronics,Pattaya,In-Store,17,890,15130,0,4.2
2025-04-14,Bluetooth Earbuds,Electronics,Pattaya,Online,22,199,4378,0,4.5
2025-05-11,Laptop Bag,Bags,Chiang Mai,In-Store,12,99,1188,0,4.0
2025-10-28,Phone Stand,Accessories,Pattaya,Marketplace,5,599,2995,1,3.2
2025-09-03,Mouse Pad,Accessories,Pattaya,Online,26,599,15574,0,4.8
2025-11-19,Laptop Bag,Bags,Khon Kaen,Online,43,599,25757,3,4.0
2025-08-14,Laptop Bag,Bags,Bangkok,In-Store,6,1590,9540,0,4.2
2025-10-29,Wireless Charger,Electronics,Bangkok,In-Store,19,890,16910,1,4.8
2025-04-12,Laptop Bag,Bags,Bangkok,In-Store,20,599,11980,2,4.5
2025-03-07,Phone Stand,Accessories,Khon Kaen,Marketplace,44,99,4356,3,3.7
2025-04-07,Bluetooth Earbuds,Electronics,Bangkok,In-Store,50,890,44500,5,3.3
2025-08-23,Keyboard Cover,Accessories,Khon Kaen,Online,11,890,9790,1,4.6
2025-11-29,Screen Protector,Accessories,Pattaya,In-Store,13,199,2587,1,3.5
2025-09-29,USB-C Cable,Accessories,Chiang Mai,Marketplace,48,99,4752,0,3.8
2025-07-22,Bluetooth Earbuds,Electronics,Bangkok,In-Store,38,199,7562,2,4.7
2025-01-13,Wireless Charger,Electronics,Phuket,In-Store,27,199,5373,2,4.9
2025-03-03,USB-C Cable,Accessories,Phuket,Marketplace,7,299,2093,1,3.1
2025-12-31,Wireless Charger,Electronics,Khon Kaen,Online,2,1590,3180,1,4.6
2025-05-31,Keyboard Cover,Accessories,Pattaya,In-Store,18,199,3582,1,3.4
2025-01-22,Bluetooth Earbuds,Electronics,Bangkok,Online,36,199,7164,2,3.9
2025-05-03,Power Bank,Electronics,Chiang Mai,In-Store,47,599,28153,0,4.4
2025-03-31,iPhone Case,Accessories,Chiang Mai,Online,34,1590,54060,2,3.4
2025-05-31,Laptop Bag,Bags,Pattaya,In-Store,4,199,796,0,3.4
2025-11-30,Bluetooth Earbuds,Electronics,Khon Kaen,Marketplace,2,299,598,0,5.0
2025-11-02,Wireless Charger,Electronics,Phuket,Marketplace,11,149,1639,1,3.7
2025-05-29,Laptop Bag,Bags,Phuket,In-Store,8,599,4792,0,4.4
2025-06-17,Laptop Bag,Bags,Pattaya,In-Store,25,299,7475,2,3.5
2025-08-28,Laptop Bag,Bags,Pattaya,In-Store,43,349,15007,4,3.4
2025-09-12,Bluetooth Earbuds,Electronics,Chiang Mai,Marketplace,32,890,28480,0,4.3
2025-06-25,iPhone Case,Accessories,Pattaya,Marketplace,2,99,198,0,4.4
2025-01-14,iPhone Case,Accessories,Phuket,Marketplace,22,199,4378,2,4.8
2025-08-20,Phone Stand,Accessories,Chiang Mai,Marketplace,34,299,10166,3,3.3
2025-03-15,Power Bank,Electronics,Phuket,Marketplace,34,890,30260,3,4.2
2025-01-21,Power Bank,Electronics,Bangkok,Online,47,1290,60630,2,3.8
2025-06-27,Screen Protector,Accessories,Phuket,Marketplace,27,599,16173,1,3.9
2025-03-07,Laptop Bag,Bags,Khon Kaen,Marketplace,6,599,3594,1,5.0
2025-03-04,Mouse Pad,Accessories,Khon Kaen,Online,8,349,2792,0,4.6
2025-09-16,USB-C Cable,Accessories,Chiang Mai,In-Store,16,1290,20640,0,3.3
2025-07-23,Screen Protector,Accessories,Phuket,Online,24,299,7176,0,3.7
2025-10-19,Keyboard Cover,Accessories,Phuket,Marketplace,43,149,6407,3,3.6
2025-03-19,Laptop Bag,Bags,Pattaya,Online,18,349,6282,0,3.1
2025-10-18,USB-C Cable,Accessories,Bangkok,In-Store,11,149,1639,0,4.3
2025-01-31,Wireless Charger,Electronics,Bangkok,Online,26,199,5174,0,4.1
2025-06-25,Keyboard Cover,Accessories,Bangkok,Online,34,299,10166,0,3.7
2025-06-05,USB-C Cable,Accessories,Khon Kaen,In-Store,1,1290,1290,0,4.1
2025-12-05,Laptop Bag,Bags,Phuket,Online,20,299,5980,0,3.4
2025-08-12,Screen Protector,Accessories,Phuket,Online,1,890,890,0,4.3
2025-08-18,Mouse Pad,Accessories,Pattaya,Marketplace,4,1290,5160,0,3.1
2025-01-19,Screen Protector,Accessories,Khon Kaen,Marketplace,49,99,4851,4,4.4
2025-08-02,USB-C Cable,Accessories,Bangkok,Marketplace,10,1290,12900,1,4.7
2025-03-09,Screen Protector,Accessories,Bangkok,In-Store,34,890,30260,1,4.4
2025-12-26,USB-C Cable,Accessories,Phuket,Online,6,1590,9540,0,3.8
2025-09-16,Mouse Pad,Accessories,Phuket,In-Store,46,349,16054,3,4.9
2025-03-19,Bluetooth Earbuds,Electronics,Chiang Mai,Online,7,299,2093,1,3.1
2025-05-07,Mouse Pad,Accessories,Pattaya,Marketplace,13,149,1937,0,3.4
2025-10-12,Bluetooth Earbuds,Electronics,Chiang Mai,Marketplace,5,1290,6450,1,3.8
2025-06-14,Keyboard Cover,Accessories,Pattaya,Online,33,199,6567,0,4.9
2025-01-13,iPhone Case,Accessories,Bangkok,Marketplace,6,599,3594,1,4.8
2025-10-11,iPhone Case,Accessories,Bangkok,Marketplace,8,99,792,0,3.5
2025-09-25,Screen Protector,Accessories,Bangkok,Marketplace,5,599,2995,0,3.8
2025-01-27,Mouse Pad,Accessories,Chiang Mai,In-Store,23,599,13777,1,4.9
2025-01-18,USB-C Cable,Accessories,Khon Kaen,Marketplace,32,99,3168,3,3.3
2025-11-12,Wireless Charger,Electronics,Khon Kaen,Online,41,299,12259,1,4.8
2025-01-27,Keyboard Cover,Accessories,Chiang Mai,In-Store,33,599,19767,3,3.4
2025-02-01,Bluetooth Earbuds,Electronics,Chiang Mai,Online,34,299,10166,0,3.4
2025-10-14,USB-C Cable,Accessories,Pattaya,In-Store,26,349,9074,2,3.3
2025-04-15,Laptop Bag,Bags,Khon Kaen,Online,29,1590,46110,0,4.1
2025-01-14,Laptop Bag,Bags,Chiang Mai,Online,10,1290,12900,0,4.9
2025-08-13,Power Bank,Electronics,Khon Kaen,Marketplace,10,1290,12900,1,3.1
2025-02-16,iPhone Case,Accessories,Bangkok,In-Store,2,1590,3180,1,5.0
2025-09-03,Phone Stand,Accessories,Bangkok,Online,5,299,1495,0,4.6
2025-04-02,USB-C Cable,Accessories,Khon Kaen,Marketplace,44,1290,56760,2,5.0
2025-11-12,Screen Protector,Accessories,Bangkok,In-Store,41,1590,65190,0,3.4
2025-04-01,Screen Protector,Accessories,Pattaya,In-Store,16,599,9584,0,3.5
2025-07-14,Mouse Pad,Accessories,Phuket,In-Store,20,149,2980,0,4.1
2025-01-11,Keyboard Cover,Accessories,Chiang Mai,In-Store,24,199,4776,1,4.0
2025-06-09,USB-C Cable,Accessories,Bangkok,Marketplace,1,99,99,1,4.4
2025-03-24,Bluetooth Earbuds,Electronics,Khon Kaen,In-Store,11,1290,14190,0,3.4
2025-03-03,Keyboard Cover,Accessories,Khon Kaen,Online,3,99,297,0,4.6
2025-09-04,Laptop Bag,Bags,Bangkok,Marketplace,22,299,6578,1,4.5
2025-08-11,Laptop Bag,Bags,Khon Kaen,Marketplace,25,1590,39750,0,3.1
2025-12-22,USB-C Cable,Accessories,Chiang Mai,Online,37,149,5513,1,4.2
2025-11-16,Screen Protector,Accessories,Chiang Mai,Online,30,349,10470,1,4.4
2025-12-09,Wireless Charger,Electronics,Phuket,Online,36,149,5364,3,4.7
2025-03-09,Power Bank,Electronics,Chiang Mai,Online,29,199,5771,2,3.7
2025-03-12,Mouse Pad,Accessories,Pattaya,Online,33,1290,42570,2,4.5
2025-01-02,Phone Stand,Accessories,Phuket,Online,24,1290,30960,2,4.0
2025-12-22,Mouse Pad,Accessories,Phuket,In-Store,20,890,17800,2,4.0
2025-05-12,USB-C Cable,Accessories,Bangkok,In-Store,21,99,2079,0,3.1
2025-07-06,Wireless Charger,Electronics,Pattaya,Online,35,1290,45150,3,3.6
2025-11-14,Bluetooth Earbuds,Electronics,Phuket,Marketplace,14,349,4886,0,4.5
2025-04-03,iPhone Case,Accessories,Chiang Mai,In-Store,27,299,8073,2,3.0
2025-02-10,Phone Stand,Accessories,Phuket,Online,45,99,4455,1,3.7
2025-01-10,iPhone Case,Accessories,Phuket,Marketplace,43,890,38270,3,4.0
2025-04-26,Mouse Pad,Accessories,Bangkok,Marketplace,15,1590,23850,0,3.7
2025-07-21,Keyboard Cover,Accessories,Khon Kaen,Marketplace,8,99,792,1,4.8
2025-08-27,Screen Protector,Accessories,Khon Kaen,In-Store,48,299,14352,0,4.2
2025-01-10,iPhone Case,Accessories,Khon Kaen,In-Store,21,1290,27090,2,4.8
2025-05-29,USB-C Cable,Accessories,Chiang Mai,Online,6,149,894,1,3.3
2025-03-09,Bluetooth Earbuds,Electronics,Bangkok,Marketplace,49,599,29351,2,4.5
2025-09-01,USB-C Cable,Accessories,Phuket,Online,34,890,30260,0,5.0
2025-01-18,iPhone Case,Accessories,Bangkok,Marketplace,10,199,1990,0,4.2
2025-11-07,USB-C Cable,Accessories,Bangkok,In-Store,2,1590,3180,0,4.5
2025-10-12,Screen Protector,Accessories,Chiang Mai,Marketplace,40,890,35600,4,3.9
2025-06-18,USB-C Cable,Accessories,Chiang Mai,In-Store,22,99,2178,1,3.3
2025-09-23,Keyboard Cover,Accessories,Phuket,Online,48,1290,61920,4,3.8
2025-08-01,Laptop Bag,Bags,Bangkok,In-Store,40,599,23960,2,3.7
2025-05-31,Laptop Bag,Bags,Chiang Mai,Online,33,890,29370,1,4.5
2025-02-23,Bluetooth Earbuds,Electronics,Chiang Mai,In-Store,20,1590,31800,1,3.4
2025-06-28,Laptop Bag,Bags,Phuket,Marketplace,30,349,10470,0,4.1
2025-07-21,Keyboard Cover,Accessories,Pattaya,In-Store,37,199,7363,1,3.6
2025-09-28,USB-C Cable,Accessories,Phuket,Marketplace,30,349,10470,1,4.2
2025-06-06,Laptop Bag,Bags,Khon Kaen,In-Store,42,99,4158,3,3.7
2025-12-24,USB-C Cable,Accessories,Bangkok,Marketplace,9,890,8010,1,3.9
2025-01-24,Wireless Charger,Electronics,Phuket,Marketplace,1,599,599,1,3.3
2025-12-26,Wireless Charger,Electronics,Phuket,Marketplace,2,149,298,0,4.7
2025-03-12,Phone Stand,Accessories,Khon Kaen,Online,19,299,5681,0,3.0
2025-01-24,USB-C Cable,Accessories,Pattaya,In-Store,38,149,5662,2,3.6
2025-05-18,Power Bank,Electronics,Pattaya,Marketplace,16,1290,20640,0,4.4
2025-10-28,Power Bank,Electronics,Khon Kaen,In-Store,33,1290,42570,1,4.2
2025-10-19,Keyboard Cover,Accessories,Pattaya,Marketplace,31,890,27590,3,4.3
2025-09-04,Wireless Charger,Electronics,Bangkok,In-Store,17,890,15130,0,3.7
2025-06-23,Phone Stand,Accessories,Pattaya,Online,50,99,4950,2,5.0
2025-02-19,Laptop Bag,Bags,Khon Kaen,In-Store,33,199,6567,2,5.0
2025-07-15,Mouse Pad,Accessories,Chiang Mai,In-Store,6,99,594,0,4.1
2025-05-02,USB-C Cable,Accessories,Chiang Mai,In-Store,40,99,3960,0,3.5
2025-12-22,Laptop Bag,Bags,Bangkok,Online,40,99,3960,1,3.8
2025-10-11,iPhone Case,Accessories,Bangkok,Marketplace,38,299,11362,2,3.7
2025-06-26,Mouse Pad,Accessories,Chiang Mai,Marketplace,31,199,6169,2,4.0
2025-06-21,Phone Stand,Accessories,Pattaya,In-Store,34,890,30260,0,3.3
2025-05-11,Wireless Charger,Electronics,Phuket,In-Store,43,99,4257,2,4.3
2025-07-11,Bluetooth Earbuds,Electronics,Phuket,In-Store,18,1290,23220,0,3.7
2025-05-30,Power Bank,Electronics,Pattaya,Online,17,199,3383,0,3.4
2025-01-21,Power Bank,Electronics,Phuket,Marketplace,38,890,33820,2,4.2
2025-07-25,iPhone Case,Accessories,Bangkok,In-Store,21,890,18690,0,4.6
2025-01-13,Laptop Bag,Bags,Chiang Mai,In-Store,48,349,16752,2,3.6
2025-04-28,USB-C Cable,Accessories,Bangkok,Online,16,299,4784,1,4.3
2025-05-23,Mouse Pad,Accessories,Phuket,Online,19,890,16910,1,3.5
2025-07-30,Wireless Charger,Electronics,Khon Kaen,Online,50,1290,64500,2,3.5
2025-06-13,Keyboard Cover,Accessories,Bangkok,Marketplace,29,349,10121,2,5.0
2025-01-12,Phone Stand,Accessories,Chiang Mai,Online,39,890,34710,1,3.6
2025-06-24,Mouse Pad,Accessories,Bangkok,Marketplace,11,149,1639,0,4.6
2025-06-10,Power Bank,Electronics,Pattaya,In-Store,8,349,2792,1,4.1
2025-11-13,Keyboard Cover,Accessories,Chiang Mai,In-Store,14,99,1386,1,3.3
2025-04-25,Wireless Charger,Electronics,Phuket,Marketplace,50,99,4950,3,3.2
2025-06-09,iPhone Case,Accessories,Chiang Mai,Marketplace,25,599,14975,2,3.6
2025-09-15,Keyboard Cover,Accessories,Khon Kaen,Marketplace,45,1590,71550,0,4.6
2025-10-23,Power Bank,Electronics,Khon Kaen,Marketplace,43,1290,55470,2,4.3
2025-11-24,USB-C Cable,Accessories,Khon Kaen,In-Store,40,349,13960,1,3.7
2025-07-16,iPhone Case,Accessories,Pattaya,Marketplace,30,599,17970,2,4.5
2025-08-23,iPhone Case,Accessories,Khon Kaen,Online,32,149,4768,2,3.7
2025-11-30,iPhone Case,Accessories,Chiang Mai,Marketplace,19,890,16910,0,4.8
2025-08-18,Screen Protector,Accessories,Chiang Mai,In-Store,39,149,5811,0,3.1
2025-09-22,Wireless Charger,Electronics,Khon Kaen,Online,29,199,5771,0,3.9
2025-09-19,Bluetooth Earbuds,Electronics,Phuket,Online,41,349,14309,3,3.7
2025-03-04,Phone Stand,Accessories,Phuket,Online,20,99,1980,2,4.8
2025-10-11,USB-C Cable,Accessories,Pattaya,In-Store,9,890,8010,0,4.8
2025-03-21,Phone Stand,Accessories,Bangkok,In-Store,28,199,5572,2,4.0
2025-11-13,USB-C Cable,Accessories,Bangkok,Online,49,199,9751,4,4.7
2025-05-30,Wireless Charger,Electronics,Khon Kaen,Online,12,890,10680,0,3.8
2025-09-02,Phone Stand,Accessories,Pattaya,Marketplace,34,599,20366,2,4.0
2025-05-22,Power Bank,Electronics,Khon Kaen,In-Store,23,1290,29670,1,4.4
2025-08-20,Bluetooth Earbuds,Electronics,Pattaya,Online,39,199,7761,1,4.6
2025-01-14,USB-C Cable,Accessories,Bangkok,Marketplace,5,199,995,1,4.1
2025-11-14,iPhone Case,Accessories,Khon Kaen,Marketplace,37,99,3663,0,4.2
2025-12-08,Bluetooth Earbuds,Electronics,Pattaya,Online,2,349,698,0,3.3
2025-09-06,Mouse Pad,Accessories,Bangkok,In-Store,27,1290,34830,1,4.1
2025-08-11,Screen Protector,Accessories,Pattaya,Marketplace,7,99,693,0,4.1
2025-10-31,Wireless Charger,Electronics,Bangkok,In-Store,11,99,1089,0,3.1
2025-04-25,USB-C Cable,Accessories,Phuket,Online,42,1290,54180,2,3.4
2025-12-18,Wireless Charger,Electronics,Khon Kaen,Marketplace,43,349,15007,2,4.7
2025-06-14,Power Bank,Electronics,Pattaya,In-Store,17,99,1683,1,3.8
2025-10-31,Phone Stand,Accessories,Bangkok,In-Store,22,149,3278,1,4.9
2025-07-06,Phone Stand,Accessories,Bangkok,In-Store,42,890,37380,3,4.9
2025-09-08,Screen Protector,Accessories,Phuket,Marketplace,24,149,3576,2,3.8
2025-05-02,Screen Protector,Accessories,Phuket,In-Store,22,1590,34980,1,4.0
2025-11-15,Phone Stand,Accessories,Pattaya,In-Store,25,299,7475,0,3.8
2025-10-01,iPhone Case,Accessories,Phuket,In-Store,35,1290,45150,2,3.2
2025-07-18,Power Bank,Electronics,Chiang Mai,Online,19,349,6631,1,3.7
2025-11-27,Mouse Pad,Accessories,Chiang Mai,Marketplace,25,199,4975,2,4.4
2025-02-14,Keyboard Cover,Accessories,Chiang Mai,Online,10,1290,12900,0,4.4
2025-11-29,Laptop Bag,Bags,Chiang Mai,Online,19,149,2831,1,3.9
2025-12-05,Power Bank,Electronics,Pattaya,In-Store,44,149,6556,0,3.6
2025-06-21,Bluetooth Earbuds,Electronics,Chiang Mai,Marketplace,30,599,17970,1,3.6
2025-04-20,Power Bank,Electronics,Chiang Mai,Online,34,299,10166,2,4.1
2025-04-01,Phone Stand,Accessories,Bangkok,Marketplace,24,890,21360,1,3.4
2025-11-28,Keyboard Cover,Accessories,Pattaya,In-Store,23,1590,36570,0,3.9
2025-05-21,Laptop Bag,Bags,Chiang Mai,In-Store,37,599,22163,3,3.3
2025-06-30,iPhone Case,Accessories,Pattaya,Marketplace,17,299,5083,1,4.4
2025-06-30,Mouse Pad,Accessories,Chiang Mai,In-Store,21,349,7329,2,3.8
2025-06-27,Wireless Charger,Electronics,Bangkok,In-Store,30,1590,47700,2,3.6
2025-10-24,iPhone Case,Accessories,Phuket,In-Store,45,349,15705,2,3.3
2025-10-17,Laptop Bag,Bags,Khon Kaen,In-Store,14,1590,22260,1,4.6
2025-04-24,Laptop Bag,Bags,Bangkok,Online,30,299,8970,1,3.4
2025-07-11,Screen Protector,Accessories,Phuket,Marketplace,1,99,99,1,3.8
2025-05-29,Keyboard Cover,Accessories,Khon Kaen,Marketplace,5,1290,6450,1,5.0
2025-03-14,Power Bank,Electronics,Khon Kaen,Online,25,349,8725,2,3.4
2025-05-02,Phone Stand,Accessories,Pattaya,In-Store,21,349,7329,0,4.8
2025-01-27,Power Bank,Electronics,Pattaya,Online,10,149,1490,0,3.7
2025-01-09,Bluetooth Earbuds,Electronics,Phuket,Online,4,349,1396,0,3.4
2025-08-07,Phone Stand,Accessories,Pattaya,Online,15,349,5235,0,4.4
2025-06-25,Mouse Pad,Accessories,Chiang Mai,Online,48,299,14352,3,4.3
2025-11-11,Power Bank,Electronics,Pattaya,Online,44,890,39160,1,4.7
2025-11-28,Keyboard Cover,Accessories,Pattaya,Marketplace,16,99,1584,1,3.2
2025-08-04,USB-C Cable,Accessories,Phuket,Online,28,349,9772,0,4.3
2025-01-26,Keyboard Cover,Accessories,Phuket,Marketplace,22,1590,34980,0,3.8
2025-03-30,Bluetooth Earbuds,Electronics,Phuket,Marketplace,47,299,14053,2,3.3
2025-05-06,Keyboard Cover,Accessories,Chiang Mai,Online,44,99,4356,1,3.8
2025-04-05,Mouse Pad,Accessories,Pattaya,In-Store,1,599,599,0,3.2
2025-12-25,Laptop Bag,Bags,Phuket,In-Store,46,1590,73140,3,3.5
2025-03-14,Keyboard Cover,Accessories,Pattaya,Online,2,349,698,0,4.6
2025-12-18,Power Bank,Electronics,Chiang Mai,Online,1,199,199,1,4.1
2025-09-30,Keyboard Cover,Accessories,Bangkok,Marketplace,10,99,990,1,4.3
2025-08-16,Bluetooth Earbuds,Electronics,Chiang Mai,Marketplace,6,1590,9540,0,4.0
2025-06-22,Keyboard Cover,Accessories,Pattaya,In-Store,33,1290,42570,1,3.2
2025-04-14,Power Bank,Electronics,Phuket,In-Store,36,199,7164,0,3.0
2025-12-01,Screen Protector,Accessories,Pattaya,Online,26,99,2574,0,4.7
2025-06-11,Bluetooth Earbuds,Electronics,Chiang Mai,Marketplace,4,349,1396,0,3.3
2025-11-20,Screen Protector,Accessories,Khon Kaen,In-Store,16,99,1584,0,3.2
2025-07-14,Laptop Bag,Bags,Phuket,In-Store,5,299,1495,0,4.2
2025-02-25,Mouse Pad,Accessories,Pattaya,Online,5,1590,7950,0,4.7
2025-05-02,Screen Protector,Accessories,Bangkok,Marketplace,33,349,11517,2,4.5
2025-08-05,Laptop Bag,Bags,Khon Kaen,Marketplace,3,1290,3870,1,3.9
2025-09-18,Power Bank,Electronics,Chiang Mai,Online,10,349,3490,1,4.2
2025-08-29,Wireless Charger,Electronics,Khon Kaen,Marketplace,32,149,4768,0,3.5
2025-09-28,USB-C Cable,Accessories,Khon Kaen,Online,21,1290,27090,2,5.0
2025-04-29,Wireless Charger,Electronics,Phuket,Marketplace,22,599,13178,2,3.1
2025-06-24,Keyboard Cover,Accessories,Phuket,Marketplace,42,1290,54180,4,4.3
2025-12-24,Bluetooth Earbuds,Electronics,Phuket,In-Store,46,149,6854,1,4.4
2025-12-13,USB-C Cable,Accessories,Khon Kaen,Marketplace,42,299,12558,0,3.5
2025-06-03,Phone Stand,Accessories,Pattaya,Marketplace,33,199,6567,3,3.8
2025-06-23,iPhone Case,Accessories,Khon Kaen,In-Store,9,199,1791,1,4.1
2025-09-24,Phone Stand,Accessories,Khon Kaen,Online,2,599,1198,1,4.3
2025-09-04,USB-C Cable,Accessories,Khon Kaen,Marketplace,44,599,26356,1,4.9
2025-10-24,Phone Stand,Accessories,Phuket,Marketplace,26,199,5174,1,4.4
2025-10-13,Mouse Pad,Accessories,Phuket,In-Store,42,149,6258,1,4.1
2025-06-08,Mouse Pad,Accessories,Chiang Mai,In-Store,38,299,11362,1,3.8
2025-05-13,USB-C Cable,Accessories,Pattaya,Online,32,199,6368,1,3.1
2025-08-16,Bluetooth Earbuds,Electronics,Chiang Mai,Marketplace,6,299,1794,0,5.0
2025-09-01,Laptop Bag,Bags,Pattaya,In-Store,14,1290,18060,0,5.0
2025-06-10,Power Bank,Electronics,Khon Kaen,Marketplace,46,149,6854,1,3.2
2025-04-07,Phone Stand,Accessories,Chiang Mai,Marketplace,45,199,8955,3,3.9
2025-03-09,Wireless Charger,Electronics,Chiang Mai,Online,7,1290,9030,1,4.2
2025-04-24,Phone Stand,Accessories,Phuket,Online,41,1590,65190,3,4.6
2025-10-06,Power Bank,Electronics,Khon Kaen,Online,45,99,4455,4,3.2
2025-06-23,Laptop Bag,Bags,Khon Kaen,Marketplace,6,99,594,0,3.2
2025-03-13,Power Bank,Electronics,Chiang Mai,In-Store,40,199,7960,2,3.4
2025-07-30,Mouse Pad,Accessories,Phuket,Online,39,99,3861,0,4.8
2025-01-04,Bluetooth Earbuds,Electronics,Khon Kaen,Marketplace,35,349,12215,2,3.6
2025-09-12,Power Bank,Electronics,Bangkok,Marketplace,47,299,14053,2,4.6
2025-08-08,USB-C Cable,Accessories,Pattaya,In-Store,47,149,7003,0,3.5
2025-10-30,Wireless Charger,Electronics,Phuket,In-Store,50,149,7450,2,3.5
2025-04-14,iPhone Case,Accessories,Chiang Mai,In-Store,28,1290,36120,0,5.0
2025-02-02,Wireless Charger,Electronics,Pattaya,Online,50,149,7450,0,4.0
2025-12-14,Bluetooth Earbuds,Electronics,Chiang Mai,Marketplace,35,149,5215,1,4.1
2025-07-07,iPhone Case,Accessories,Phuket,Online,16,199,3184,1,3.9
2025-10-09,Bluetooth Earbuds,Electronics,Pattaya,In-Store,11,349,3839,0,4.3
2025-10-04,iPhone Case,Accessories,Phuket,In-Store,36,349,12564,2,4.0
2025-01-20,Mouse Pad,Accessories,Pattaya,Online,42,1290,54180,1,4.5
2025-03-14,iPhone Case,Accessories,Phuket,Marketplace,15,1590,23850,0,4.2
2025-02-22,USB-C Cable,Accessories,Pattaya,In-Store,34,299,10166,2,3.3
2025-04-19,Wireless Charger,Electronics,Phuket,Marketplace,21,599,12579,2,3.2
2025-04-08,Bluetooth Earbuds,Electronics,Chiang Mai,Marketplace,40,890,35600,1,4.2
2025-05-17,Mouse Pad,Accessories,Chiang Mai,In-Store,23,99,2277,1,4.3
2025-11-14,Mouse Pad,Accessories,Bangkok,Marketplace,17,1290,21930,0,4.9
2025-08-08,Keyboard Cover,Accessories,Khon Kaen,In-Store,28,299,8372,0,3.6
2025-09-19,Laptop Bag,Bags,Chiang Mai,Online,25,890,22250,2,4.0
2025-06-17,Screen Protector,Accessories,Khon Kaen,Online,24,349,8376,1,3.0
2025-05-05,Wireless Charger,Electronics,Khon Kaen,Marketplace,24,1290,30960,1,3.7
2025-06-04,Phone Stand,Accessories,Bangkok,Online,45,1590,71550,0,4.0
2025-09-15,Wireless Charger,Electronics,Phuket,Marketplace,12,299,3588,0,3.1
2025-05-10,USB-C Cable,Accessories,Pattaya,In-Store,29,1590,46110,1,3.8
2025-08-01,Power Bank,Electronics,Phuket,Online,38,890,33820,2,4.5
2025-10-19,Wireless Charger,Electronics,Pattaya,Marketplace,17,149,2533,1,3.5
2025-08-05,Power Bank,Electronics,Phuket,Marketplace,48,599,28752,2,3.5
2025-01-02,Screen Protector,Accessories,Khon Kaen,In-Store,50,199,9950,1,3.3
2025-07-05,Phone Stand,Accessories,Phuket,Marketplace,35,890,31150,2,4.8
2025-06-26,Screen Protector,Accessories,Pattaya,In-Store,17,99,1683,1,4.3
2025-05-20,Keyboard Cover,Accessories,Pattaya,In-Store,42,1290,54180,2,3.8
2025-06-22,Wireless Charger,Electronics,Pattaya,In-Store,34,199,6766,3,4.4
2025-04-06,Phone Stand,Accessories,Bangkok,Marketplace,24,599,14376,2,3.1
2025-08-16,USB-C Cable,Accessories,Pattaya,In-Store,20,890,17800,0,3.6
2025-08-05,Mouse Pad,Accessories,Khon Kaen,Marketplace,38,349,13262,1,3.4
2025-08-21,Screen Protector,Accessories,Khon Kaen,Marketplace,32,199,6368,1,4.5
2025-10-14,iPhone Case,Accessories,Phuket,Online,10,1290,12900,1,4.8
2025-12-01,Bluetooth Earbuds,Electronics,Phuket,In-Store,11,149,1639,1,3.9
2025-10-29,Bluetooth Earbuds,Electronics,Bangkok,In-Store,33,349,11517,3,4.4
2025-10-09,Screen Protector,Accessories,Bangkok,Online,38,599,22762,0,4.1
2025-05-18,Mouse Pad,Accessories,Khon Kaen,In-Store,14,149,2086,1,3.8
2025-08-12,Power Bank,Electronics,Bangkok,In-Store,10,1290,12900,1,4.5
2025-11-03,Wireless Charger,Electronics,Phuket,In-Store,4,599,2396,0,4.3
2025-03-07,Phone Stand,Accessories,Chiang Mai,In-Store,49,1590,77910,4,4.5
2025-11-17,Laptop Bag,Bags,Chiang Mai,Marketplace,8,99,792,0,4.7
2025-10-09,iPhone Case,Accessories,Phuket,Online,1,599,599,1,3.6
2025-04-06,iPhone Case,Accessories,Pattaya,In-Store,16,149,2384,1,4.7
2025-06-12,Wireless Charger,Electronics,Pattaya,Online,34,890,30260,2,4.0
2025-05-05,Mouse Pad,Accessories,Khon Kaen,In-Store,21,199,4179,1,3.8
2025-11-14,Power Bank,Electronics,Bangkok,In-Store,12,1590,19080,1,4.8
2025-02-11,Keyboard Cover,Accessories,Bangkok,Marketplace,46,149,6854,0,3.5
2025-04-24,USB-C Cable,Accessories,Pattaya,Marketplace,23,349,8027,1,3.8
2025-07-17,Keyboard Cover,Accessories,Bangkok,Marketplace,29,199,5771,0,4.0
2025-01-25,Wireless Charger,Electronics,Phuket,Marketplace,46,890,40940,0,4.9
2025-02-08,Wireless Charger,Electronics,Bangkok,Marketplace,5,349,1745,1,3.5
2025-12-20,Keyboard Cover,Accessories,Pattaya,In-Store,34,1290,43860,2,3.8
2025-02-24,Laptop Bag,Bags,Chiang Mai,In-Store,1,199,199,1,4.9
2025-04-21,Bluetooth Earbuds,Electronics,Pattaya,Online,21,599,12579,2,5.0
2025-01-30,Screen Protector,Accessories,Khon Kaen,Online,14,299,4186,0,4.6
2025-02-15,Bluetooth Earbuds,Electronics,Bangkok,Marketplace,40,199,7960,0,4.1
2025-10-09,Wireless Charger,Electronics,Khon Kaen,In-Store,48,349,16752,2,3.1
2025-09-23,Laptop Bag,Bags,Phuket,Online,20,299,5980,1,3.0
2025-05-22,Power Bank,Electronics,Bangkok,Online,9,349,3141,1,3.8
2025-02-28,Bluetooth Earbuds,Electronics,Phuket,Marketplace,11,1590,17490,1,3.3
2025-04-23,Keyboard Cover,Accessories,Pattaya,Marketplace,19,199,3781,1,3.4
2025-07-22,iPhone Case,Accessories,Khon Kaen,In-Store,30,890,26700,1,4.8
2025-10-15,Laptop Bag,Bags,Phuket,Marketplace,45,299,13455,0,3.3
2025-12-29,Mouse Pad,Accessories,Bangkok,Online,30,99,2970,0,4.9
2025-06-30,USB-C Cable,Accessories,Bangkok,Online,16,890,14240,0,4.8
2025-11-23,Laptop Bag,Bags,Khon Kaen,In-Store,9,890,8010,0,4.9
2025-08-18,Screen Protector,Accessories,Phuket,In-Store,21,349,7329,0,3.6
2025-02-20,Laptop Bag,Bags,Chiang Mai,In-Store,8,199,1592,0,5.0
2025-03-11,Wireless Charger,Electronics,Pattaya,In-Store,9,349,3141,1,4.9
2025-05-21,Phone Stand,Accessories,Bangkok,Online,39,1590,62010,2,4.7
2025-12-31,USB-C Cable,Accessories,Bangkok,Online,28,1290,36120,2,4.0
2025-02-02,iPhone Case,Accessories,Phuket,Marketplace,12,199,2388,1,5.0
2025-01-08,USB-C Cable,Accessories,Chiang Mai,Marketplace,28,99,2772,1,4.4
2025-11-28,iPhone Case,Accessories,Chiang Mai,Online,20,1590,31800,2,4.4
2025-11-15,Phone Stand,Accessories,Chiang Mai,Online,47,1590,74730,3,3.1
2025-03-11,Wireless Charger,Electronics,Pattaya,Online,25,199,4975,1,3.8
2025-06-01,Phone Stand,Accessories,Pattaya,Marketplace,1,1590,1590,0,3.8
2025-04-19,Keyboard Cover,Accessories,Bangkok,Marketplace,35,349,12215,3,3.4
2025-09-01,Keyboard Cover,Accessories,Khon Kaen,Marketplace,18,349,6282,1,4.4
2025-07-05,Mouse Pad,Accessories,Khon Kaen,Marketplace,24,349,8376,0,3.8
2025-09-28,Bluetooth Earbuds,Electronics,Khon Kaen,Marketplace,1,199,199,1,4.6
2025-06-10,Keyboard Cover,Accessories,Chiang Mai,In-Store,46,299,13754,1,4.0
2025-02-16,USB-C Cable,Accessories,Pattaya,In-Store,11,1590,17490,0,3.3
2025-05-31,Bluetooth Earbuds,Electronics,Bangkok,Online,28,1590,44520,2,4.2
2025-02-22,USB-C Cable,Accessories,Bangkok,In-Store,15,890,13350,1,3.1
2025-04-09,USB-C Cable,Accessories,Bangkok,Online,7,299,2093,1,4.6
2025-09-29,Wireless Charger,Electronics,Pattaya,In-Store,33,149,4917,1,3.5
2025-06-30,Laptop Bag,Bags,Chiang Mai,In-Store,18,1590,28620,0,3.2
2025-09-10,USB-C Cable,Accessories,Pattaya,Marketplace,10,199,1990,1,3.5
2025-07-15,Bluetooth Earbuds,Electronics,Pattaya,In-Store,49,1290,63210,3,5.0
2025-06-26,Power Bank,Electronics,Pattaya,In-Store,22,99,2178,0,4.8
2025-12-15,Keyboard Cover,Accessories,Khon Kaen,Online,5,349,1745,0,3.6
2025-08-16,Screen Protector,Accessories,Bangkok,Online,11,1590,17490,0,4.9
2025-07-02,Laptop Bag,Bags,Pattaya,Online,3,199,597,1,4.9
2025-12-23,iPhone Case,Accessories,Pattaya,Online,25,1290,32250,2,4.3
2025-01-09,Mouse Pad,Accessories,Khon Kaen,Marketplace,14,349,4886,1,3.2
2025-03-20,Wireless Charger,Electronics,Phuket,Online,44,199,8756,3,3.9
2025-06-09,USB-C Cable,Accessories,Chiang Mai,Online,14,99,1386,1,4.2
2025-07-28,Screen Protector,Accessories,Khon Kaen,Online,31,149,4619,0,3.1
2025-01-28,Mouse Pad,Accessories,Chiang Mai,Online,44,349,15356,3,4.7
2025-01-17,USB-C Cable,Accessories,Chiang Mai,Online,20,199,3980,2,3.6
2025-02-04,iPhone Case,Accessories,Chiang Mai,Online,2,149,298,1,4.3
2025-07-06,Mouse Pad,Accessories,Pattaya,Online,32,890,28480,3,4.3
2025-03-03,USB-C Cable,Accessories,Pattaya,Marketplace,6,1290,7740,0,4.0
2025-09-08,Wireless Charger,Electronics,Pattaya,Online,42,299,12558,1,3.4
2025-04-06,iPhone Case,Accessories,Khon Kaen,Marketplace,30,149,4470,3,4.4
2025-06-06,Mouse Pad,Accessories,Chiang Mai,Marketplace,8,890,7120,0,3.1
2025-10-22,Laptop Bag,Bags,Pattaya,In-Store,47,149,7003,2,3.6
2025-04-26,Keyboard Cover,Accessories,Khon Kaen,In-Store,6,199,1194,1,4.2
2025-01-26,Bluetooth Earbuds,Electronics,Bangkok,Marketplace,39,1590,62010,1,3.3
2025-05-29,iPhone Case,Accessories,Pattaya,In-Store,19,1590,30210,1,3.7
2025-07-03,USB-C Cable,Accessories,Phuket,In-Store,34,599,20366,1,4.4
2025-06-02,Keyboard Cover,Accessories,Chiang Mai,In-Store,12,149,1788,1,3.8
2025-01-06,USB-C Cable,Accessories,Khon Kaen,Online,20,99,1980,1,3.7
2025-02-13,Bluetooth Earbuds,Electronics,Khon Kaen,Marketplace,2,299,598,0,3.3
2025-11-17,Keyboard Cover,Accessories,Phuket,Marketplace,18,349,6282,1,3.1
2025-11-27,iPhone Case,Accessories,Khon Kaen,Marketplace,5,1590,7950,0,4.2
2025-10-27,Wireless Charger,Electronics,Phuket,Marketplace,14,1590,22260,1,3.5
2025-05-19,Power Bank,Electronics,Khon Kaen,In-Store,47,599,28153,0,3.3
2025-06-25,Laptop Bag,Bags,Phuket,In-Store,47,199,9353,1,4.1
2025-01-10,Phone Stand,Accessories,Khon Kaen,Marketplace,26,1290,33540,1,3.1
2025-04-28,Laptop Bag,Bags,Phuket,In-Store,5,149,745,1,4.5
2025-07-23,Wireless Charger,Electronics,Phuket,Marketplace,42,349,14658,2,4.8
2025-06-13,Laptop Bag,Bags,Bangkok,In-Store,29,1590,46110,2,3.6
2025-02-26,USB-C Cable,Accessories,Phuket,Marketplace,30,199,5970,0,4.3
2025-05-02,iPhone Case,Accessories,Phuket,Marketplace,34,1590,54060,1,4.7
2025-01-27,Phone Stand,Accessories,Khon Kaen,Online,7,890,6230,1,4.2
2025-11-03,Bluetooth Earbuds,Electronics,Phuket,Marketplace,37,99,3663,2,4.3
2025-10-14,Mouse Pad,Accessories,Pattaya,In-Store,40,99,3960,2,4.4
2025-08-02,Wireless Charger,Electronics,Phuket,Marketplace,49,149,7301,2,4.8
2025-12-25,USB-C Cable,Accessories,Chiang Mai,In-Store,13,599,7787,0,3.8
2025-09-25,Mouse Pad,Accessories,Chiang Mai,Online,47,299,14053,4,4.5
2025-04-17,Phone Stand,Accessories,Bangkok,In-Store,42,349,14658,2,5.0
2025-04-10,USB-C Cable,Accessories,Bangkok,In-Store,27,890,24030,2,4.2
2025-07-09,Phone Stand,Accessories,Phuket,Marketplace,50,1590,79500,4,4.9
2025-02-11,Bluetooth Earbuds,Electronics,Khon Kaen,In-Store,25,149,3725,0,3.5
2025-04-30,Bluetooth Earbuds,Electronics,Khon Kaen,Marketplace,8,299,2392,0,4.9
2025-07-05,Mouse Pad,Accessories,Pattaya,Online,18,599,10782,1,4.7
2025-04-11,Bluetooth Earbuds,Electronics,Pattaya,Marketplace,50,99,4950,0,4.2
2025-01-31,Power Bank,Electronics,Chiang Mai,In-Store,31,349,10819,3,3.7
2025-05-15,iPhone Case,Accessories,Pattaya,Marketplace,29,199,5771,0,3.9
2025-06-29,Phone Stand,Accessories,Phuket,In-Store,16,890,14240,0,4.8
2025-03-20,iPhone Case,Accessories,Khon Kaen,Online,18,349,6282,1,4.6
2025-05-17,USB-C Cable,Accessories,Chiang Mai,Online,26,99,2574,0,3.7
2025-08-08,USB-C Cable,Accessories,Pattaya,Marketplace,19,1590,30210,0,3.1
2025-10-08,iPhone Case,Accessories,Chiang Mai,Marketplace,31,1590,49290,2,3.9
2025-05-09,Screen Protector,Accessories,Khon Kaen,Marketplace,2,99,198,0,5.0
2025-09-18,Laptop Bag,Bags,Bangkok,Marketplace,45,349,15705,2,3.4
2025-10-09,Mouse Pad,Accessories,Phuket,Marketplace,44,599,26356,0,4.9
2025-10-04,Phone Stand,Accessories,Bangkok,In-Store,46,149,6854,1,3.1
2025-01-30,Wireless Charger,Electronics,Bangkok,In-Store,8,890,7120,1,3.3
2025-11-03,iPhone Case,Accessories,Phuket,Marketplace,32,599,19168,1,3.5
2025-11-11,Power Bank,Electronics,Bangkok,Marketplace,1,1290,1290,0,3.5
2025-07-21,Screen Protector,Accessories,Bangkok,In-Store,19,199,3781,0,3.2
2025-12-27,USB-C Cable,Accessories,Bangkok,In-Store,21,599,12579,2,4.3
2025-02-16,Keyboard Cover,Accessories,Khon Kaen,In-Store,35,299,10465,2,4.1
2025-06-13,Keyboard Cover,Accessories,Bangkok,In-Store,11,149,1639,0,3.4
2025-01-21,Keyboard Cover,Accessories,Khon Kaen,In-Store,8,99,792,1,4.5
2025-05-03,Mouse Pad,Accessories,Chiang Mai,Marketplace,26,890,23140,2,4.2
2025-07-18,USB-C Cable,Accessories,Pattaya,Online,35,99,3465,1,3.3
2025-08-05,Bluetooth Earbuds,Electronics,Pattaya,Online,5,149,745,1,4.6
2025-01-23,Wireless Charger,Electronics,Khon Kaen,Online,25,199,4975,0,3.2
2025-03-27,Mouse Pad,Accessories,Phuket,Online,13,890,11570,0,4.1
2025-05-09,Laptop Bag,Bags,Phuket,Online,2,890,1780,0,4.6
2025-05-30,Wireless Charger,Electronics,Phuket,In-Store,49,349,17101,1,3.0
2025-08-24,USB-C Cable,Accessories,Bangkok,In-Store,50,149,7450,2,4.0
2025-03-04,USB-C Cable,Accessories,Bangkok,Online,42,1290,54180,1,3.8
2025-08-01,Laptop Bag,Bags,Chiang Mai,Marketplace,31,349,10819,2,4.8
2025-06-11,Keyboard Cover,Accessories,Khon Kaen,Online,32,149,4768,0,4.6
2025-07-04,Wireless Charger,Electronics,Chiang Mai,Online,40,890,35600,1,3.0
2025-02-06,Bluetooth Earbuds,Electronics,Pattaya,Marketplace,21,99,2079,0,4.2
2025-03-02,Bluetooth Earbuds,Electronics,Chiang Mai,In-Store,25,199,4975,1,3.3
2025-01-09,Keyboard Cover,Accessories,Chiang Mai,In-Store,16,890,14240,1,3.6
2025-07-14,Phone Stand,Accessories,Pattaya,Online,49,199,9751,4,3.8
2025-11-16,Wireless Charger,Electronics,Phuket,Marketplace,19,149,2831,1,4.5
2025-05-06,iPhone Case,Accessories,Phuket,Online,20,1590,31800,1,3.0
2025-03-12,Wireless Charger,Electronics,Bangkok,In-Store,43,199,8557,3,3.3
2025-09-24,Mouse Pad,Accessories,Khon Kaen,Online,38,599,22762,2,4.8
2025-02-24,iPhone Case,Accessories,Pattaya,Online,41,149,6109,2,4.4
2025-06-18,Bluetooth Earbuds,Electronics,Pattaya,Online,24,599,14376,0,3.4
2025-07-01,USB-C Cable,Accessories,Khon Kaen,Marketplace,36,890,32040,2,3.7
2025-09-08,Bluetooth Earbuds,Electronics,Khon Kaen,Marketplace,28,599,16772,0,3.6
2025-03-10,Phone Stand,Accessories,Chiang Mai,Online,16,299,4784,0,3.3
2025-01-28,Keyboard Cover,Accessories,Pattaya,In-Store,4,890,3560,0,3.4
2025-06-25,Power Bank,Electronics,Pattaya,Marketplace,18,599,10782,0,4.2
2025-03-09,iPhone Case,Accessories,Bangkok,In-Store,42,299,12558,2,3.6
2025-02-25,Laptop Bag,Bags,Pattaya,In-Store,15,199,2985,0,4.3
2025-04-15,Bluetooth Earbuds,Electronics,Phuket,In-Store,38,149,5662,3,4.0
2025-01-04,Laptop Bag,Bags,Bangkok,In-Store,28,890,24920,2,3.1
2025-04-11,Wireless Charger,Electronics,Phuket,Online,10,299,2990,0,4.1
2025-08-24,Phone Stand,Accessories,Chiang Mai,Online,8,99,792,0,3.8
2025-09-29,iPhone Case,Accessories,Khon Kaen,Marketplace,21,890,18690,2,3.9
2025-04-19,Screen Protector,Accessories,Khon Kaen,Marketplace,1,599,599,0,4.9
2025-05-03,USB-C Cable,Accessories,Phuket,Online,30,599,17970,0,3.0
2025-11-23,Keyboard Cover,Accessories,Phuket,Marketplace,11,99,1089,0,4.5
2025-01-28,Power Bank,Electronics,Phuket,Online,37,890,32930,3,3.6
2025-03-23,Mouse Pad,Accessories,Pattaya,Marketplace,31,1290,39990,0,3.5
2025-07-09,Laptop Bag,Bags,Pattaya,Marketplace,31,1290,39990,1,3.8
2025-01-08,Wireless Charger,Electronics,Phuket,Online,17,890,15130,0,4.5
2025-06-27,Screen Protector,Accessories,Pattaya,Online,28,349,9772,0,3.4
2025-08-21,Laptop Bag,Bags,Bangkok,In-Store,38,890,33820,2,3.4
2025-02-20,Wireless Charger,Electronics,Khon Kaen,In-Store,32,890,28480,0,3.0
2025-02-25,Wireless Charger,Electronics,Khon Kaen,Online,28,99,2772,2,4.0
2025-10-21,Bluetooth Earbuds,Electronics,Chiang Mai,Online,21,890,18690,1,3.4
2025-05-08,Screen Protector,Accessories,Chiang Mai,In-Store,47,99,4653,2,3.3
2025-09-19,iPhone Case,Accessories,Phuket,Marketplace,43,299,12857,0,3.7
2025-09-12,Power Bank,Electronics,Chiang Mai,Marketplace,38,149,5662,1,4.6
2025-09-27,iPhone Case,Accessories,Bangkok,Online,28,99,2772,1,3.3
2025-08-11,Mouse Pad,Accessories,Pattaya,Marketplace,9,599,5391,0,3.9
2025-07-31,Mouse Pad,Accessories,Phuket,Marketplace,38,1290,49020,1,3.2
2025-06-30,Phone Stand,Accessories,Bangkok,Online,13,890,11570,0,4.3
2025-04-26,Phone Stand,Accessories,Chiang Mai,In-Store,26,1290,33540,1,4.1
2025-07-01,USB-C Cable,Accessories,Bangkok,Online,46,1590,73140,1,4.8
2025-09-17,Laptop Bag,Bags,Chiang Mai,In-Store,7,1590,11130,0,4.7
2025-05-18,iPhone Case,Accessories,Khon Kaen,Marketplace,2,1290,2580,1,3.9
2025-07-08,iPhone Case,Accessories,Phuket,Online,31,599,18569,2,3.3
2025-01-27,Power Bank,Electronics,Phuket,In-Store,29,349,10121,0,4.6
2025-04-22,Power Bank,Electronics,Pattaya,Online,17,1590,27030,1,3.6
2025-06-03,USB-C Cable,Accessories,Bangkok,Online,39,99,3861,0,5.0
2025-08-30,Phone Stand,Accessories,Bangkok,Online,43,349,15007,2,3.4
2025-10-18,Power Bank,Electronics,Pattaya,Marketplace,29,599,17371,2,3.7
2025-06-28,Keyboard Cover,Accessories,Chiang Mai,In-Store,16,199,3184,0,4.8
2025-08-03,USB-C Cable,Accessories,Bangkok,Marketplace,28,99,2772,1,4.7
2025-09-01,USB-C Cable,Accessories,Chiang Mai,Marketplace,41,199,8159,4,3.8
2025-03-31,Keyboard Cover,Accessories,Bangkok,In-Store,17,890,15130,0,3.4
2025-09-11,Mouse Pad,Accessories,Chiang Mai,Online,12,99,1188,1,3.0
2025-02-02,Mouse Pad,Accessories,Phuket,In-Store,6,599,3594,0,4.2
2025-10-18,USB-C Cable,Accessories,Chiang Mai,Marketplace,36,199,7164,1,4.1
2025-08-09,Wireless Charger,Electronics,Khon Kaen,Marketplace,16,349,5584,1,4.0
2025-09-07,Laptop Bag,Bags,Bangkok,In-Store,39,199,7761,2,4.8
2025-04-28,Keyboard Cover,Accessories,Phuket,Online,36,599,21564,2,4.1
2025-02-09,Screen Protector,Accessories,Phuket,Marketplace,10,349,3490,1,3.9
2025-04-19,iPhone Case,Accessories,Phuket,Online,48,149,7152,2,4.1
2025-07-25,Laptop Bag,Bags,Khon Kaen,In-Store,23,1590,36570,2,4.1
2025-09-10,Bluetooth Earbuds,Electronics,Khon Kaen,In-Store,19,599,11381,1,4.8
2025-01-06,Mouse Pad,Accessories,Chiang Mai,Marketplace,17,890,15130,1,4.7
2025-09-01,Wireless Charger,Electronics,Khon Kaen,Marketplace,22,149,3278,1,3.8
2025-03-10,Laptop Bag,Bags,Pattaya,In-Store,14,349,4886,0,3.2
2025-09-22,iPhone Case,Accessories,Khon Kaen,Online,21,599,12579,2,4.4
2025-07-16,Power Bank,Electronics,Phuket,Marketplace,26,149,3874,0,4.5
2025-12-22,Laptop Bag,Bags,Chiang Mai,Marketplace,50,99,4950,1,4.9
2025-07-11,Mouse Pad,Accessories,Chiang Mai,In-Store,28,99,2772,0,3.0
2025-12-02,Screen Protector,Accessories,Pattaya,Marketplace,43,599,25757,4,4.4
2025-04-07,iPhone Case,Accessories,Pattaya,Online,6,299,1794,1,4.0
2025-07-29,Keyboard Cover,Accessories,Bangkok,Online,2,599,1198,0,3.1
2025-03-28,Screen Protector,Accessories,Pattaya,In-Store,5,1290,6450,0,4.4
2025-07-06,Phone Stand,Accessories,Phuket,Marketplace,8,890,7120,0,4.2
2025-02-20,Phone Stand,Accessories,Bangkok,Marketplace,28,299,8372,1,3.9
2025-10-20,Laptop Bag,Bags,Khon Kaen,In-Store,14,149,2086,1,3.4
2025-04-10,Power Bank,Electronics,Pattaya,Online,14,349,4886,1,3.3
2025-12-16,Phone Stand,Accessories,Khon Kaen,Marketplace,11,149,1639,1,4.5
2025-06-29,Power Bank,Electronics,Bangkok,In-Store,16,199,3184,0,5.0
2025-11-23,iPhone Case,Accessories,Bangkok,In-Store,3,890,2670,0,3.3
2025-12-31,Laptop Bag,Bags,Chiang Mai,In-Store,25,599,14975,1,3.3
2025-05-01,Screen Protector,Accessories,Phuket,In-Store,33,199,6567,3,4.7
2025-09-14,Mouse Pad,Accessories,Khon Kaen,Marketplace,39,890,34710,0,4.0
2025-05-17,Bluetooth Earbuds,Electronics,Chiang Mai,Online,8,890,7120,1,4.0
2025-07-01,Laptop Bag,Bags,Chiang Mai,Marketplace,28,149,4172,1,3.7
2025-10-27,Wireless Charger,Electronics,Bangkok,Marketplace,12,599,7188,0,3.5
2025-12-17,Power Bank,Electronics,Bangkok,Marketplace,31,1290,39990,1,3.5
2025-01-13,Phone Stand,Accessories,Bangkok,In-Store,21,149,3129,2,4.2
2025-03-25,Phone Stand,Accessories,Bangkok,In-Store,36,99,3564,1,4.0
2025-11-27,iPhone Case,Accessories,Bangkok,Online,6,349,2094,1,4.1
2025-06-07,Laptop Bag,Bags,Bangkok,In-Store,30,99,2970,0,4.3
2025-06-16,Wireless Charger,Electronics,Pattaya,In-Store,18,299,5382,1,4.2
2025-10-19,Wireless Charger,Electronics,Pattaya,Online,37,99,3663,1,4.1
2025-01-21,Laptop Bag,Bags,Pattaya,In-Store,22,199,4378,2,4.6
2025-12-20,Mouse Pad,Accessories,Chiang Mai,In-Store,46,1590,73140,0,4.0
2025-03-20,iPhone Case,Accessories,Bangkok,Online,31,1590,49290,1,3.3
2025-05-19,USB-C Cable,Accessories,Chiang Mai,In-Store,43,199,8557,3,4.7
2025-01-07,Keyboard Cover,Accessories,Khon Kaen,Marketplace,15,299,4485,1,5.0
2025-09-27,Wireless Charger,Electronics,Pattaya,Marketplace,43,199,8557,3,4.3
2025-05-08,Power Bank,Electronics,Chiang Mai,Online,13,299,3887,0,4.4
2025-09-12,Wireless Charger,Electronics,Khon Kaen,Online,18,199,3582,1,4.1
2025-10-17,USB-C Cable,Accessories,Phuket,Online,2,99,198,0,3.8
2025-07-20,Phone Stand,Accessories,Phuket,In-Store,40,349,13960,2,4.0
2025-08-08,iPhone Case,Accessories,Phuket,In-Store,5,890,4450,0,3.1
2025-12-20,Mouse Pad,Accessories,Pattaya,Online,23,99,2277,0,3.2
2025-11-14,Power Bank,Electronics,Chiang Mai,Online,38,599,22762,0,3.7
2025-02-25,iPhone Case,Accessories,Phuket,In-Store,2,299,598,0,5.0
2025-02-25,Phone Stand,Accessories,Pattaya,Online,14,349,4886,1,3.3
2025-06-17,Phone Stand,Accessories,Chiang Mai,In-Store,26,199,5174,0,4.3
2025-08-01,USB-C Cable,Accessories,Pattaya,Online,45,599,26955,1,4.5
2025-12-12,Mouse Pad,Accessories,Khon Kaen,Marketplace,23,99,2277,1,3.7
2025-08-09,Laptop Bag,Bags,Phuket,Marketplace,14,349,4886,0,4.4
2025-12-10,Bluetooth Earbuds,Electronics,Chiang Mai,Marketplace,44,599,26356,2,4.1
2025-05-22,Laptop Bag,Bags,Phuket,Online,26,299,7774,0,4.1
2025-11-18,Screen Protector,Accessories,Pattaya,Online,35,199,6965,3,3.3
2025-03-03,Keyboard Cover,Accessories,Bangkok,In-Store,11,1290,14190,0,4.4
2025-03-17,Keyboard Cover,Accessories,Pattaya,In-Store,13,299,3887,0,3.7
2025-06-19,Laptop Bag,Bags,Chiang Mai,Online,16,149,2384,1,3.7
2025-07-06,Mouse Pad,Accessories,Phuket,In-Store,34,599,20366,1,3.8
2025-03-10,Phone Stand,Accessories,Phuket,Marketplace,24,1290,30960,2,4.6
2025-05-05,Screen Protector,Accessories,Bangkok,Online,27,890,24030,2,4.9
2025-03-09,Mouse Pad,Accessories,Pattaya,In-Store,33,149,4917,2,3.1
2025-07-06,Bluetooth Earbuds,Electronics,Pattaya,Marketplace,13,99,1287,0,4.2
2025-11-14,Mouse Pad,Accessories,Chiang Mai,In-Store,25,299,7475,2,4.8
2025-10-30,Mouse Pad,Accessories,Pattaya,In-Store,11,349,3839,1,4.3
2025-03-20,iPhone Case,Accessories,Khon Kaen,In-Store,37,1290,47730,1,4.0
2025-11-16,Keyboard Cover,Accessories,Bangkok,Online,34,299,10166,3,4.2
2025-08-28,Mouse Pad,Accessories,Phuket,Online,37,890,32930,2,4.3
2025-01-22,USB-C Cable,Accessories,Pattaya,In-Store,43,1290,55470,4,4.0
2025-01-22,USB-C Cable,Accessories,Bangkok,Online,2,349,698,0,4.6
2025-08-02,iPhone Case,Accessories,Pattaya,In-Store,26,99,2574,0,5.0
2025-09-10,Bluetooth Earbuds,Electronics,Phuket,Online,3,299,897,1,3.6
2025-10-24,iPhone Case,Accessories,Khon Kaen,In-Store,27,1290,34830,1,4.1
2025-04-12,Bluetooth Earbuds,Electronics,Chiang Mai,In-Store,21,199,4179,0,5.0
2025-12-02,USB-C Cable,Accessories,Phuket,Online,46,1590,73140,1,4.2
2025-06-22,Keyboard Cover,Accessories,Bangkok,Marketplace,48,1590,76320,1,4.1
2025-03-29,Wireless Charger,Electronics,Pattaya,Marketplace,34,1590,54060,1,3.9
2025-03-25,iPhone Case,Accessories,Pattaya,Marketplace,38,1290,49020,1,3.1
2025-11-13,Phone Stand,Accessories,Bangkok,Marketplace,38,199,7562,0,3.8
2025-03-31,Screen Protector,Accessories,Khon Kaen,In-Store,29,1590,46110,2,3.2
2025-08-21,Laptop Bag,Bags,Chiang Mai,Online,40,299,11960,4,4.7
2025-12-26,USB-C Cable,Accessories,Chiang Mai,Marketplace,7,299,2093,1,5.0
2025-06-27,Bluetooth Earbuds,Electronics,Phuket,In-Store,28,99,2772,2,4.7
2025-09-04,Keyboard Cover,Accessories,Phuket,Online,46,1290,59340,0,3.4
2025-09-01,Phone Stand,Accessories,Bangkok,In-Store,16,149,2384,1,5.0
2025-12-27,Phone Stand,Accessories,Bangkok,Marketplace,22,199,4378,0,3.9
2025-04-30,Mouse Pad,Accessories,Chiang Mai,Online,18,890,16020,1,4.2
2025-04-14,Phone Stand,Accessories,Bangkok,In-Store,15,149,2235,1,4.2
2025-05-23,Keyboard Cover,Accessories,Phuket,Online,8,599,4792,0,3.1
2025-02-05,Screen Protector,Accessories,Pattaya,In-Store,8,99,792,1,3.3
2025-01-12,Laptop Bag,Bags,Phuket,In-Store,6,299,1794,0,4.8
2025-06-11,Bluetooth Earbuds,Electronics,Pattaya,Online,23,99,2277,1,4.5
2025-08-30,Wireless Charger,Electronics,Bangkok,In-Store,28,599,16772,2,4.2
2025-03-06,Phone Stand,Accessories,Khon Kaen,Marketplace,17,99,1683,1,4.6
2025-04-24,Phone Stand,Accessories,Bangkok,Online,42,599,25158,0,4.0
2025-12-18,Power Bank,Electronics,Phuket,In-Store,26,299,7774,0,4.0
2025-06-22,Screen Protector,Accessories,Pattaya,Online,21,299,6279,1,3.9
2025-03-02,Mouse Pad,Accessories,Khon Kaen,In-Store,22,1590,34980,2,4.3
2025-07-21,Keyboard Cover,Accessories,Khon Kaen,In-Store,24,149,3576,1,3.0
2025-10-10,USB-C Cable,Accessories,Phuket,Online,33,99,3267,1,4.7
2025-01-24,Screen Protector,Accessories,Chiang Mai,Online,5,349,1745,0,4.5
2025-09-12,Wireless Charger,Electronics,Pattaya,In-Store,32,1290,41280,2,3.0
2025-11-05,Wireless Charger,Electronics,Phuket,Marketplace,28,1590,44520,1,4.2
2025-10-18,Bluetooth Earbuds,Electronics,Bangkok,Marketplace,43,199,8557,3,4.2
2025-10-24,iPhone Case,Accessories,Bangkok,Online,25,890,22250,2,3.1
2025-07-11,Keyboard Cover,Accessories,Chiang Mai,Online,50,890,44500,1,3.7
2025-06-06,Wireless Charger,Electronics,Bangkok,Online,29,1290,37410,2,4.3
2025-04-21,Keyboard Cover,Accessories,Phuket,Marketplace,50,1290,64500,3,3.5
2025-08-04,Bluetooth Earbuds,Electronics,Bangkok,Marketplace,36,890,32040,2,4.6
2025-07-02,Phone Stand,Accessories,Chiang Mai,Online,4,349,1396,1,4.1
2025-09-25,Mouse Pad,Accessories,Khon Kaen,Marketplace,22,149,3278,0,3.5
2025-02-27,Phone Stand,Accessories,Pattaya,In-Store,22,599,13178,0,3.2
2025-06-19,iPhone Case,Accessories,Khon Kaen,Marketplace,15,890,13350,1,3.5
2025-12-01,Mouse Pad,Accessories,Phuket,Online,46,199,9154,4,3.3
2025-06-28,Laptop Bag,Bags,Pattaya,Online,10,349,3490,0,3.4
2025-07-23,Laptop Bag,Bags,Chiang Mai,Marketplace,41,349,14309,1,3.8
2025-08-01,USB-C Cable,Accessories,Bangkok,Marketplace,29,1290,37410,0,3.0
2025-05-28,Bluetooth Earbuds,Electronics,Phuket,In-Store,3,1590,4770,0,3.9
2025-06-08,Wireless Charger,Electronics,Phuket,Online,35,1290,45150,1,4.5
2025-05-22,Phone Stand,Accessories,Phuket,In-Store,36,599,21564,2,4.2
2025-11-16,Phone Stand,Accessories,Pattaya,Marketplace,39,199,7761,0,3.9
2025-10-22,iPhone Case,Accessories,Chiang Mai,In-Store,7,149,1043,0,3.0
2025-11-29,Phone Stand,Accessories,Phuket,Online,3,299,897,0,4.0
2025-02-24,Power Bank,Electronics,Bangkok,In-Store,16,1590,25440,0,5.0
2025-07-31,Phone Stand,Accessories,Phuket,Online,4,349,1396,0,4.5
2025-12-29,Phone Stand,Accessories,Pattaya,In-Store,12,199,2388,0,4.2
2025-10-30,Screen Protector,Accessories,Bangkok,Online,46,199,9154,1,3.8
2025-12-11,USB-C Cable,Accessories,Pattaya,Online,23,1290,29670,1,4.8
2025-05-28,Keyboard Cover,Accessories,Bangkok,In-Store,35,299,10465,0,3.5
2025-12-10,iPhone Case,Accessories,Phuket,Marketplace,47,199,9353,2,4.0
2025-07-22,iPhone Case,Accessories,Pattaya,Online,43,1290,55470,1,3.8
2025-05-13,Wireless Charger,Electronics,Khon Kaen,Marketplace,18,599,10782,0,4.2
2025-07-10,iPhone Case,Accessories,Bangkok,Online,18,299,5382,1,4.3
2025-03-10,iPhone Case,Accessories,Khon Kaen,Marketplace,13,599,7787,1,4.9
2025-07-23,iPhone Case,Accessories,Phuket,Marketplace,32,1290,41280,2,3.5
2025-01-19,Wireless Charger,Electronics,Chiang Mai,Marketplace,35,149,5215,0,4.8
2025-05-05,Mouse Pad,Accessories,Pattaya,In-Store,26,599,15574,0,3.3
2025-05-03,Wireless Charger,Electronics,Bangkok,In-Store,32,1590,50880,3,4.7
2025-04-15,Laptop Bag,Bags,Bangkok,Online,49,890,43610,4,4.8
2025-03-30,Wireless Charger,Electronics,Bangkok,In-Store,5,1590,7950,0,4.1
2025-11-01,Mouse Pad,Accessories,Bangkok,Online,50,349,17450,0,4.7
2025-08-22,Power Bank,Electronics,Phuket,Marketplace,40,299,11960,3,3.7
2025-03-07,Screen Protector,Accessories,Bangkok,In-Store,26,199,5174,1,4.8
2025-02-05,USB-C Cable,Accessories,Chiang Mai,Online,47,199,9353,4,4.1
2025-02-05,USB-C Cable,Accessories,Phuket,Marketplace,41,99,4059,2,4.1
2025-07-13,Laptop Bag,Bags,Phuket,In-Store,12,149,1788,1,4.1
2025-01-18,Keyboard Cover,Accessories,Phuket,Marketplace,2,1590,3180,0,3.2
2025-08-27,Bluetooth Earbuds,Electronics,Bangkok,Online,21,349,7329,1,3.4
2025-08-12,Screen Protector,Accessories,Phuket,In-Store,38,1290,49020,1,3.7
2025-10-06,iPhone Case,Accessories,Chiang Mai,Online,39,1590,62010,1,4.8
2025-02-10,Phone Stand,Accessories,Pattaya,Marketplace,30,1590,47700,3,3.4
2025-12-12,Bluetooth Earbuds,Electronics,Bangkok,In-Store,24,1590,38160,1,4.2
2025-11-11,Bluetooth Earbuds,Electronics,Bangkok,In-Store,36,1590,57240,2,3.6
2025-12-12,iPhone Case,Accessories,Chiang Mai,Marketplace,20,1290,25800,0,4.0
2025-11-04,USB-C Cable,Accessories,Khon Kaen,Marketplace,4,1590,6360,1,3.1
2025-01-14,Keyboard Cover,Accessories,Chiang Mai,Marketplace,34,99,3366,1,4.2
2025-11-26,Keyboard Cover,Accessories,Bangkok,Marketplace,14,349,4886,0,4.6
2025-02-16,Wireless Charger,Electronics,Phuket,Online,48,1290,61920,2,4.7
2025-01-10,Power Bank,Electronics,Khon Kaen,Marketplace,19,299,5681,0,4.0
2025-04-24,Keyboard Cover,Accessories,Phuket,Online,36,1290,46440,1,5.0
2025-01-20,Screen Protector,Accessories,Chiang Mai,Online,27,149,4023,0,4.7
2025-05-15,iPhone Case,Accessories,Bangkok,In-Store,41,149,6109,0,3.3
2025-12-30,Mouse Pad,Accessories,Phuket,Online,41,890,36490,0,3.1
2025-04-23,iPhone Case,Accessories,Khon Kaen,Online,45,99,4455,2,3.4
2025-03-07,Laptop Bag,Bags,Bangkok,Marketplace,11,1290,14190,0,4.4
2025-08-21,USB-C Cable,Accessories,Pattaya,Online,3,599,1797,0,3.0
2025-08-05,Phone Stand,Accessories,Khon Kaen,Marketplace,47,1590,74730,0,4.9
2025-11-26,Bluetooth Earbuds,Electronics,Bangkok,Online,3,299,897,0,4.3
2025-11-04,Wireless Charger,Electronics,Pattaya,Online,18,1290,23220,0,4.1
2025-01-31,USB-C Cable,Accessories,Pattaya,In-Store,43,890,38270,1,4.2
2025-01-13,Keyboard Cover,Accessories,Chiang Mai,Marketplace,11,599,6589,1,4.4
2025-07-10,Mouse Pad,Accessories,Pattaya,In-Store,3,149,447,0,3.4
2025-08-14,Mouse Pad,Accessories,Bangkok,Online,29,199,5771,0,4.3
2025-05-25,Wireless Charger,Electronics,Phuket,In-Store,1,299,299,0,5.0
2025-12-08,Mouse Pad,Accessories,Khon Kaen,Marketplace,11,1590,17490,1,3.3
2025-09-25,iPhone Case,Accessories,Phuket,In-Store,21,99,2079,1,3.8
2025-02-11,USB-C Cable,Accessories,Chiang Mai,Online,23,299,6877,2,4.3
2025-02-19,Wireless Charger,Electronics,Chiang Mai,In-Store,21,890,18690,1,3.2
2025-01-23,Keyboard Cover,Accessories,Pattaya,Online,16,599,9584,1,4.0
2025-02-21,Keyboard Cover,Accessories,Pattaya,Marketplace,3,149,447,1,3.8
2025-05-07,USB-C Cable,Accessories,Pattaya,Online,44,99,4356,4,4.5
2025-04-23,Wireless Charger,Electronics,Pattaya,Online,20,890,17800,1,4.3
2025-12-19,Phone Stand,Accessories,Phuket,In-Store,41,199,8159,0,3.6
2025-05-07,Screen Protector,Accessories,Bangkok,In-Store,20,199,3980,1,4.8
2025-03-21,Mouse Pad,Accessories,Chiang Mai,Online,46,99,4554,4,3.4
2025-02-20,Bluetooth Earbuds,Electronics,Phuket,In-Store,27,299,8073,2,4.3
2025-04-25,iPhone Case,Accessories,Pattaya,Marketplace,9,299,2691,0,3.3
2025-02-05,Mouse Pad,Accessories,Bangkok,In-Store,35,99,3465,0,3.4
2025-10-12,Mouse Pad,Accessories,Phuket,Online,2,99,198,0,3.4
2025-01-21,Laptop Bag,Bags,Phuket,In-Store,1,99,99,0,3.3
2025-08-18,Screen Protector,Accessories,Khon Kaen,Online,14,299,4186,1,3.1
2025-02-07,Bluetooth Earbuds,Electronics,Phuket,In-Store,13,890,11570,0,4.2
2025-10-12,Wireless Charger,Electronics,Bangkok,Marketplace,46,1290,59340,1,3.3
2025-01-09,Screen Protector,Accessories,Chiang Mai,Online,10,149,1490,0,3.4
2025-11-26,Power Bank,Electronics,Bangkok,In-Store,36,349,12564,1,3.3
2025-10-14,Bluetooth Earbuds,Electronics,Phuket,In-Store,39,199,7761,0,3.0
2025-02-28,Phone Stand,Accessories,Pattaya,In-Store,49,149,7301,0,4.9
2025-05-17,Wireless Charger,Electronics,Phuket,Online,19,599,11381,1,3.7
2025-01-16,Laptop Bag,Bags,Pattaya,Marketplace,30,890,26700,0,4.0
2025-12-17,Keyboard Cover,Accessories,Bangkok,Online,44,149,6556,1,4.7
2025-03-06,Screen Protector,Accessories,Khon Kaen,Online,13,1590,20670,0,4.4
2025-12-14,Power Bank,Electronics,Pattaya,Marketplace,35,299,10465,3,4.4
2025-01-10,Keyboard Cover,Accessories,Bangkok,In-Store,19,199,3781,1,5.0
2025-05-30,Wireless Charger,Electronics,Khon Kaen,Online,7,149,1043,0,3.6
2025-02-11,Keyboard Cover,Accessories,Bangkok,Marketplace,33,199,6567,2,4.6
2025-11-27,Laptop Bag,Bags,Phuket,Online,42,890,37380,1,3.8
2025-01-18,USB-C Cable,Accessories,Pattaya,Marketplace,28,1590,44520,1,4.8
2025-04-10,USB-C Cable,Accessories,Bangkok,Marketplace,31,299,9269,0,3.6
2025-02-15,Keyboard Cover,Accessories,Chiang Mai,Online,1,349,349,0,3.5
2025-07-26,Keyboard Cover,Accessories,Khon Kaen,In-Store,48,1290,61920,2,4.9
2025-03-07,Mouse Pad,Accessories,Chiang Mai,In-Store,48,1590,76320,4,3.3
2025-09-20,Mouse Pad,Accessories,Khon Kaen,In-Store,26,199,5174,2,3.8
2025-11-30,iPhone Case,Accessories,Chiang Mai,Online,14,1290,18060,0,3.3
2025-11-01,Wireless Charger,Electronics,Chiang Mai,Marketplace,46,349,16054,0,4.3
2025-06-19,Mouse Pad,Accessories,Chiang Mai,In-Store,31,349,10819,1,3.3
2025-11-26,USB-C Cable,Accessories,Phuket,Online,37,1290,47730,0,3.4
2025-04-03,Laptop Bag,Bags,Phuket,Marketplace,26,149,3874,1,3.6
2025-01-23,Screen Protector,Accessories,Pattaya,Online,43,599,25757,4,4.3
2025-01-24,Screen Protector,Accessories,Chiang Mai,Online,11,99,1089,0,4.0
2025-01-31,Laptop Bag,Bags,Chiang Mai,Online,23,199,4577,1,4.0
2025-11-14,Mouse Pad,Accessories,Bangkok,Online,23,199,4577,2,3.7
2025-10-12,iPhone Case,Accessories,Pattaya,Marketplace,4,199,796,1,3.8
2025-04-28,Power Bank,Electronics,Chiang Mai,In-Store,14,890,12460,0,5.0
2025-12-20,Keyboard Cover,Accessories,Khon Kaen,Online,17,349,5933,1,4.2
2025-08-07,iPhone Case,Accessories,Khon Kaen,In-Store,5,890,4450,1,4.7
2025-06-18,Laptop Bag,Bags,Khon Kaen,In-Store,33,890,29370,3,3.6
2025-05-10,Laptop Bag,Bags,Chiang Mai,Marketplace,28,149,4172,0,4.1
2025-05-23,Screen Protector,Accessories,Chiang Mai,Marketplace,24,199,4776,1,4.0
2025-09-26,Mouse Pad,Accessories,Khon Kaen,Online,32,149,4768,0,3.3
2025-03-12,Phone Stand,Accessories,Khon Kaen,Marketplace,30,149,4470,2,4.4
2025-06-05,Screen Protector,Accessories,Pattaya,Online,40,349,13960,4,4.5
2025-03-21,Mouse Pad,Accessories,Chiang Mai,Online,14,599,8386,0,5.0
2025-03-10,iPhone Case,Accessories,Pattaya,Marketplace,30,1590,47700,0,3.9
2025-10-27,Keyboard Cover,Accessories,Pattaya,In-Store,50,890,44500,0,3.4
2025-05-12,Mouse Pad,Accessories,Khon Kaen,Marketplace,30,1290,38700,0,3.3
2025-09-28,Phone Stand,Accessories,Pattaya,Online,49,599,29351,4,3.4
2025-07-13,iPhone Case,Accessories,Bangkok,In-Store,46,1290,59340,2,3.7
2025-07-20,Power Bank,Electronics,Khon Kaen,Online,45,99,4455,0,4.0
2025-04-24,Power Bank,Electronics,Khon Kaen,In-Store,7,599,4193,0,3.6
2025-12-12,Laptop Bag,Bags,Bangkok,Online,50,1290,64500,2,4.5
2025-01-26,Power Bank,Electronics,Bangkok,Online,32,599,19168,3,3.6
2025-02-23,Phone Stand,Accessories,Pattaya,In-Store,49,199,9751,2,4.9
2025-03-11,Keyboard Cover,Accessories,Khon Kaen,Online,4,1290,5160,1,3.8
2025-07-18,Wireless Charger,Electronics,Chiang Mai,In-Store,37,99,3663,2,3.6
2025-04-03,Power Bank,Electronics,Phuket,Online,8,349,2792,1,4.4
2025-03-13,Laptop Bag,Bags,Khon Kaen,Marketplace,21,199,4179,1,4.3
2025-03-08,Laptop Bag,Bags,Phuket,Online,32,890,28480,2,3.3
2025-11-22,Bluetooth Earbuds,Electronics,Khon Kaen,Online,22,199,4378,1,4.6
2025-07-25,Keyboard Cover,Accessories,Bangkok,In-Store,49,890,43610,4,4.7
2025-06-20,Laptop Bag,Bags,Chiang Mai,Online,37,1290,47730,3,4.6
2025-07-29,Wireless Charger,Electronics,Pattaya,Marketplace,43,890,38270,4,4.6
2025-12-17,Mouse Pad,Accessories,Pattaya,Marketplace,33,99,3267,0,3.4
2025-07-14,iPhone Case,Accessories,Bangkok,Marketplace,9,349,3141,1,4.1
2025-04-07,Power Bank,Electronics,Chiang Mai,Online,25,1590,39750,2,3.8
2025-03-11,Keyboard Cover,Accessories,Phuket,Online,35,890,31150,2,4.4
2025-07-18,Keyboard Cover,Accessories,Pattaya,Marketplace,16,599,9584,0,4.1
2025-02-13,Wireless Charger,Electronics,Pattaya,In-Store,15,199,2985,0,4.6
2025-02-12,USB-C Cable,Accessories,Chiang Mai,Online,8,1290,10320,0,3.3
2025-11-09,Bluetooth Earbuds,Electronics,Pattaya,Marketplace,36,599,21564,0,4.8
2025-07-09,iPhone Case,Accessories,Chiang Mai,Online,5,1290,6450,0,4.7
2025-10-20,iPhone Case,Accessories,Bangkok,Online,5,890,4450,0,4.5
2025-08-01,Laptop Bag,Bags,Khon Kaen,Marketplace,5,890,4450,1,4.7
2025-03-07,Laptop Bag,Bags,Khon Kaen,Online,31,149,4619,1,4.1
2025-04-07,Laptop Bag,Bags,Khon Kaen,Online,39,349,13611,2,3.4
2025-11-19,Power Bank,Electronics,Pattaya,In-Store,35,199,6965,1,4.6
2025-10-15,Bluetooth Earbuds,Electronics,Bangkok,In-Store,25,299,7475,1,3.2
2025-10-13,Phone Stand,Accessories,Bangkok,Marketplace,29,1290,37410,1,4.9
2025-04-09,Laptop Bag,Bags,Khon Kaen,In-Store,39,1290,50310,2,3.6
2025-04-08,Bluetooth Earbuds,Electronics,Khon Kaen,Marketplace,2,149,298,1,3.0
2025-01-02,Phone Stand,Accessories,Phuket,Marketplace,48,1590,76320,0,3.4
2025-08-13,Phone Stand,Accessories,Phuket,Online,31,99,3069,3,3.0
2025-05-09,Phone Stand,Accessories,Phuket,In-Store,2,1590,3180,1,4.2
2025-05-12,Bluetooth Earbuds,Electronics,Bangkok,In-Store,45,299,13455,1,4.8
2025-05-20,Bluetooth Earbuds,Electronics,Pattaya,In-Store,42,599,25158,2,3.4
2025-03-03,Screen Protector,Accessories,Pattaya,Marketplace,41,199,8159,4,3.1
2025-06-29,Wireless Charger,Electronics,Khon Kaen,Marketplace,8,149,1192,1,4.8
2025-08-18,Wireless Charger,Electronics,Phuket,Marketplace,12,1590,19080,0,4.4
2025-12-24,Wireless Charger,Electronics,Pattaya,Online,43,199,8557,4,3.6
2025-01-29,USB-C Cable,Accessories,Pattaya,Marketplace,21,99,2079,2,4.8
2025-12-19,Mouse Pad,Accessories,Khon Kaen,In-Store,21,599,12579,0,3.3
2025-01-09,Phone Stand,Accessories,Pattaya,Marketplace,43,349,15007,2,4.9
2025-07-04,Wireless Charger,Electronics,Chiang Mai,Online,47,199,9353,2,3.7
2025-04-21,Phone Stand,Accessories,Chiang Mai,Online,12,890,10680,0,4.8
2025-12-04,USB-C Cable,Accessories,Khon Kaen,Marketplace,27,599,16173,0,4.1
2025-01-18,Keyboard Cover,Accessories,Bangkok,Online,9,890,8010,1,3.5
2025-10-15,Wireless Charger,Electronics,Pattaya,In-Store,37,99,3663,1,4.8
2025-06-05,USB-C Cable,Accessories,Phuket,Marketplace,41,599,24559,4,3.9
2025-02-07,Keyboard Cover,Accessories,Pattaya,Online,17,1290,21930,0,4.7
2025-09-19,Keyboard Cover,Accessories,Bangkok,In-Store,37,1290,47730,2,3.2
2025-09-05,Mouse Pad,Accessories,Pattaya,Marketplace,8,149,1192,0,4.7
2025-04-05,Bluetooth Earbuds,Electronics,Phuket,In-Store,44,890,39160,2,4.0
2025-11-16,USB-C Cable,Accessories,Pattaya,Marketplace,49,1290,63210,4,3.3
2025-07-07,Wireless Charger,Electronics,Bangkok,In-Store,7,890,6230,0,4.0
2025-03-19,Wireless Charger,Electronics,Bangkok,Marketplace,23,890,20470,2,4.7
2025-05-14,Power Bank,Electronics,Chiang Mai,Marketplace,10,349,3490,1,4.8
2025-06-17,Wireless Charger,Electronics,Bangkok,Marketplace,37,1590,58830,0,4.9
2025-10-18,Laptop Bag,Bags,Chiang Mai,In-Store,19,199,3781,1,4.4
2025-05-07,Mouse Pad,Accessories,Chiang Mai,Online,46,199,9154,1,4.2
2025-08-16,Mouse Pad,Accessories,Pattaya,Marketplace,32,299,9568,3,3.5
2025-08-09,Power Bank,Electronics,Khon Kaen,Marketplace,19,1590,30210,0,3.1
2025-03-06,USB-C Cable,Accessories,Bangkok,In-Store,15,299,4485,0,3.6
2025-01-12,Screen Protector,Accessories,Chiang Mai,Online,43,99,4257,0,3.7
2025-07-07,USB-C Cable,Accessories,Phuket,Online,15,1590,23850,0,4.6
2025-12-13,Keyboard Cover,Accessories,Chiang Mai,Marketplace,44,1290,56760,1,4.8
2025-08-20,Bluetooth Earbuds,Electronics,Bangkok,Marketplace,27,199,5373,0,4.4
2025-05-15,Wireless Charger,Electronics,Bangkok,Marketplace,6,99,594,1,3.5
2025-04-07,Bluetooth Earbuds,Electronics,Khon Kaen,Marketplace,28,1590,44520,1,3.8
2025-10-28,Phone Stand,Accessories,Pattaya,Online,47,349,16403,3,4.6
2025-08-05,Laptop Bag,Bags,Pattaya,In-Store,17,99,1683,1,3.5
2025-03-11,Power Bank,Electronics,Khon Kaen,In-Store,10,349,3490,1,4.8
2025-01-31,USB-C Cable,Accessories,Phuket,Online,2,299,598,0,3.1
2025-04-11,Laptop Bag,Bags,Bangkok,Marketplace,43,890,38270,0,3.8
2025-05-21,Mouse Pad,Accessories,Pattaya,In-Store,46,1290,59340,2,3.9
2025-06-25,iPhone Case,Accessories,Pattaya,Online,45,349,15705,3,3.7
2025-03-27,Laptop Bag,Bags,Khon Kaen,Marketplace,6,299,1794,0,3.8
2025-08-17,Phone Stand,Accessories,Pattaya,Online,7,149,1043,1,3.3
2025-11-14,Power Bank,Electronics,Bangkok,In-Store,30,149,4470,2,4.7
2025-12-14,Keyboard Cover,Accessories,Bangkok,Marketplace,35,1290,45150,3,3.9
2025-04-27,Mouse Pad,Accessories,Pattaya,Marketplace,15,349,5235,0,5.0
2025-05-11,Laptop Bag,Bags,Pattaya,In-Store,49,1290,63210,4,3.3
2025-10-21,Wireless Charger,Electronics,Phuket,In-Store,31,349,10819,1,3.7
2025-05-20,Bluetooth Earbuds,Electronics,Khon Kaen,In-Store,30,99,2970,0,4.7
2025-03-13,Keyboard Cover,Accessories,Chiang Mai,In-Store,30,599,17970,3,3.9
2025-01-19,iPhone Case,Accessories,Pattaya,Online,30,599,17970,3,3.7
2025-07-26,Laptop Bag,Bags,Pattaya,In-Store,23,1590,36570,1,3.2
2025-04-04,Laptop Bag,Bags,Pattaya,Marketplace,12,149,1788,0,3.7
2025-09-30,Phone Stand,Accessories,Chiang Mai,Online,18,599,10782,0,3.1
2025-11-22,Keyboard Cover,Accessories,Phuket,Marketplace,25,299,7475,0,4.2
2025-01-30,Wireless Charger,Electronics,Phuket,Online,50,99,4950,2,4.3
2025-01-18,Bluetooth Earbuds,Electronics,Khon Kaen,Marketplace,17,1590,27030,0,4.7
2025-01-05,Screen Protector,Accessories,Phuket,Online,25,299,7475,1,4.5
2025-06-21,Mouse Pad,Accessories,Chiang Mai,In-Store,29,1590,46110,1,4.4
2025-12-20,Bluetooth Earbuds,Electronics,Bangkok,In-Store,35,890,31150,3,3.5
2025-03-03,Bluetooth Earbuds,Electronics,Pattaya,Marketplace,43,199,8557,0,3.3
2025-03-13,Bluetooth Earbuds,Electronics,Phuket,Online,20,199,3980,0,3.7
2025-12-17,Laptop Bag,Bags,Phuket,Marketplace,34,1290,43860,2,3.1
2025-08-25,Laptop Bag,Bags,Khon Kaen,In-Store,12,199,2388,1,5.0
2025-05-02,Power Bank,Electronics,Pattaya,Online,9,299,2691,0,4.8
2025-06-27,Wireless Charger,Electronics,Chiang Mai,In-Store,1,149,149,0,3.1
2025-12-19,Screen Protector,Accessories,Chiang Mai,Marketplace,40,299,11960,4,3.8
2025-04-27,Keyboard Cover,Accessories,Chiang Mai,Marketplace,3,149,447,1,3.7
2025-02-05,Phone Stand,Accessories,Chiang Mai,Marketplace,9,149,1341,1,3.1
2025-05-15,USB-C Cable,Accessories,Phuket,Online,49,299,14651,0,3.7
2025-05-17,Keyboard Cover,Accessories,Phuket,Online,20,299,5980,2,4.3
2025-10-19,Wireless Charger,Electronics,Khon Kaen,In-Store,9,149,1341,1,4.3
2025-06-16,Screen Protector,Accessories,Khon Kaen,Online,47,890,41830,2,4.6
2025-09-14,iPhone Case,Accessories,Chiang Mai,Online,24,199,4776,1,3.9
2025-09-16,Wireless Charger,Electronics,Khon Kaen,Marketplace,26,349,9074,1,4.3
2025-11-22,Phone Stand,Accessories,Bangkok,In-Store,43,349,15007,0,3.1
2025-11-26,USB-C Cable,Accessories,Bangkok,In-Store,42,149,6258,1,3.5
2025-05-16,Keyboard Cover,Accessories,Khon Kaen,Online,24,99,2376,1,3.8
2025-07-08,Screen Protector,Accessories,Chiang Mai,Online,33,890,29370,3,4.3
2025-04-10,Bluetooth Earbuds,Electronics,Khon Kaen,Marketplace,50,349,17450,3,3.4
2025-07-12,Keyboard Cover,Accessories,Bangkok,In-Store,6,1290,7740,1,4.6
2025-10-18,Phone Stand,Accessories,Chiang Mai,In-Store,32,1590,50880,0,4.7
2025-10-16,USB-C Cable,Accessories,Bangkok,In-Store,4,599,2396,0,3.5
2025-05-03,Bluetooth Earbuds,Electronics,Bangkok,Online,42,199,8358,3,3.9
2025-03-25,Screen Protector,Accessories,Chiang Mai,Online,1,299,299,1,4.3
2025-09-02,USB-C Cable,Accessories,Pattaya,Online,9,149,1341,1,3.1
2025-12-04,USB-C Cable,Accessories,Bangkok,Online,33,199,6567,2,3.7
2025-09-10,Laptop Bag,Bags,Khon Kaen,In-Store,34,99,3366,0,5.0
2025-02-01,Power Bank,Electronics,Bangkok,In-Store,47,1590,74730,4,3.3
2025-09-16,Wireless Charger,Electronics,Bangkok,Online,17,149,2533,0,4.9
2025-07-16,Keyboard Cover,Accessories,Khon Kaen,Marketplace,12,890,10680,1,3.9
2025-02-27,Wireless Charger,Electronics,Pattaya,Marketplace,42,1590,66780,4,3.6
2025-03-24,Laptop Bag,Bags,Bangkok,Marketplace,34,349,11866,0,4.5
2025-06-13,Screen Protector,Accessories,Phuket,Marketplace,20,149,2980,0,3.4
2025-12-26,Keyboard Cover,Accessories,Khon Kaen,Online,38,1590,60420,3,3.0
2025-01-22,Phone Stand,Accessories,Phuket,Online,10,1590,15900,1,3.6
2025-08-07,Bluetooth Earbuds,Electronics,Chiang Mai,Marketplace,2,1290,2580,0,4.6
2025-04-19,Wireless Charger,Electronics,Khon Kaen,Online,25,349,8725,2,3.8
2025-05-07,Keyboard Cover,Accessories,Pattaya,Online,20,99,1980,1,4.4
2025-04-09,USB-C Cable,Accessories,Chiang Mai,In-Store,44,299,13156,4,4.5
2025-10-10,USB-C Cable,Accessories,Bangkok,In-Store,49,1290,63210,3,3.9
2025-12-25,Laptop Bag,Bags,Pattaya,Marketplace,6,149,894,0,3.5
2025-07-15,iPhone Case,Accessories,Chiang Mai,In-Store,15,890,13350,1,4.4
2025-10-15,iPhone Case,Accessories,Pattaya,Marketplace,7,349,2443,0,4.9
2025-12-30,Mouse Pad,Accessories,Phuket,In-Store,15,1290,19350,1,3.4
2025-01-15,Bluetooth Earbuds,Electronics,Bangkok,Marketplace,10,149,1490,1,4.0
2025-03-31,Laptop Bag,Bags,Khon Kaen,In-Store,19,599,11381,0,3.7
2025-04-23,Laptop Bag,Bags,Bangkok,Online,28,1290,36120,2,3.4
2025-04-28,Keyboard Cover,Accessories,Bangkok,In-Store,22,149,3278,2,4.4
2025-05-07,Phone Stand,Accessories,Bangkok,In-Store,33,99,3267,3,4.0
2025-09-02,Mouse Pad,Accessories,Khon Kaen,Marketplace,36,890,32040,1,4.2
2025-08-30,Screen Protector,Accessories,Khon Kaen,Online,12,599,7188,0,3.0
2025-07-18,Laptop Bag,Bags,Bangkok,Marketplace,39,1590,62010,3,4.2
2025-01-25,Power Bank,Electronics,Pattaya,In-Store,45,1590,71550,2,3.7
2025-12-19,Bluetooth Earbuds,Electronics,Bangkok,Marketplace,47,349,16403,4,4.3
2025-02-02,Screen Protector,Accessories,Pattaya,Marketplace,20,199,3980,0,3.1
2025-02-17,iPhone Case,Accessories,Chiang Mai,Marketplace,44,599,26356,3,4.7
2025-05-03,Laptop Bag,Bags,Pattaya,Marketplace,17,149,2533,1,3.2
2025-04-14,Mouse Pad,Accessories,Khon Kaen,Marketplace,20,1290,25800,2,4.5
2025-09-17,Phone Stand,Accessories,Khon Kaen,In-Store,40,1290,51600,4,4.2
2025-04-13,Phone Stand,Accessories,Khon Kaen,Marketplace,44,199,8756,1,4.0
2025-08-06,Keyboard Cover,Accessories,Chiang Mai,In-Store,50,599,29950,5,3.8
2025-12-04,USB-C Cable,Accessories,Khon Kaen,Online,23,349,8027,0,4.0
2025-09-28,Laptop Bag,Bags,Bangkok,Marketplace,24,1590,38160,2,4.0
2025-07-10,iPhone Case,Accessories,Chiang Mai,In-Store,9,599,5391,0,4.3
2025-12-17,Wireless Charger,Electronics,Pattaya,In-Store,49,1290,63210,1,3.5
2025-10-15,iPhone Case,Accessories,Chiang Mai,Online,5,299,1495,1,3.1
2025-01-07,Keyboard Cover,Accessories,Chiang Mai,Marketplace,17,149,2533,1,4.6
2025-05-27,Keyboard Cover,Accessories,Chiang Mai,Marketplace,22,149,3278,1,4.3
2025-10-12,Power Bank,Electronics,Chiang Mai,Online,14,1290,18060,0,3.7
2025-05-14,Wireless Charger,Electronics,Pattaya,Online,32,199,6368,0,3.4
2025-04-25,Power Bank,Electronics,Bangkok,In-Store,11,1590,17490,0,3.1
2025-11-11,Bluetooth Earbuds,Electronics,Khon Kaen,Marketplace,10,349,3490,0,3.1
2025-05-04,Screen Protector,Accessories,Bangkok,Marketplace,33,1290,42570,2,3.9
2025-12-08,Laptop Bag,Bags,Bangkok,In-Store,15,199,2985,0,4.7
2025-06-27,Bluetooth Earbuds,Electronics,Phuket,In-Store,19,99,1881,1,4.2
2025-12-11,iPhone Case,Accessories,Bangkok,Marketplace,39,299,11661,3,3.7
2025-07-04,Power Bank,Electronics,Khon Kaen,In-Store,6,890,5340,0,4.2
2025-12-09,Power Bank,Electronics,Khon Kaen,Online,1,199,199,1,3.7
2025-03-20,Keyboard Cover,Accessories,Bangkok,Marketplace,20,890,17800,2,3.6
2025-04-14,Screen Protector,Accessories,Pattaya,Online,34,1590,54060,0,4.5
2025-04-21,Laptop Bag,Bags,Bangkok,Marketplace,8,890,7120,1,4.4
2025-12-18,Phone Stand,Accessories,Khon Kaen,Online,26,1590,41340,2,4.0
2025-11-15,Laptop Bag,Bags,Bangkok,Marketplace,3,599,1797,0,3.3
2025-07-13,Keyboard Cover,Accessories,Pattaya,In-Store,37,599,22163,3,4.0
2025-11-09,Screen Protector,Accessories,Chiang Mai,Marketplace,16,1290,20640,0,3.2
2025-07-26,Power Bank,Electronics,Pattaya,Marketplace,10,1590,15900,0,4.9
2025-03-08,USB-C Cable,Accessories,Phuket,In-Store,28,149,4172,1,3.5
2025-06-10,Power Bank,Electronics,Khon Kaen,Online,17,890,15130,1,4.5
2025-05-27,Phone Stand,Accessories,Bangkok,Marketplace,36,299,10764,0,4.5
2025-11-08,Laptop Bag,Bags,Chiang Mai,Marketplace,25,1290,32250,0,3.8
2025-06-18,Mouse Pad,Accessories,Pattaya,Marketplace,36,1290,46440,2,4.1
2025-12-31,iPhone Case,Accessories,Pattaya,Marketplace,43,890,38270,4,3.7
2025-04-12,Screen Protector,Accessories,Bangkok,Online,1,299,299,1,4.4
2025-10-17,Bluetooth Earbuds,Electronics,Bangkok,In-Store,26,99,2574,1,4.0
2025-09-06,Laptop Bag,Bags,Chiang Mai,Online,18,599,10782,0,3.3
2025-10-29,Wireless Charger,Electronics,Khon Kaen,In-Store,50,599,29950,1,3.7
2025-01-05,Mouse Pad,Accessories,Khon Kaen,Marketplace,11,99,1089,0,3.4
2025-12-26,Power Bank,Electronics,Bangkok,Marketplace,4,890,3560,1,3.6
2025-06-26,Laptop Bag,Bags,Khon Kaen,In-Store,26,599,15574,0,3.0
2025-01-13,USB-C Cable,Accessories,Phuket,In-Store,22,149,3278,2,4.2
2025-03-18,Mouse Pad,Accessories,Khon Kaen,In-Store,36,349,12564,3,3.6
2025-09-28,Keyboard Cover,Accessories,Khon Kaen,Online,1,1590,1590,1,4.2
2025-07-29,Mouse Pad,Accessories,Bangkok,Marketplace,16,349,5584,0,3.3
2025-10-22,Wireless Charger,Electronics,Chiang Mai,Online,5,1590,7950,0,5.0
2025-12-26,Mouse Pad,Accessories,Phuket,Marketplace,47,890,41830,0,4.7
2025-10-09,iPhone Case,Accessories,Khon Kaen,In-Store,27,890,24030,1,3.3
2025-11-16,Keyboard Cover,Accessories,Phuket,Online,6,1590,9540,0,3.1
2025-08-30,Screen Protector,Accessories,Chiang Mai,In-Store,34,599,20366,3,4.0
2025-01-25,Keyboard Cover,Accessories,Phuket,In-Store,21,1290,27090,0,4.3
2025-03-18,Mouse Pad,Accessories,Chiang Mai,In-Store,6,299,1794,0,3.6
2025-09-08,iPhone Case,Accessories,Pattaya,Online,20,1290,25800,2,4.7
2025-11-04,Laptop Bag,Bags,Pattaya,In-Store,47,299,14053,1,3.4
2025-12-08,Screen Protector,Accessories,Pattaya,Online,4,599,2396,0,3.8
2025-02-13,Mouse Pad,Accessories,Pattaya,Marketplace,5,599,2995,1,3.3
2025-09-15,Screen Protector,Accessories,Bangkok,Online,50,299,14950,3,3.6
2025-05-26,Laptop Bag,Bags,Phuket,Online,23,599,13777,2,3.4
2025-02-26,Phone Stand,Accessories,Khon Kaen,Marketplace,44,149,6556,4,3.2
2025-09-21,Power Bank,Electronics,Bangkok,Online,1,299,299,0,4.1
2025-10-20,USB-C Cable,Accessories,Phuket,In-Store,45,1290,58050,4,4.9
2025-01-27,Phone Stand,Accessories,Phuket,Marketplace,17,1590,27030,1,3.6
2025-03-23,Screen Protector,Accessories,Chiang Mai,Online,26,599,15574,2,4.4
2025-05-30,USB-C Cable,Accessories,Pattaya,In-Store,17,349,5933,1,3.3
2025-04-26,Power Bank,Electronics,Chiang Mai,In-Store,7,1590,11130,0,3.3
2025-03-02,Phone Stand,Accessories,Khon Kaen,Online,37,349,12913,2,3.8
2025-03-23,Phone Stand,Accessories,Pattaya,Marketplace,8,599,4792,0,3.5
2025-04-07,Laptop Bag,Bags,Bangkok,Online,37,99,3663,2,3.1
2025-03-03,Screen Protector,Accessories,Chiang Mai,In-Store,45,149,6705,2,3.4
2025-08-29,Power Bank,Electronics,Chiang Mai,In-Store,45,1590,71550,2,3.2
2025-01-14,Laptop Bag,Bags,Bangkok,In-Store,15,349,5235,0,4.2
2025-07-19,Screen Protector,Accessories,Phuket,Marketplace,26,149,3874,0,3.2
2025-06-16,Bluetooth Earbuds,Electronics,Pattaya,Marketplace,13,890,11570,1,3.9
2025-04-10,Bluetooth Earbuds,Electronics,Bangkok,Online,47,99,4653,4,4.0
2025-11-03,Wireless Charger,Electronics,Chiang Mai,Online,19,890,16910,0,4.8
2025-12-08,Mouse Pad,Accessories,Khon Kaen,In-Store,38,149,5662,1,4.7
2025-03-15,Laptop Bag,Bags,Chiang Mai,In-Store,32,890,28480,1,3.2
2025-01-28,iPhone Case,Accessories,Khon Kaen,In-Store,15,349,5235,0,4.3
2025-07-11,USB-C Cable,Accessories,Khon Kaen,Marketplace,22,349,7678,2,3.1
2025-04-15,Wireless Charger,Electronics,Bangkok,In-Store,21,599,12579,1,3.6
2025-08-09,Laptop Bag,Bags,Bangkok,Marketplace,3,599,1797,0,4.3
2025-03-26,Keyboard Cover,Accessories,Chiang Mai,Marketplace,22,199,4378,1,3.1
2025-05-14,Keyboard Cover,Accessories,Khon Kaen,Online,20,299,5980,1,4.4
2025-02-24,Phone Stand,Accessories,Chiang Mai,Online,36,1290,46440,0,3.3
2025-08-01,Bluetooth Earbuds,Electronics,Pattaya,Marketplace,48,99,4752,3,3.1
2025-02-11,Screen Protector,Accessories,Phuket,Online,42,1590,66780,4,4.7
2025-10-01,iPhone Case,Accessories,Bangkok,Online,23,199,4577,1,3.4
2025-02-23,iPhone Case,Accessories,Bangkok,In-Store,50,1290,64500,2,3.5
2025-08-25,iPhone Case,Accessories,Phuket,Online,9,890,8010,0,4.1
2025-01-30,Screen Protector,Accessories,Chiang Mai,Marketplace,48,349,16752,2,3.2
2025-06-25,Laptop Bag,Bags,Pattaya,Marketplace,16,349,5584,0,3.3
2025-09-23,Screen Protector,Accessories,Khon Kaen,In-Store,6,149,894,0,4.7
2025-06-04,iPhone Case,Accessories,Khon Kaen,Marketplace,25,1590,39750,2,3.7
2025-09-12,Screen Protector,Accessories,Pattaya,Online,50,99,4950,3,3.1
2025-09-02,iPhone Case,Accessories,Pattaya,Online,3,890,2670,1,3.1
2025-12-23,Bluetooth Earbuds,Electronics,Bangkok,In-Store,7,149,1043,0,3.4
2025-10-12,Laptop Bag,Bags,Khon Kaen,Marketplace,27,349,9423,2,4.0
2025-01-01,Laptop Bag,Bags,Bangkok,Online,36,1290,46440,1,4.6
2025-09-25,iPhone Case,Accessories,Pattaya,Marketplace,21,349,7329,0,3.8
2025-06-27,Bluetooth Earbuds,Electronics,Khon Kaen,Online,47,149,7003,3,3.5
2025-01-01,Screen Protector,Accessories,Phuket,Online,11,149,1639,0,4.0
2025-05-27,Laptop Bag,Bags,Pattaya,Marketplace,41,199,8159,0,4.0
2025-10-01,Wireless Charger,Electronics,Khon Kaen,Marketplace,27,599,16173,2,3.3
2025-10-19,USB-C Cable,Accessories,Bangkok,Online,30,99,2970,2,4.3
2025-08-24,iPhone Case,Accessories,Khon Kaen,In-Store,44,349,15356,2,4.5
2025-12-06,Mouse Pad,Accessories,Pattaya,Online,2,199,398,1,4.7
2025-11-01,Screen Protector,Accessories,Khon Kaen,Online,13,99,1287,1,4.1
2025-10-15,Wireless Charger,Electronics,Pattaya,Marketplace,11,199,2189,1,4.5
2025-09-18,Keyboard Cover,Accessories,Chiang Mai,Online,4,1590,6360,1,3.6
2025-03-26,Power Bank,Electronics,Pattaya,In-Store,39,299,11661,1,3.0
2025-11-19,Phone Stand,Accessories,Bangkok,Marketplace,3,349,1047,0,4.7
2025-03-09,Mouse Pad,Accessories,Pattaya,Online,48,349,16752,3,4.5
2025-07-08,Laptop Bag,Bags,Chiang Mai,Online,2,1290,2580,1,4.7
2025-09-07,Laptop Bag,Bags,Bangkok,Marketplace,1,599,599,0,4.4
2025-11-12,Keyboard Cover,Accessories,Khon Kaen,Marketplace,11,890,9790,0,4.0
2025-10-22,Screen Protector,Accessories,Pattaya,Marketplace,20,199,3980,1,4.9
2025-10-31,Bluetooth Earbuds,Electronics,Phuket,Online,33,349,11517,3,3.6
2025-08-01,iPhone Case,Accessories,Khon Kaen,In-Store,49,890,43610,2,4.2
2025-09-18,Phone Stand,Accessories,Bangkok,Online,10,599,5990,1,3.2
2025-09-06,Bluetooth Earbuds,Electronics,Khon Kaen,In-Store,36,1290,46440,0,4.5
2025-01-01,USB-C Cable,Accessories,Phuket,Online,17,1590,27030,1,3.5
2025-05-29,Wireless Charger,Electronics,Bangkok,In-Store,24,99,2376,0,3.8
2025-11-07,Power Bank,Electronics,Chiang Mai,In-Store,29,149,4321,2,3.5
2025-09-03,Mouse Pad,Accessories,Phuket,Marketplace,27,199,5373,1,3.2
2025-08-26,USB-C Cable,Accessories,Chiang Mai,Online,1,99,99,0,4.8
2025-10-29,Screen Protector,Accessories,Khon Kaen,Online,21,349,7329,0,4.7
2025-08-13,Laptop Bag,Bags,Bangkok,In-Store,21,299,6279,1,4.6
2025-10-31,Wireless Charger,Electronics,Bangkok,Online,47,1590,74730,0,4.4
2025-05-15,Power Bank,Electronics,Chiang Mai,Marketplace,12,599,7188,1,4.0
2025-02-18,USB-C Cable,Accessories,Chiang Mai,In-Store,40,890,35600,3,3.9
2025-08-14,Power Bank,Electronics,Phuket,In-Store,33,1590,52470,1,4.0
2025-12-16,iPhone Case,Accessories,Bangkok,Marketplace,41,1290,52890,0,4.7
2025-08-13,Screen Protector,Accessories,Bangkok,In-Store,13,99,1287,1,4.5
2025-05-13,Keyboard Cover,Accessories,Chiang Mai,Online,5,149,745,1,4.2
2025-08-27,Mouse Pad,Accessories,Khon Kaen,In-Store,50,599,29950,1,3.3
2025-11-25,USB-C Cable,Accessories,Chiang Mai,In-Store,37,1590,58830,3,3.7
2025-12-23,Bluetooth Earbuds,Electronics,Phuket,Online,29,1290,37410,2,4.5
2025-03-07,Phone Stand,Accessories,Chiang Mai,In-Store,46,1290,59340,3,3.2
2025-12-04,Keyboard Cover,Accessories,Phuket,Online,14,890,12460,1,3.2
2025-02-25,Laptop Bag,Bags,Khon Kaen,In-Store,45,199,8955,4,4.7
2025-07-13,iPhone Case,Accessories,Chiang Mai,Online,49,1590,77910,4,4.9
2025-04-29,iPhone Case,Accessories,Bangkok,Marketplace,37,99,3663,3,3.1
2025-01-09,iPhone Case,Accessories,Bangkok,Marketplace,4,599,2396,1,4.2
2025-06-13,USB-C Cable,Accessories,Phuket,Online,49,890,43610,4,3.6
2025-03-27,Keyboard Cover,Accessories,Khon Kaen,In-Store,25,349,8725,0,3.1
2025-02-24,Keyboard Cover,Accessories,Khon Kaen,In-Store,31,199,6169,0,3.1
2025-06-05,USB-C Cable,Accessories,Pattaya,Marketplace,50,299,14950,1,3.1
2025-11-14,Power Bank,Electronics,Phuket,Marketplace,25,1290,32250,1,4.4
2025-07-17,Laptop Bag,Bags,Pattaya,Online,27,149,4023,0,4.7
2025-06-15,Bluetooth Earbuds,Electronics,Pattaya,Online,31,890,27590,3,4.3
2025-01-22,USB-C Cable,Accessories,Bangkok,Marketplace,25,299,7475,1,3.2
2025-07-04,iPhone Case,Accessories,Chiang Mai,Marketplace,25,599,14975,2,4.3
2025-07-10,iPhone Case,Accessories,Pattaya,Online,33,299,9867,2,3.3
2025-04-25,Keyboard Cover,Accessories,Phuket,Marketplace,12,1290,15480,0,3.5
2025-03-09,iPhone Case,Accessories,Pattaya,Marketplace,48,349,16752,3,4.6
2025-11-16,Laptop Bag,Bags,Bangkok,Marketplace,6,890,5340,0,4.0
2025-02-01,Bluetooth Earbuds,Electronics,Phuket,In-Store,46,599,27554,2,4.4
2025-08-04,Keyboard Cover,Accessories,Pattaya,Marketplace,9,149,1341,1,3.8
2025-01-28,iPhone Case,Accessories,Chiang Mai,In-Store,6,1590,9540,1,4.9
2025-08-29,Laptop Bag,Bags,Bangkok,Marketplace,6,890,5340,1,3.2
2025-11-25,Phone Stand,Accessories,Bangkok,Online,11,349,3839,0,4.7
2025-03-25,Screen Protector,Accessories,Bangkok,Online,27,599,16173,2,4.5
2025-09-05,Screen Protector,Accessories,Phuket,In-Store,2,299,598,0,4.9
2025-05-12,Phone Stand,Accessories,Khon Kaen,In-Store,2,349,698,0,4.8
2025-04-06,Keyboard Cover,Accessories,Chiang Mai,In-Store,6,299,1794,1,3.4
2025-04-09,Screen Protector,Accessories,Bangkok,Marketplace,9,890,8010,0,5.0
2025-12-31,Screen Protector,Accessories,Bangkok,Online,24,890,21360,0,3.0
2025-05-25,Keyboard Cover,Accessories,Khon Kaen,In-Store,49,199,9751,4,3.3
2025-09-03,USB-C Cable,Accessories,Chiang Mai,Marketplace,19,199,3781,1,4.6
2025-12-13,Screen Protector,Accessories,Pattaya,In-Store,10,199,1990,0,3.4
2025-04-19,Mouse Pad,Accessories,Pattaya,Online,25,149,3725,2,4.2
2025-01-31,Phone Stand,Accessories,Bangkok,In-Store,4,1590,6360,0,4.2
2025-07-17,Screen Protector,Accessories,Bangkok,In-Store,49,299,14651,0,4.0
2025-07-06,iPhone Case,Accessories,Phuket,Marketplace,48,1290,61920,4,4.8
2025-06-08,Bluetooth Earbuds,Electronics,Chiang Mai,Online,19,199,3781,0,3.6
2025-02-14,Laptop Bag,Bags,Bangkok,Online,23,99,2277,1,3.1
2025-05-08,Mouse Pad,Accessories,Bangkok,Online,16,199,3184,1,3.6
2025-09-22,Phone Stand,Accessories,Khon Kaen,Online,22,349,7678,2,3.9
2025-01-02,Keyboard Cover,Accessories,Bangkok,Marketplace,45,299,13455,0,4.0
2025-02-04,Screen Protector,Accessories,Chiang Mai,Online,29,1290,37410,1,3.2
2025-06-03,Keyboard Cover,Accessories,Khon Kaen,In-Store,20,149,2980,0,4.9
2025-04-07,Laptop Bag,Bags,Chiang Mai,In-Store,48,299,14352,1,3.9
2025-08-27,Screen Protector,Accessories,Phuket,In-Store,25,349,8725,0,4.5
2025-09-23,Power Bank,Electronics,Khon Kaen,In-Store,27,1590,42930,1,3.9
2025-07-02,USB-C Cable,Accessories,Chiang Mai,Marketplace,18,1590,28620,1,3.4
2025-09-04,iPhone Case,Accessories,Bangkok,Marketplace,41,1590,65190,2,4.8
2025-09-06,Keyboard Cover,Accessories,Chiang Mai,Marketplace,9,1290,11610,0,4.7
2025-08-28,Power Bank,Electronics,Bangkok,In-Store,27,199,5373,1,4.4
2025-07-17,Power Bank,Electronics,Khon Kaen,Online,44,890,39160,2,3.5
2025-01-11,Wireless Charger,Electronics,Chiang Mai,Marketplace,19,199,3781,1,3.8
2025-04-04,Screen Protector,Accessories,Bangkok,Online,11,299,3289,1,4.9
2025-07-29,USB-C Cable,Accessories,Khon Kaen,In-Store,33,1290,42570,2,4.9
2025-08-03,Power Bank,Electronics,Bangkok,Marketplace,4,349,1396,0,4.1
2025-05-04,Phone Stand,Accessories,Khon Kaen,Marketplace,29,1590,46110,1,3.1
2025-04-28,Bluetooth Earbuds,Electronics,Chiang Mai,Marketplace,44,1590,69960,4,4.7
2025-08-27,Phone Stand,Accessories,Khon Kaen,In-Store,13,1590,20670,1,4.3
2025-04-28,Laptop Bag,Bags,Pattaya,Marketplace,38,1290,49020,2,3.3
2025-11-18,Keyboard Cover,Accessories,Bangkok,Online,32,149,4768,3,4.7
2025-05-12,Mouse Pad,Accessories,Khon Kaen,Marketplace,47,599,28153,4,3.5
2025-01-09,USB-C Cable,Accessories,Pattaya,Marketplace,43,99,4257,4,3.9
2025-02-17,USB-C Cable,Accessories,Bangkok,Marketplace,22,149,3278,0,3.6
2025-08-22,Keyboard Cover,Accessories,Pattaya,In-Store,43,1290,55470,3,4.3
2025-03-09,Keyboard Cover,Accessories,Khon Kaen,Online,20,890,17800,0,4.9
2025-11-25,Laptop Bag,Bags,Pattaya,Marketplace,46,1590,73140,2,3.9
2025-05-02,USB-C Cable,Accessories,Pattaya,Online,4,1290,5160,1,3.2
2025-01-12,Mouse Pad,Accessories,Khon Kaen,Online,8,349,2792,0,3.2
2025-02-10,Power Bank,Electronics,Phuket,Marketplace,24,349,8376,0,3.4
2025-01-29,Mouse Pad,Accessories,Pattaya,Online,40,99,3960,2,4.6
2025-07-11,Phone Stand,Accessories,Phuket,Marketplace,33,99,3267,0,3.5
2025-05-19,Screen Protector,Accessories,Chiang Mai,Marketplace,12,299,3588,0,3.4
2025-03-25,Phone Stand,Accessories,Chiang Mai,Marketplace,27,890,24030,0,4.8
2025-05-28,Laptop Bag,Bags,Bangkok,Online,16,199,3184,1,4.2
2025-03-22,iPhone Case,Accessories,Chiang Mai,Marketplace,29,299,8671,2,4.2
2025-09-27,Mouse Pad,Accessories,Chiang Mai,Marketplace,7,1590,11130,0,4.7
2025-08-05,Mouse Pad,Accessories,Pattaya,Online,36,349,12564,0,4.6
2025-05-20,Power Bank,Electronics,Chiang Mai,Marketplace,23,199,4577,1,3.6
2025-01-08,iPhone Case,Accessories,Chiang Mai,Online,49,199,9751,4,3.4
2025-11-07,Keyboard Cover,Accessories,Chiang Mai,Online,23,349,8027,2,4.2
2025-01-28,Mouse Pad,Accessories,Bangkok,Online,22,1590,34980,0,3.7
2025-07-28,Mouse Pad,Accessories,Khon Kaen,In-Store,41,299,12259,1,4.9
2025-04-05,Mouse Pad,Accessories,Pattaya,Online,33,99,3267,1,5.0
2025-11-04,Mouse Pad,Accessories,Chiang Mai,Marketplace,47,599,28153,1,3.3
2025-12-14,Mouse Pad,Accessories,Chiang Mai,Online,43,199,8557,3,3.4
2025-03-24,USB-C Cable,Accessories,Khon Kaen,In-Store,47,199,9353,2,3.2
2025-08-25,Screen Protector,Accessories,Phuket,Marketplace,34,890,30260,3,3.8
2025-10-28,Keyboard Cover,Accessories,Pattaya,Marketplace,18,99,1782,1,4.4
2025-07-22,iPhone Case,Accessories,Chiang Mai,Marketplace,8,199,1592,1,4.2
2025-11-05,USB-C Cable,Accessories,Phuket,In-Store,16,1290,20640,0,4.2
2025-08-07,Screen Protector,Accessories,Chiang Mai,In-Store,43,149,6407,2,3.2
2025-04-19,Bluetooth Earbuds,Electronics,Khon Kaen,Online,26,890,23140,0,4.8
2025-05-16,iPhone Case,Accessories,Chiang Mai,In-Store,27,299,8073,0,3.8
2025-10-18,Power Bank,Electronics,Pattaya,In-Store,14,299,4186,0,4.9
2025-06-30,Keyboard Cover,Accessories,Chiang Mai,In-Store,12,99,1188,1,3.6
2025-05-13,Phone Stand,Accessories,Khon Kaen,In-Store,14,299,4186,1,4.1
2025-04-07,USB-C Cable,Accessories,Khon Kaen,In-Store,43,599,25757,2,5.0
2025-07-20,Mouse Pad,Accessories,Chiang Mai,In-Store,47,890,41830,2,4.8
2025-11-22,USB-C Cable,Accessories,Pattaya,In-Store,20,349,6980,0,4.0
2025-02-21,Power Bank,Electronics,Chiang Mai,Online,32,299,9568,3,4.8
2025-03-29,Phone Stand,Accessories,Pattaya,Marketplace,34,149,5066,3,3.1
2025-01-22,Bluetooth Earbuds,Electronics,Phuket,Online,11,890,9790,0,4.5
2025-09-04,Keyboard Cover,Accessories,Phuket,Online,32,1290,41280,1,4.0
2025-01-04,USB-C Cable,Accessories,Chiang Mai,Marketplace,37,199,7363,3,4.1
2025-12-17,Power Bank,Electronics,Khon Kaen,Online,11,349,3839,1,3.6
2025-04-05,iPhone Case,Accessories,Bangkok,In-Store,27,299,8073,2,4.1
2025-08-08,Power Bank,Electronics,Chiang Mai,Online,5,149,745,1,3.7
2025-01-13,Laptop Bag,Bags,Chiang Mai,Online,9,149,1341,0,4.7
2025-09-23,USB-C Cable,Accessories,Chiang Mai,In-Store,25,1290,32250,2,3.1
2025-05-29,Keyboard Cover,Accessories,Khon Kaen,Online,20,149,2980,0,3.1
2025-06-23,Laptop Bag,Bags,Phuket,Online,37,199,7363,3,4.4
2025-11-16,Screen Protector,Accessories,Phuket,Marketplace,42,99,4158,3,3.3
2025-11-11,Keyboard Cover,Accessories,Khon Kaen,Online,40,349,13960,0,3.8
2025-03-28,Keyboard Cover,Accessories,Phuket,Marketplace,12,1590,19080,0,3.8
2025-11-07,Power Bank,Electronics,Pattaya,In-Store,9,599,5391,0,3.9
2025-02-16,Wireless Charger,Electronics,Bangkok,Marketplace,24,1590,38160,2,4.7
2025-07-16,Screen Protector,Accessories,Phuket,Online,8,1290,10320,0,3.0
2025-10-08,Screen Protector,Accessories,Phuket,Online,29,1290,37410,2,4.3
2025-04-09,Phone Stand,Accessories,Khon Kaen,Online,17,349,5933,1,3.4
2025-04-27,iPhone Case,Accessories,Chiang Mai,Online,27,199,5373,1,3.1
2025-11-20,USB-C Cable,Accessories,Phuket,Online,3,149,447,1,4.7
2025-09-24,Wireless Charger,Electronics,Pattaya,Marketplace,30,149,4470,3,4.8
2025-10-28,Screen Protector,Accessories,Phuket,Online,38,149,5662,2,3.4
2025-04-13,Power Bank,Electronics,Bangkok,In-Store,3,1290,3870,1,4.1
2025-06-25,Bluetooth Earbuds,Electronics,Pattaya,In-Store,30,1590,47700,3,4.7
2025-03-20,Power Bank,Electronics,Khon Kaen,In-Store,48,99,4752,2,3.3
2025-02-07,Power Bank,Electronics,Khon Kaen,Marketplace,5,349,1745,0,3.5
2025-04-16,Mouse Pad,Accessories,Pattaya,In-Store,39,299,11661,1,3.4
2025-10-22,Mouse Pad,Accessories,Bangkok,Marketplace,17,99,1683,1,3.4
2025-05-02,Bluetooth Earbuds,Electronics,Chiang Mai,In-Store,12,299,3588,1,4.7
2025-03-29,iPhone Case,Accessories,Bangkok,In-Store,32,1590,50880,2,4.8
2025-01-25,Mouse Pad,Accessories,Phuket,Marketplace,40,349,13960,3,3.7
2025-03-26,Laptop Bag,Bags,Chiang Mai,In-Store,16,149,2384,0,3.1
2025-02-20,iPhone Case,Accessories,Chiang Mai,In-Store,12,149,1788,1,4.8
2025-01-12,iPhone Case,Accessories,Khon Kaen,Marketplace,4,99,396,0,3.7
2025-12-31,Power Bank,Electronics,Chiang Mai,In-Store,43,99,4257,1,4.9
2025-12-31,Screen Protector,Accessories,Khon Kaen,In-Store,1,149,149,1,3.9
2025-05-17,Wireless Charger,Electronics,Bangkok,Marketplace,8,199,1592,1,4.8
2025-10-30,Laptop Bag,Bags,Khon Kaen,Online,27,149,4023,0,4.9
2025-06-27,Phone Stand,Accessories,Pattaya,In-Store,14,299,4186,0,4.6
2025-06-26,Mouse Pad,Accessories,Bangkok,Online,42,299,12558,1,3.2
2025-07-09,Screen Protector,Accessories,Pattaya,Marketplace,30,1590,47700,0,4.3
2025-01-19,Wireless Charger,Electronics,Chiang Mai,Marketplace,27,199,5373,0,4.6
2025-09-11,Laptop Bag,Bags,Khon Kaen,Marketplace,26,1290,33540,2,3.0
2025-04-06,Phone Stand,Accessories,Bangkok,In-Store,1,890,890,0,4.9
2025-07-04,USB-C Cable,Accessories,Pattaya,Online,25,1590,39750,0,4.8
2025-06-17,Phone Stand,Accessories,Chiang Mai,Marketplace,32,349,11168,1,4.6
2025-05-11,Mouse Pad,Accessories,Phuket,Marketplace,3,1290,3870,1,3.5
2025-01-24,Power Bank,Electronics,Chiang Mai,In-Store,17,199,3383,0,4.3
2025-02-12,Mouse Pad,Accessories,Phuket,In-Store,26,149,3874,0,3.2
2025-01-08,Screen Protector,Accessories,Chiang Mai,Marketplace,46,149,6854,1,4.4
2025-08-25,USB-C Cable,Accessories,Chiang Mai,In-Store,8,199,1592,1,3.6
2025-12-01,Screen Protector,Accessories,Khon Kaen,Marketplace,11,199,2189,0,3.2
2025-03-27,Phone Stand,Accessories,Bangkok,In-Store,5,149,745,0,3.2
2025-02-18,Wireless Charger,Electronics,Pattaya,Marketplace,40,1290,51600,2,3.1
2025-02-20,USB-C Cable,Accessories,Chiang Mai,In-Store,33,99,3267,0,3.6
2025-09-11,Power Bank,Electronics,Khon Kaen,In-Store,41,349,14309,2,4.1
2025-06-30,iPhone Case,Accessories,Pattaya,Online,49,890,43610,1,4.3
2025-09-13,Mouse Pad,Accessories,Pattaya,Marketplace,27,349,9423,0,4.2
2025-11-24,iPhone Case,Accessories,Khon Kaen,Marketplace,34,299,10166,3,4.8
2025-04-02,USB-C Cable,Accessories,Chiang Mai,Online,39,890,34710,1,3.8
2025-11-01,Screen Protector,Accessories,Chiang Mai,In-Store,35,599,20965,0,3.4
2025-06-30,USB-C Cable,Accessories,Chiang Mai,Online,23,890,20470,1,4.6
2025-09-12,Wireless Charger,Electronics,Pattaya,In-Store,4,99,396,1,3.9
2025-02-15,Power Bank,Electronics,Bangkok,Online,49,890,43610,3,3.5
2025-05-11,Laptop Bag,Bags,Phuket,Marketplace,8,199,1592,0,4.5
2025-08-10,Screen Protector,Accessories,Chiang Mai,Marketplace,35,349,12215,0,4.3
2025-08-18,USB-C Cable,Accessories,Khon Kaen,Online,21,599,12579,0,3.1
2025-02-23,Bluetooth Earbuds,Electronics,Chiang Mai,Marketplace,23,299,6877,1,3.8
2025-09-22,Laptop Bag,Bags,Phuket,In-Store,30,199,5970,1,4.5
2025-06-24,USB-C Cable,Accessories,Khon Kaen,Marketplace,38,99,3762,1,4.6
2025-10-18,Laptop Bag,Bags,Khon Kaen,In-Store,25,99,2475,0,4.5
2025-02-13,Mouse Pad,Accessories,Pattaya,Online,31,299,9269,2,4.3
2025-12-04,Laptop Bag,Bags,Khon Kaen,Online,5,299,1495,1,3.3
2025-10-15,Power Bank,Electronics,Bangkok,In-Store,22,199,4378,2,3.9
2025-08-15,Laptop Bag,Bags,Pattaya,Marketplace,41,1290,52890,0,4.8
2025-03-10,iPhone Case,Accessories,Pattaya,Online,19,199,3781,1,4.4
2025-03-03,USB-C Cable,Accessories,Chiang Mai,Online,18,299,5382,0,4.2
2025-12-22,USB-C Cable,Accessories,Pattaya,Marketplace,26,1290,33540,0,3.4
2025-12-18,Bluetooth Earbuds,Electronics,Phuket,In-Store,39,99,3861,3,4.7
2025-05-13,Bluetooth Earbuds,Electronics,Phuket,Marketplace,23,1590,36570,1,4.5
2025-12-07,Mouse Pad,Accessories,Bangkok,Marketplace,10,890,8900,0,3.4
2025-05-07,Keyboard Cover,Accessories,Chiang Mai,Online,29,349,10121,1,4.4
2025-08-29,Power Bank,Electronics,Phuket,Marketplace,29,199,5771,2,4.0
2025-07-17,Mouse Pad,Accessories,Phuket,Marketplace,15,890,13350,0,4.5
2025-02-04,Mouse Pad,Accessories,Phuket,Marketplace,33,299,9867,1,4.0
2025-01-20,USB-C Cable,Accessories,Bangkok,Marketplace,25,599,14975,2,3.7
2025-09-10,Power Bank,Electronics,Phuket,Marketplace,36,599,21564,3,4.6
2025-08-24,Phone Stand,Accessories,Phuket,In-Store,22,890,19580,1,4.2
2025-08-31,Wireless Charger,Electronics,Pattaya,Marketplace,50,599,29950,5,4.1
2025-02-09,Bluetooth Earbuds,Electronics,Chiang Mai,Online,23,890,20470,2,3.1
2025-10-07,Bluetooth Earbuds,Electronics,Phuket,In-Store,50,599,29950,2,3.4
2025-02-22,Keyboard Cover,Accessories,Bangkok,In-Store,49,299,14651,2,4.6
2025-06-02,Screen Protector,Accessories,Chiang Mai,In-Store,38,599,22762,3,3.6
2025-09-29,Power Bank,Electronics,Chiang Mai,Online,6,599,3594,0,3.9
2025-08-29,Bluetooth Earbuds,Electronics,Khon Kaen,In-Store,7,599,4193,1,3.8
2025-06-17,Keyboard Cover,Accessories,Chiang Mai,Online,10,1590,15900,1,4.4
2025-04-26,Wireless Charger,Electronics,Phuket,Marketplace,29,890,25810,1,4.4
2025-03-08,Mouse Pad,Accessories,Pattaya,Marketplace,3,890,2670,1,4.9
2025-01-28,Mouse Pad,Accessories,Chiang Mai,In-Store,4,890,3560,0,3.9
2025-06-05,Phone Stand,Accessories,Chiang Mai,Marketplace,42,299,12558,0,3.7
2025-01-08,Phone Stand,Accessories,Bangkok,Online,41,99,4059,4,3.8
2025-08-03,Mouse Pad,Accessories,Bangkok,Marketplace,46,299,13754,4,3.2
2025-07-01,Phone Stand,Accessories,Pattaya,Marketplace,19,99,1881,1,3.0
2025-06-18,Wireless Charger,Electronics,Bangkok,In-Store,9,599,5391,0,4.8
2025-11-14,Bluetooth Earbuds,Electronics,Khon Kaen,Online,41,349,14309,1,3.8
2025-03-20,Keyboard Cover,Accessories,Khon Kaen,Online,28,599,16772,1,3.1
2025-01-26,Phone Stand,Accessories,Pattaya,In-Store,10,1590,15900,0,4.7
2025-01-09,Phone Stand,Accessories,Khon Kaen,Marketplace,39,149,5811,2,4.7
2025-02-18,iPhone Case,Accessories,Pattaya,Online,43,1290,55470,1,4.3
2025-12-22,iPhone Case,Accessories,Pattaya,In-Store,44,1290,56760,2,4.7
2025-02-07,USB-C Cable,Accessories,Pattaya,Marketplace,6,890,5340,0,4.4
2025-07-17,iPhone Case,Accessories,Bangkok,Online,22,1590,34980,1,3.6
2025-06-17,Laptop Bag,Bags,Pattaya,Marketplace,1,1290,1290,0,4.7
2025-10-21,Laptop Bag,Bags,Chiang Mai,Marketplace,50,1290,64500,2,3.6
2025-05-28,Wireless Charger,Electronics,Khon Kaen,Marketplace,32,199,6368,2,4.3
2025-09-21,Screen Protector,Accessories,Chiang Mai,Marketplace,32,890,28480,2,3.4
2025-10-16,USB-C Cable,Accessories,Bangkok,Online,12,599,7188,1,3.5
2025-11-25,Screen Protector,Accessories,Khon Kaen,Online,41,99,4059,3,3.8
2025-05-28,Keyboard Cover,Accessories,Pattaya,In-Store,24,890,21360,2,4.3
2025-06-03,Bluetooth Earbuds,Electronics,Khon Kaen,Online,22,890,19580,2,3.2
2025-11-09,Keyboard Cover,Accessories,Pattaya,In-Store,8,890,7120,0,3.8
2025-11-10,iPhone Case,Accessories,Pattaya,In-Store,36,599,21564,2,3.6
2025-12-25,Keyboard Cover,Accessories,Phuket,Online,38,299,11362,1,3.3
2025-09-02,Keyboard Cover,Accessories,Pattaya,Marketplace,29,599,17371,2,3.3
2025-03-03,Phone Stand,Accessories,Bangkok,In-Store,17,1590,27030,0,3.2
2025-04-21,iPhone Case,Accessories,Khon Kaen,In-Store,14,599,8386,1,4.4
2025-12-18,Mouse Pad,Accessories,Phuket,Online,41,890,36490,1,3.8
2025-07-17,Laptop Bag,Bags,Phuket,Marketplace,7,199,1393,1,4.9
2025-04-27,Mouse Pad,Accessories,Chiang Mai,Marketplace,37,199,7363,0,3.8
2025-01-13,iPhone Case,Accessories,Khon Kaen,Marketplace,32,199,6368,3,4.2
2025-04-10,Wireless Charger,Electronics,Chiang Mai,In-Store,28,199,5572,2,4.4
2025-12-13,iPhone Case,Accessories,Bangkok,Marketplace,12,1290,15480,0,3.6
2025-12-24,Laptop Bag,Bags,Pattaya,Marketplace,33,199,6567,1,4.0
2025-09-17,Power Bank,Electronics,Phuket,Marketplace,45,99,4455,1,4.7
2025-04-03,Wireless Charger,Electronics,Bangkok,Marketplace,41,299,12259,2,4.5
2025-10-26,Power Bank,Electronics,Bangkok,In-Store,41,1290,52890,0,4.9
2025-12-17,iPhone Case,Accessories,Pattaya,In-Store,8,149,1192,0,4.0
2025-06-01,Screen Protector,Accessories,Khon Kaen,Marketplace,33,1290,42570,1,3.5
2025-01-16,Keyboard Cover,Accessories,Khon Kaen,Online,32,1590,50880,3,3.7
2025-05-17,USB-C Cable,Accessories,Phuket,Marketplace,33,1590,52470,3,3.8
2025-04-20,iPhone Case,Accessories,Bangkok,In-Store,43,149,6407,3,4.7
2025-02-16,Phone Stand,Accessories,Bangkok,In-Store,15,99,1485,0,4.0
2025-05-16,Bluetooth Earbuds,Electronics,Bangkok,In-Store,17,349,5933,0,3.7
2025-06-29,Bluetooth Earbuds,Electronics,Bangkok,Marketplace,22,149,3278,1,4.5
2025-11-09,Screen Protector,Accessories,Phuket,Marketplace,26,299,7774,1,3.4
2025-01-06,Phone Stand,Accessories,Khon Kaen,Online,17,1290,21930,0,3.0
2025-05-27,Bluetooth Earbuds,Electronics,Phuket,Marketplace,6,299,1794,1,3.0
2025-10-26,Keyboard Cover,Accessories,Pattaya,Marketplace,38,99,3762,1,3.3
2025-12-21,Keyboard Cover,Accessories,Phuket,In-Store,26,199,5174,1,4.6
2025-01-02,Mouse Pad,Accessories,Chiang Mai,Online,28,99,2772,0,4.6
2025-09-18,Power Bank,Electronics,Khon Kaen,In-Store,26,349,9074,2,3.8
2025-07-31,Wireless Charger,Electronics,Khon Kaen,Online,37,299,11063,1,3.7
2025-11-16,Mouse Pad,Accessories,Phuket,Online,2,99,198,0,3.5
2025-06-13,Phone Stand,Accessories,Chiang Mai,Online,33,199,6567,2,3.5
2025-03-22,Laptop Bag,Bags,Khon Kaen,Marketplace,37,599,22163,1,4.3
2025-06-20,Keyboard Cover,Accessories,Bangkok,Marketplace,10,299,2990,1,4.8
2025-11-29,Wireless Charger,Electronics,Bangkok,In-Store,46,199,9154,2,4.8
2025-02-09,iPhone Case,Accessories,Phuket,In-Store,17,299,5083,0,3.5
2025-08-04,Screen Protector,Accessories,Khon Kaen,In-Store,11,149,1639,1,3.9
2025-06-08,iPhone Case,Accessories,Khon Kaen,Online,38,199,7562,0,3.1
2025-04-29,Laptop Bag,Bags,Bangkok,Marketplace,30,599,17970,3,4.8
2025-05-08,Power Bank,Electronics,Bangkok,In-Store,43,199,8557,4,3.3
2025-11-02,Phone Stand,Accessories,Khon Kaen,Online,2,199,398,1,4.7
2025-09-22,Phone Stand,Accessories,Bangkok,Online,29,349,10121,1,4.4
2025-11-28,USB-C Cable,Accessories,Phuket,In-Store,39,349,13611,0,4.3
2025-03-27,Wireless Charger,Electronics,Bangkok,Marketplace,16,349,5584,0,3.4
2025-05-02,Power Bank,Electronics,Bangkok,In-Store,40,890,35600,4,4.0
2025-02-15,Wireless Charger,Electronics,Bangkok,In-Store,4,299,1196,1,3.2
2025-08-17,USB-C Cable,Accessories,Khon Kaen,In-Store,48,599,28752,2,4.9
2025-11-16,Screen Protector,Accessories,Chiang Mai,Marketplace,22,149,3278,2,3.5
2025-03-03,Laptop Bag,Bags,Pattaya,Online,39,890,34710,2,3.2
2025-01-12,Wireless Charger,Electronics,Bangkok,Online,30,99,2970,3,4.6
2025-04-15,Laptop Bag,Bags,Khon Kaen,Marketplace,28,349,9772,1,4.8
2025-01-13,Keyboard Cover,Accessories,Bangkok,In-Store,39,1290,50310,0,4.4
2025-01-26,USB-C Cable,Accessories,Pattaya,Marketplace,27,199,5373,0,3.9
2025-08-14,USB-C Cable,Accessories,Phuket,In-Store,34,199,6766,1,3.2
2025-07-12,Bluetooth Earbuds,Electronics,Bangkok,Marketplace,17,199,3383,1,3.3
2025-10-23,Mouse Pad,Accessories,Bangkok,Marketplace,26,349,9074,1,3.6
2025-11-02,USB-C Cable,Accessories,Phuket,In-Store,11,299,3289,1,4.6
2025-02-05,Mouse Pad,Accessories,Khon Kaen,Marketplace,27,1290,34830,2,4.9
2025-06-30,USB-C Cable,Accessories,Pattaya,Marketplace,10,890,8900,1,4.2
2025-12-24,Laptop Bag,Bags,Pattaya,In-Store,20,199,3980,0,3.1
2025-11-01,Bluetooth Earbuds,Electronics,Phuket,In-Store,8,349,2792,1,3.4
2025-02-03,Mouse Pad,Accessories,Bangkok,In-Store,50,99,4950,2,4.4
2025-07-12,Keyboard Cover,Accessories,Chiang Mai,Marketplace,22,349,7678,0,3.5
2025-08-28,Bluetooth Earbuds,Electronics,Phuket,Marketplace,39,149,5811,2,4.5
2025-03-03,USB-C Cable,Accessories,Bangkok,Marketplace,41,890,36490,1,3.3
2025-05-21,Screen Protector,Accessories,Pattaya,Online,20,299,5980,0,3.2
2025-06-16,Phone Stand,Accessories,Khon Kaen,Online,29,349,10121,2,3.5
2025-11-02,Screen Protector,Accessories,Khon Kaen,Marketplace,46,149,6854,0,4.1
2025-07-09,Power Bank,Electronics,Khon Kaen,In-Store,42,599,25158,2,3.9
2025-03-17,Laptop Bag,Bags,Pattaya,Marketplace,30,890,26700,2,3.7
2025-01-05,Phone Stand,Accessories,Pattaya,In-Store,5,599,2995,0,4.7
2025-11-07,Mouse Pad,Accessories,Pattaya,Online,32,199,6368,2,4.2
2025-11-26,Mouse Pad,Accessories,Bangkok,In-Store,19,149,2831,1,3.7
2025-01-03,Phone Stand,Accessories,Khon Kaen,In-Store,13,349,4537,1,3.5
2025-05-29,iPhone Case,Accessories,Chiang Mai,Marketplace,20,1590,31800,1,4.2
2025-02-13,USB-C Cable,Accessories,Phuket,In-Store,12,99,1188,1,4.4
2025-12-13,iPhone Case,Accessories,Bangkok,Online,9,349,3141,0,4.5
2025-09-18,Keyboard Cover,Accessories,Chiang Mai,Marketplace,11,1590,17490,1,3.2
2025-01-26,Mouse Pad,Accessories,Khon Kaen,In-Store,45,1290,58050,3,3.1
2025-11-02,Wireless Charger,Electronics,Chiang Mai,Marketplace,20,890,17800,0,4.7
2025-07-31,USB-C Cable,Accessories,Khon Kaen,Online,36,199,7164,3,3.4
2025-08-25,Bluetooth Earbuds,Electronics,Chiang Mai,Marketplace,41,349,14309,2,4.2
2025-09-22,Screen Protector,Accessories,Khon Kaen,In-Store,3,1290,3870,0,3.2
2025-05-12,Screen Protector,Accessories,Bangkok,In-Store,23,299,6877,2,3.2
2025-10-03,Wireless Charger,Electronics,Khon Kaen,Online,47,149,7003,2,3.4
2025-06-15,Keyboard Cover,Accessories,Pattaya,Marketplace,40,599,23960,3,3.9
2025-10-28,Phone Stand,Accessories,Chiang Mai,Marketplace,9,599,5391,0,3.6
2025-12-25,Keyboard Cover,Accessories,Bangkok,In-Store,24,1290,30960,1,3.7
2025-02-25,Screen Protector,Accessories,Chiang Mai,Online,14,599,8386,0,4.1
2025-12-29,Keyboard Cover,Accessories,Khon Kaen,Marketplace,41,199,8159,4,4.4
2025-10-29,USB-C Cable,Accessories,Khon Kaen,In-Store,34,1590,54060,0,4.9
2025-01-05,Mouse Pad,Accessories,Phuket,Online,33,149,4917,2,4.0
2025-08-16,Keyboard Cover,Accessories,Bangkok,Marketplace,22,1590,34980,1,4.3
2025-01-11,Wireless Charger,Electronics,Pattaya,Marketplace,36,299,10764,0,3.9
2025-12-22,Phone Stand,Accessories,Chiang Mai,In-Store,9,199,1791,1,3.3
2025-04-09,Phone Stand,Accessories,Khon Kaen,Online,25,1590,39750,2,4.8
2025-10-16,Screen Protector,Accessories,Bangkok,Marketplace,14,1590,22260,0,5.0
2025-12-03,Screen Protector,Accessories,Phuket,Online,30,99,2970,3,4.2
2025-01-16,Keyboard Cover,Accessories,Bangkok,Marketplace,47,1290,60630,4,3.6
2025-05-24,Screen Protector,Accessories,Bangkok,In-Store,13,1290,16770,0,4.5
2025-02-16,Wireless Charger,Electronics,Chiang Mai,Marketplace,47,99,4653,4,5.0
2025-10-12,iPhone Case,Accessories,Bangkok,Online,46,149,6854,1,4.8
2025-06-29,iPhone Case,Accessories,Phuket,Marketplace,48,99,4752,3,3.4
2025-04-19,Power Bank,Electronics,Khon Kaen,Online,36,99,3564,1,3.0
2025-02-08,Mouse Pad,Accessories,Bangkok,In-Store,20,199,3980,0,3.2
2025-09-26,Mouse Pad,Accessories,Khon Kaen,Online,23,1590,36570,0,4.0
2025-04-19,Screen Protector,Accessories,Phuket,Online,10,149,1490,1,3.9
2025-03-18,Laptop Bag,Bags,Khon Kaen,In-Store,28,1590,44520,2,4.5
2025-09-01,Bluetooth Earbuds,Electronics,Chiang Mai,Marketplace,25,199,4975,0,3.4
2025-09-21,iPhone Case,Accessories,Bangkok,Online,6,890,5340,1,4.5
2025-12-21,Wireless Charger,Electronics,Chiang Mai,Marketplace,25,199,4975,0,4.2
2025-10-26,Phone Stand,Accessories,Bangkok,In-Store,18,299,5382,1,4.1
2025-05-08,iPhone Case,Accessories,Bangkok,In-Store,10,99,990,0,4.0
2025-08-16,Screen Protector,Accessories,Bangkok,In-Store,6,890,5340,1,4.0
2025-01-15,Wireless Charger,Electronics,Chiang Mai,Marketplace,18,1590,28620,1,3.2
2025-01-10,Mouse Pad,Accessories,Pattaya,In-Store,41,1590,65190,3,3.3
2025-01-18,Laptop Bag,Bags,Bangkok,Online,23,1290,29670,2,4.2
2025-03-09,Screen Protector,Accessories,Chiang Mai,Marketplace,30,299,8970,2,3.7
2025-03-30,Wireless Charger,Electronics,Pattaya,Online,24,149,3576,1,3.4
2025-09-15,Laptop Bag,Bags,Bangkok,In-Store,50,349,17450,1,4.7
2025-07-29,Power Bank,Electronics,Chiang Mai,In-Store,20,599,11980,1,3.4
2025-04-03,Wireless Charger,Electronics,Chiang Mai,Online,46,1590,73140,2,3.8
2025-04-15,Keyboard Cover,Accessories,Bangkok,In-Store,50,99,4950,0,3.7
2025-01-12,USB-C Cable,Accessories,Khon Kaen,Marketplace,1,199,199,1,4.8
2025-01-24,Keyboard Cover,Accessories,Pattaya,In-Store,24,199,4776,1,3.4
2025-03-18,Keyboard Cover,Accessories,Khon Kaen,Online,21,1290,27090,1,4.2
2025-09-21,Wireless Charger,Electronics,Pattaya,Marketplace,12,299,3588,1,3.7
2025-11-23,Power Bank,Electronics,Phuket,Online,45,149,6705,0,4.6
2025-05-11,Screen Protector,Accessories,Phuket,Online,24,349,8376,0,3.5
2025-08-01,iPhone Case,Accessories,Bangkok,Online,15,599,8985,1,3.2
2025-01-20,Screen Protector,Accessories,Chiang Mai,Marketplace,42,1590,66780,1,4.8
2025-08-27,Keyboard Cover,Accessories,Phuket,Marketplace,39,349,13611,0,4.2
2025-02-12,Screen Protector,Accessories,Chiang Mai,Marketplace,31,1290,39990,0,3.5
2025-07-11,Wireless Charger,Electronics,Pattaya,Online,5,299,1495,1,4.9
2025-10-08,iPhone Case,Accessories,Chiang Mai,In-Store,19,890,16910,1,3.2
2025-01-10,Mouse Pad,Accessories,Phuket,In-Store,17,99,1683,1,4.0
2025-06-16,Wireless Charger,Electronics,Phuket,Marketplace,13,1290,16770,0,4.2
2025-10-29,Screen Protector,Accessories,Phuket,In-Store,43,599,25757,4,4.5
2025-06-21,Laptop Bag,Bags,Phuket,Online,40,1290,51600,0,4.2
2025-12-17,Wireless Charger,Electronics,Chiang Mai,In-Store,18,349,6282,0,3.4
2025-12-14,Phone Stand,Accessories,Khon Kaen,In-Store,31,99,3069,0,3.9
2025-08-28,Wireless Charger,Electronics,Chiang Mai,In-Store,26,1590,41340,2,4.3
2025-10-25,Mouse Pad,Accessories,Chiang Mai,Online,14,199,2786,0,3.4
2025-12-10,Laptop Bag,Bags,Khon Kaen,In-Store,41,890,36490,3,3.4
2025-05-15,Keyboard Cover,Accessories,Khon Kaen,Online,38,1290,49020,0,4.2
2025-09-16,Power Bank,Electronics,Chiang Mai,Marketplace,8,890,7120,0,3.1
2025-08-11,Screen Protector,Accessories,Khon Kaen,In-Store,33,599,19767,0,4.8
2025-01-20,Bluetooth Earbuds,Electronics,Bangkok,Online,13,199,2587,0,3.7
2025-11-15,Power Bank,Electronics,Khon Kaen,Online,45,1590,71550,4,4.8
2025-09-15,Mouse Pad,Accessories,Bangkok,In-Store,15,99,1485,1,4.8
2025-08-25,Power Bank,Electronics,Phuket,In-Store,34,1290,43860,1,3.1
2025-12-02,Bluetooth Earbuds,Electronics,Bangkok,In-Store,19,199,3781,0,4.6
2025-09-29,Wireless Charger,Electronics,Phuket,In-Store,1,1290,1290,1,4.0
2025-05-08,USB-C Cable,Accessories,Pattaya,Online,20,199,3980,0,4.9
2025-11-05,Wireless Charger,Electronics,Pattaya,Online,42,99,4158,0,3.1
2025-02-27,Keyboard Cover,Accessories,Bangkok,In-Store,17,1290,21930,0,3.4
2025-05-20,Power Bank,Electronics,Chiang Mai,In-Store,19,599,11381,0,3.4
2025-01-23,iPhone Case,Accessories,Chiang Mai,In-Store,19,149,2831,1,3.7
2025-11-30,Mouse Pad,Accessories,Bangkok,In-Store,15,99,1485,1,3.9
2025-06-05,Mouse Pad,Accessories,Bangkok,Online,10,349,3490,0,3.0
2025-11-02,Bluetooth Earbuds,Electronics,Phuket,In-Store,41,599,24559,1,4.2
2025-10-08,Mouse Pad,Accessories,Bangkok,In-Store,26,599,15574,0,4.8
2025-11-27,Keyboard Cover,Accessories,Pattaya,Online,46,299,13754,2,3.4
2025-12-08,USB-C Cable,Accessories,Pattaya,In-Store,39,599,23361,3,3.5
2025-09-13,Screen Protector,Accessories,Khon Kaen,Marketplace,41,349,14309,1,4.6
2025-09-24,USB-C Cable,Accessories,Chiang Mai,In-Store,36,199,7164,3,4.5
2025-06-08,Phone Stand,Accessories,Pattaya,In-Store,49,199,9751,3,3.3
2025-08-07,Mouse Pad,Accessories,Chiang Mai,Marketplace,40,299,11960,3,4.4
2025-01-28,iPhone Case,Accessories,Khon Kaen,In-Store,43,199,8557,4,5.0
2025-06-02,Laptop Bag,Bags,Khon Kaen,Marketplace,27,349,9423,2,4.9
2025-02-18,Laptop Bag,Bags,Bangkok,Online,42,149,6258,0,4.8
2025-05-14,Screen Protector,Accessories,Bangkok,Online,27,99,2673,2,4.1
2025-06-02,Screen Protector,Accessories,Pattaya,Online,19,890,16910,0,4.5
2025-09-05,Laptop Bag,Bags,Bangkok,Marketplace,47,890,41830,3,4.6
2025-04-02,iPhone Case,Accessories,Bangkok,Marketplace,31,299,9269,0,4.5
2025-02-17,Keyboard Cover,Accessories,Chiang Mai,In-Store,29,1290,37410,2,3.6
2025-02-02,Keyboard Cover,Accessories,Khon Kaen,In-Store,47,99,4653,3,4.0
2025-06-02,iPhone Case,Accessories,Pattaya,In-Store,18,199,3582,0,3.4
2025-11-14,Bluetooth Earbuds,Electronics,Bangkok,Marketplace,30,149,4470,0,3.4
2025-11-30,USB-C Cable,Accessories,Khon Kaen,Marketplace,41,99,4059,2,4.2
2025-02-07,iPhone Case,Accessories,Pattaya,In-Store,35,1290,45150,0,4.1
2025-11-09,Power Bank,Electronics,Khon Kaen,Online,36,299,10764,3,4.3
2025-09-24,Bluetooth Earbuds,Electronics,Phuket,Online,35,1590,55650,3,3.5
2025-10-20,iPhone Case,Accessories,Pattaya,In-Store,2,199,398,1,3.6
2025-11-13,Keyboard Cover,Accessories,Phuket,Marketplace,10,890,8900,0,3.8
2025-09-18,Keyboard Cover,Accessories,Bangkok,Online,28,1290,36120,0,3.6
2025-07-09,USB-C Cable,Accessories,Chiang Mai,Online,1,890,890,1,4.1
2025-07-18,Keyboard Cover,Accessories,Bangkok,In-Store,1,599,599,1,3.3
2025-02-13,Laptop Bag,Bags,Khon Kaen,In-Store,14,1290,18060,1,3.1
2025-11-03,Wireless Charger,Electronics,Khon Kaen,Marketplace,22,199,4378,1,3.6
2025-03-20,USB-C Cable,Accessories,Chiang Mai,Marketplace,44,99,4356,1,3.5
2025-02-24,Mouse Pad,Accessories,Bangkok,Online,26,349,9074,2,3.1
2025-09-05,Power Bank,Electronics,Pattaya,Online,2,1590,3180,1,4.4
2025-11-18,Screen Protector,Accessories,Chiang Mai,Marketplace,2,1290,2580,1,4.5
2025-12-17,USB-C Cable,Accessories,Khon Kaen,Online,15,149,2235,0,3.1
2025-04-18,Bluetooth Earbuds,Electronics,Phuket,Online,29,299,8671,1,3.7
2025-07-30,USB-C Cable,Accessories,Phuket,Marketplace,20,299,5980,0,3.7
2025-09-27,Bluetooth Earbuds,Electronics,Pattaya,Online,39,349,13611,3,3.6
2025-08-04,Screen Protector,Accessories,Phuket,Marketplace,42,1290,54180,3,3.2
2025-04-19,Power Bank,Electronics,Chiang Mai,Marketplace,18,1590,28620,1,3.9
2025-05-05,Screen Protector,Accessories,Khon Kaen,Online,18,1290,23220,0,5.0
2025-08-02,Bluetooth Earbuds,Electronics,Phuket,Marketplace,5,349,1745,1,3.4
2025-05-31,Bluetooth Earbuds,Electronics,Pattaya,Online,46,149,6854,2,4.8
2025-09-22,Laptop Bag,Bags,Bangkok,In-Store,49,1590,77910,1,4.3
2025-02-01,Bluetooth Earbuds,Electronics,Pattaya,In-Store,16,599,9584,1,4.3
2025-04-06,Keyboard Cover,Accessories,Bangkok,Online,50,299,14950,3,3.2
2025-03-31,Screen Protector,Accessories,Bangkok,Marketplace,45,349,15705,1,3.8
2025-07-17,Power Bank,Electronics,Bangkok,Marketplace,37,599,22163,0,4.6
2025-08-25,Keyboard Cover,Accessories,Bangkok,Marketplace,41,1590,65190,2,4.6
2025-09-06,Screen Protector,Accessories,Bangkok,In-Store,6,149,894,0,4.3
2025-11-02,Phone Stand,Accessories,Pattaya,Online,16,199,3184,0,4.4
2025-06-08,Laptop Bag,Bags,Pattaya,Online,13,1590,20670,0,4.4
2025-03-27,USB-C Cable,Accessories,Phuket,Online,34,599,20366,2,4.0
2025-10-02,Keyboard Cover,Accessories,Phuket,In-Store,32,99,3168,2,3.8
2025-05-30,Bluetooth Earbuds,Electronics,Phuket,In-Store,28,599,16772,2,3.9
2025-10-16,Mouse Pad,Accessories,Bangkok,In-Store,16,1590,25440,1,4.5
2025-07-01,Phone Stand,Accessories,Phuket,Online,20,599,11980,2,3.1
2025-07-25,Screen Protector,Accessories,Chiang Mai,Online,49,199,9751,4,3.2
2025-08-16,Wireless Charger,Electronics,Chiang Mai,Marketplace,46,199,9154,1,3.8
2025-10-07,Mouse Pad,Accessories,Khon Kaen,Marketplace,8,349,2792,1,3.9
2025-01-28,USB-C Cable,Accessories,Chiang Mai,Online,34,599,20366,0,4.9
2025-09-12,iPhone Case,Accessories,Chiang Mai,Online,44,890,39160,0,3.3
2025-08-26,Laptop Bag,Bags,Khon Kaen,In-Store,47,1590,74730,1,3.2
2025-11-09,Laptop Bag,Bags,Chiang Mai,In-Store,22,890,19580,1,3.6
2025-11-23,Keyboard Cover,Accessories,Khon Kaen,Marketplace,36,1290,46440,2,3.7
2025-04-15,Wireless Charger,Electronics,Pattaya,Online,20,299,5980,1,3.8
2025-05-02,Mouse Pad,Accessories,Bangkok,Marketplace,49,349,17101,1,3.6
2025-02-28,Power Bank,Electronics,Chiang Mai,In-Store,22,149,3278,1,4.5
2025-11-22,Keyboard Cover,Accessories,Phuket,In-Store,50,349,17450,0,4.0
2025-11-01,USB-C Cable,Accessories,Pattaya,Marketplace,12,890,10680,0,4.1
2025-01-04,Screen Protector,Accessories,Pattaya,Online,38,299,11362,0,3.2
2025-02-27,Keyboard Cover,Accessories,Phuket,In-Store,28,1590,44520,1,3.7
2025-08-29,USB-C Cable,Accessories,Pattaya,Marketplace,2,599,1198,0,3.4
2025-04-16,Mouse Pad,Accessories,Khon Kaen,Online,19,299,5681,1,3.9
2025-06-23,Power Bank,Electronics,Phuket,Online,37,1290,47730,3,3.9
2025-05-04,Mouse Pad,Accessories,Khon Kaen,Online,38,1590,60420,1,3.5
2025-01-06,Mouse Pad,Accessories,Bangkok,In-Store,4,149,596,0,4.3
2025-06-04,iPhone Case,Accessories,Bangkok,Marketplace,27,1290,34830,0,3.0
2025-04-18,Power Bank,Electronics,Khon Kaen,In-Store,18,1590,28620,1,4.2
2025-12-07,USB-C Cable,Accessories,Chiang Mai,Marketplace,25,1590,39750,1,4.7
2025-01-16,Keyboard Cover,Accessories,Chiang Mai,Online,42,599,25158,4,3.2
2025-01-02,Laptop Bag,Bags,Khon Kaen,Marketplace,24,1290,30960,0,3.3
2025-12-12,Power Bank,Electronics,Chiang Mai,In-Store,33,599,19767,1,4.3
2025-08-31,Screen Protector,Accessories,Chiang Mai,Marketplace,36,1590,57240,0,4.5
2025-02-28,Wireless Charger,Electronics,Pattaya,Online,41,890,36490,4,4.9
2025-06-04,Bluetooth Earbuds,Electronics,Chiang Mai,In-Store,49,890,43610,4,3.3
2025-07-19,Power Bank,Electronics,Khon Kaen,Marketplace,38,1590,60420,1,3.6
2025-04-15,Keyboard Cover,Accessories,Phuket,In-Store,10,599,5990,1,4.7
2025-07-08,Laptop Bag,Bags,Bangkok,Online,30,890,26700,1,4.6
2025-12-31,Bluetooth Earbuds,Electronics,Pattaya,Marketplace,17,890,15130,1,4.7
2025-12-09,Laptop Bag,Bags,Bangkok,In-Store,44,1290,56760,0,3.6
2025-01-25,Wireless Charger,Electronics,Chiang Mai,In-Store,48,349,16752,4,3.3
2025-01-16,Laptop Bag,Bags,Bangkok,Marketplace,29,299,8671,2,3.1
2025-07-08,Phone Stand,Accessories,Bangkok,Online,24,599,14376,2,4.3
2025-12-13,USB-C Cable,Accessories,Chiang Mai,In-Store,42,149,6258,3,4.6
2025-03-10,Bluetooth Earbuds,Electronics,Khon Kaen,Marketplace,1,1290,1290,0,3.6
2025-10-25,Mouse Pad,Accessories,Khon Kaen,Online,27,349,9423,2,5.0
2025-05-11,Phone Stand,Accessories,Khon Kaen,Marketplace,40,1290,51600,3,3.1
2025-08-23,Laptop Bag,Bags,Phuket,Online,20,299,5980,0,5.0
2025-06-02,USB-C Cable,Accessories,Chiang Mai,Online,13,599,7787,0,5.0
2025-03-03,iPhone Case,Accessories,Pattaya,Marketplace,3,1290,3870,1,4.7
2025-06-18,Keyboard Cover,Accessories,Pattaya,Marketplace,29,349,10121,0,4.5
2025-10-17,Phone Stand,Accessories,Pattaya,Marketplace,34,1590,54060,0,4.5
2025-12-10,USB-C Cable,Accessories,Pattaya,Online,46,1590,73140,3,3.7
2025-07-25,Wireless Charger,Electronics,Chiang Mai,Online,38,599,22762,2,3.7
2025-06-23,USB-C Cable,Accessories,Chiang Mai,Marketplace,12,349,4188,1,4.6
2025-12-19,Phone Stand,Accessories,Chiang Mai,Marketplace,10,149,1490,0,4.5
2025-08-15,Power Bank,Electronics,Chiang Mai,Online,20,99,1980,2,4.3
2025-01-16,Bluetooth Earbuds,Electronics,Chiang Mai,Online,3,1290,3870,1,3.6
2025-03-28,Phone Stand,Accessories,Bangkok,Marketplace,12,199,2388,1,4.7
2025-10-11,Wireless Charger,Electronics,Bangkok,Online,26,349,9074,2,3.3
2025-11-09,Screen Protector,Accessories,Khon Kaen,Online,37,349,12913,2,4.9
2025-10-15,Power Bank,Electronics,Chiang Mai,Marketplace,48,1590,76320,2,4.8
2025-06-26,Laptop Bag,Bags,Bangkok,In-Store,2,199,398,0,3.8
2025-03-24,Laptop Bag,Bags,Pattaya,Marketplace,26,1590,41340,2,4.4
2025-07-29,Keyboard Cover,Accessories,Bangkok,Online,34,149,5066,2,4.4
2025-08-11,Keyboard Cover,Accessories,Bangkok,In-Store,39,890,34710,1,3.9
2025-05-15,Power Bank,Electronics,Bangkok,Online,6,199,1194,0,3.9
2025-06-22,Screen Protector,Accessories,Bangkok,Marketplace,32,99,3168,0,4.3
2025-07-30,Keyboard Cover,Accessories,Pattaya,Online,35,149,5215,2,4.4
2025-04-06,Phone Stand,Accessories,Bangkok,In-Store,6,149,894,0,4.5
2025-03-16,USB-C Cable,Accessories,Khon Kaen,In-Store,8,1290,10320,0,4.5
2025-11-03,Laptop Bag,Bags,Pattaya,Online,18,890,16020,1,4.9
2025-03-08,Power Bank,Electronics,Phuket,In-Store,31,599,18569,2,3.2
2025-05-14,iPhone Case,Accessories,Phuket,Online,20,1590,31800,2,3.7
2025-06-10,Wireless Charger,Electronics,Pattaya,In-Store,41,199,8159,1,3.0
2025-09-10,Screen Protector,Accessories,Chiang Mai,Marketplace,38,349,13262,1,3.5
2025-08-20,Power Bank,Electronics,Bangkok,Online,17,1590,27030,0,4.8
2025-11-26,Mouse Pad,Accessories,Pattaya,Marketplace,15,349,5235,0,3.2
2025-12-27,Laptop Bag,Bags,Pattaya,Online,47,199,9353,4,3.2
2025-03-27,USB-C Cable,Accessories,Pattaya,Online,48,1290,61920,1,4.4
2025-12-23,Laptop Bag,Bags,Khon Kaen,In-Store,28,199,5572,1,4.2
2025-07-04,Mouse Pad,Accessories,Bangkok,In-Store,15,299,4485,0,4.5
2025-06-26,USB-C Cable,Accessories,Pattaya,Marketplace,7,199,1393,0,4.4
2025-06-27,Keyboard Cover,Accessories,Chiang Mai,Online,14,299,4186,1,3.4
2025-11-20,Bluetooth Earbuds,Electronics,Pattaya,Marketplace,32,1590,50880,2,4.4
2025-01-16,Bluetooth Earbuds,Electronics,Phuket,Marketplace,43,349,15007,4,4.5
2025-03-19,iPhone Case,Accessories,Chiang Mai,Online,39,1590,62010,2,3.0
2025-06-25,Mouse Pad,Accessories,Pattaya,Marketplace,47,99,4653,1,4.0
2025-02-05,Mouse Pad,Accessories,Phuket,Online,17,890,15130,0,4.2
2025-06-18,Mouse Pad,Accessories,Chiang Mai,Marketplace,11,1290,14190,1,4.5
2025-11-10,Bluetooth Earbuds,Electronics,Phuket,Online,45,99,4455,1,4.6
2025-11-02,Keyboard Cover,Accessories,Khon Kaen,Marketplace,40,149,5960,3,3.7
2025-09-23,iPhone Case,Accessories,Khon Kaen,In-Store,46,99,4554,4,3.9
2025-11-24,Phone Stand,Accessories,Bangkok,Online,29,890,25810,0,4.4
2025-06-02,Wireless Charger,Electronics,Pattaya,Online,29,99,2871,1,4.8
2025-03-10,Bluetooth Earbuds,Electronics,Khon Kaen,Marketplace,50,199,9950,1,3.1
2025-09-14,Laptop Bag,Bags,Phuket,In-Store,13,149,1937,0,3.8
2025-10-20,USB-C Cable,Accessories,Khon Kaen,In-Store,15,1590,23850,0,3.5
2025-03-11,iPhone Case,Accessories,Bangkok,Marketplace,40,299,11960,3,4.0
2025-01-30,Wireless Charger,Electronics,Chiang Mai,In-Store,10,99,990,0,4.9
2025-12-30,iPhone Case,Accessories,Chiang Mai,In-Store,39,1590,62010,1,4.9
2025-08-14,Wireless Charger,Electronics,Chiang Mai,Online,5,1590,7950,1,4.7
2025-02-21,Phone Stand,Accessories,Bangkok,Online,12,349,4188,0,3.7
2025-07-09,Wireless Charger,Electronics,Chiang Mai,Marketplace,12,1290,15480,1,3.9
2025-11-19,Phone Stand,Accessories,Khon Kaen,Marketplace,10,599,5990,0,3.8
2025-06-21,Laptop Bag,Bags,Phuket,Online,13,599,7787,0,4.3
2025-12-04,Mouse Pad,Accessories,Chiang Mai,In-Store,40,349,13960,0,5.0
2025-11-21,Power Bank,Electronics,Khon Kaen,Marketplace,38,99,3762,0,4.7
2025-05-13,USB-C Cable,Accessories,Pattaya,Online,35,1590,55650,2,3.5
2025-07-19,USB-C Cable,Accessories,Phuket,Marketplace,33,149,4917,0,3.5
2025-06-05,Bluetooth Earbuds,Electronics,Khon Kaen,Online,32,299,9568,0,4.6
2025-12-11,Phone Stand,Accessories,Chiang Mai,Online,29,599,17371,1,3.3
2025-02-15,Wireless Charger,Electronics,Khon Kaen,In-Store,27,149,4023,1,3.4
2025-11-06,USB-C Cable,Accessories,Bangkok,Online,20,149,2980,2,3.9
2025-02-12,Bluetooth Earbuds,Electronics,Chiang Mai,Marketplace,22,890,19580,2,4.0
2025-12-18,Mouse Pad,Accessories,Chiang Mai,Marketplace,46,149,6854,3,4.4
2025-07-02,Keyboard Cover,Accessories,Khon Kaen,In-Store,10,299,2990,0,3.5
2025-07-05,Bluetooth Earbuds,Electronics,Khon Kaen,Marketplace,32,149,4768,0,4.3
2025-09-27,Laptop Bag,Bags,Phuket,In-Store,24,1290,30960,1,4.1
2025-11-01,USB-C Cable,Accessories,Bangkok,In-Store,23,149,3427,1,3.2
2025-06-05,Wireless Charger,Electronics,Bangkok,Online,12,349,4188,0,3.1
2025-03-06,Laptop Bag,Bags,Pattaya,Online,1,199,199,0,4.9
2025-02-18,Wireless Charger,Electronics,Chiang Mai,Online,50,599,29950,1,4.9
2025-03-04,Phone Stand,Accessories,Khon Kaen,Online,20,149,2980,0,4.9
2025-10-09,Laptop Bag,Bags,Phuket,In-Store,12,890,10680,0,3.7
2025-07-12,USB-C Cable,Accessories,Pattaya,In-Store,37,599,22163,2,4.7
2025-02-17,Screen Protector,Accessories,Bangkok,Online,20,1590,31800,1,3.4
2025-12-22,Screen Protector,Accessories,Phuket,In-Store,22,349,7678,0,3.1
2025-11-22,Wireless Charger,Electronics,Pattaya,Marketplace,36,1590,57240,1,3.1
2025-02-22,Screen Protector,Accessories,Bangkok,Marketplace,34,299,10166,1,3.8
2025-01-07,Wireless Charger,Electronics,Chiang Mai,Marketplace,2,890,1780,0,3.7
2025-09-30,Laptop Bag,Bags,Phuket,Online,48,199,9552,4,3.1
2025-11-10,Bluetooth Earbuds,Electronics,Phuket,Marketplace,33,1590,52470,1,3.4
2025-06-21,Screen Protector,Accessories,Phuket,Online,24,199,4776,0,4.0
2025-09-03,Mouse Pad,Accessories,Phuket,Marketplace,3,890,2670,0,4.8
2025-06-29,Power Bank,Electronics,Chiang Mai,Marketplace,35,599,20965,0,3.0
2025-10-27,Power Bank,Electronics,Bangkok,In-Store,20,349,6980,1,3.0
2025-02-25,Bluetooth Earbuds,Electronics,Chiang Mai,Online,4,99,396,1,3.6
2025-02-10,Wireless Charger,Electronics,Chiang Mai,Online,37,349,12913,3,4.7
2025-10-08,Screen Protector,Accessories,Chiang Mai,In-Store,38,890,33820,0,3.3
2025-05-03,Mouse Pad,Accessories,Bangkok,Online,36,890,32040,2,4.2
2025-10-15,Laptop Bag,Bags,Bangkok,Marketplace,33,199,6567,2,3.6
2025-07-28,USB-C Cable,Accessories,Pattaya,In-Store,14,349,4886,1,3.4
2025-05-22,Bluetooth Earbuds,Electronics,Phuket,In-Store,12,99,1188,1,4.8
2025-03-24,Screen Protector,Accessories,Khon Kaen,Online,42,199,8358,2,4.3
2025-05-28,Keyboard Cover,Accessories,Chiang Mai,Online,10,1590,15900,0,4.6
2025-02-14,Power Bank,Electronics,Pattaya,In-Store,12,1590,19080,1,3.6
2025-07-25,Power Bank,Electronics,Phuket,Marketplace,44,599,26356,3,3.8
2025-12-24,iPhone Case,Accessories,Pattaya,Online,3,199,597,0,3.7
2025-01-12,Screen Protector,Accessories,Phuket,In-Store,4,599,2396,0,4.1
2025-09-09,Mouse Pad,Accessories,Bangkok,Online,11,199,2189,0,3.8
2025-02-25,Wireless Charger,Electronics,Khon Kaen,Marketplace,49,890,43610,2,3.3
2025-11-03,Screen Protector,Accessories,Pattaya,In-Store,38,1590,60420,3,4.0
2025-07-30,Laptop Bag,Bags,Phuket,Marketplace,50,599,29950,3,3.3
2025-03-26,Laptop Bag,Bags,Khon Kaen,In-Store,9,199,1791,1,3.3
2025-04-15,iPhone Case,Accessories,Pattaya,In-Store,20,1290,25800,1,4.3
2025-10-23,USB-C Cable,Accessories,Phuket,Online,11,1290,14190,1,3.7
2025-08-22,Keyboard Cover,Accessories,Phuket,Online,26,149,3874,2,4.0
2025-10-28,Laptop Bag,Bags,Khon Kaen,Online,29,599,17371,1,3.2
2025-04-14,Bluetooth Earbuds,Electronics,Bangkok,Online,49,1290,63210,0,3.6
2025-10-08,Power Bank,Electronics,Pattaya,In-Store,21,199,4179,0,4.7
2025-05-30,USB-C Cable,Accessories,Khon Kaen,In-Store,49,199,9751,0,3.7
2025-03-14,Screen Protector,Accessories,Bangkok,Marketplace,35,99,3465,1,3.1
2025-04-11,Mouse Pad,Accessories,Pattaya,Online,12,349,4188,1,4.1
2025-03-17,Phone Stand,Accessories,Chiang Mai,Online,4,599,2396,1,4.4
2025-11-26,Mouse Pad,Accessories,Chiang Mai,In-Store,44,890,39160,2,3.2
2025-09-28,Screen Protector,Accessories,Chiang Mai,In-Store,16,599,9584,1,3.9
2025-08-02,Laptop Bag,Bags,Pattaya,Marketplace,44,99,4356,2,4.4
2025-08-24,Bluetooth Earbuds,Electronics,Chiang Mai,Marketplace,19,1290,24510,0,3.7
2025-02-02,Screen Protector,Accessories,Phuket,Online,24,1290,30960,2,3.8
2025-03-10,Screen Protector,Accessories,Khon Kaen,Marketplace,31,890,27590,1,3.5
2025-01-13,Wireless Charger,Electronics,Pattaya,Marketplace,33,299,9867,0,3.8
2025-12-03,Keyboard Cover,Accessories,Pattaya,Marketplace,18,890,16020,0,4.3
2025-05-27,Screen Protector,Accessories,Bangkok,Marketplace,23,1290,29670,0,5.0
2025-06-18,Phone Stand,Accessories,Phuket,Marketplace,8,99,792,0,3.6
2025-05-29,USB-C Cable,Accessories,Chiang Mai,Online,47,1290,60630,0,3.5
2025-08-23,Mouse Pad,Accessories,Phuket,In-Store,48,890,42720,2,3.3
2025-12-06,iPhone Case,Accessories,Bangkok,Marketplace,30,299,8970,1,4.1
2025-12-11,iPhone Case,Accessories,Khon Kaen,In-Store,12,1590,19080,1,4.5
2025-08-30,Wireless Charger,Electronics,Khon Kaen,Online,20,299,5980,2,4.3
2025-07-05,Screen Protector,Accessories,Pattaya,In-Store,18,299,5382,1,3.1
2025-12-16,USB-C Cable,Accessories,Phuket,In-Store,8,199,1592,1,3.7
2025-10-17,iPhone Case,Accessories,Pattaya,Online,21,890,18690,1,4.7
2025-02-22,Bluetooth Earbuds,Electronics,Chiang Mai,In-Store,9,349,3141,1,4.5
2025-02-09,Wireless Charger,Electronics,Chiang Mai,In-Store,12,199,2388,1,3.7
2025-10-03,USB-C Cable,Accessories,Chiang Mai,Online,38,299,11362,2,3.2
2025-01-22,USB-C Cable,Accessories,Khon Kaen,In-Store,21,349,7329,1,4.4
2025-09-15,Power Bank,Electronics,Khon Kaen,Online,11,149,1639,0,4.6
2025-04-29,USB-C Cable,Accessories,Bangkok,In-Store,31,890,27590,1,3.9
2025-04-02,Power Bank,Electronics,Pattaya,In-Store,9,99,891,0,4.9
2025-12-07,Wireless Charger,Electronics,Chiang Mai,Online,50,99,4950,0,4.9
2025-07-20,Keyboard Cover,Accessories,Phuket,Marketplace,46,149,6854,3,3.9
2025-11-18,iPhone Case,Accessories,Phuket,In-Store,38,1290,49020,3,4.6
2025-06-12,Power Bank,Electronics,Pattaya,In-Store,37,1290,47730,3,4.8
2025-09-11,Wireless Charger,Electronics,Phuket,Online,6,299,1794,0,3.9
2025-09-06,Laptop Bag,Bags,Bangkok,Marketplace,32,99,3168,3,3.2
2025-04-27,Phone Stand,Accessories,Pattaya,In-Store,50,890,44500,3,4.1
2025-11-03,Bluetooth Earbuds,Electronics,Bangkok,In-Store,9,99,891,0,3.7
2025-08-08,Screen Protector,Accessories,Khon Kaen,Online,10,349,3490,1,4.1
2025-02-25,Phone Stand,Accessories,Pattaya,Marketplace,22,1290,28380,1,4.7
2025-10-04,Mouse Pad,Accessories,Chiang Mai,Marketplace,32,149,4768,1,3.3
2025-08-25,Screen Protector,Accessories,Pattaya,In-Store,36,199,7164,3,3.9
2025-01-09,Mouse Pad,Accessories,Bangkok,Online,44,1290,56760,3,3.1
2025-06-24,Bluetooth Earbuds,Electronics,Chiang Mai,Marketplace,7,199,1393,0,4.3
2025-06-18,Keyboard Cover,Accessories,Chiang Mai,Online,13,1290,16770,1,3.6
2025-05-09,Wireless Charger,Electronics,Chiang Mai,Online,2,599,1198,0,3.5
2025-09-03,Power Bank,Electronics,Bangkok,Online,31,599,18569,2,4.1
2025-08-30,Wireless Charger,Electronics,Bangkok,Marketplace,34,1590,54060,2,4.3
2025-07-03,Power Bank,Electronics,Bangkok,Online,47,1290,60630,3,4.1
2025-10-25,Keyboard Cover,Accessories,Chiang Mai,In-Store,40,349,13960,3,4.0
2025-12-23,Mouse Pad,Accessories,Khon Kaen,In-Store,25,199,4975,1,3.7
2025-02-28,Screen Protector,Accessories,Pattaya,In-Store,5,299,1495,1,3.5
2025-01-20,Keyboard Cover,Accessories,Pattaya,In-Store,19,599,11381,0,3.5
2025-10-29,Mouse Pad,Accessories,Khon Kaen,Marketplace,29,599,17371,2,3.6
2025-08-29,USB-C Cable,Accessories,Chiang Mai,Marketplace,22,149,3278,2,3.2
2025-03-24,Wireless Charger,Electronics,Chiang Mai,In-Store,47,349,16403,4,4.0
2025-09-21,Mouse Pad,Accessories,Khon Kaen,Online,29,890,25810,2,3.4
2025-02-17,Screen Protector,Accessories,Pattaya,Marketplace,35,149,5215,0,4.7
2025-04-28,Power Bank,Electronics,Bangkok,Online,9,1590,14310,1,4.3
2025-10-17,Power Bank,Electronics,Chiang Mai,Marketplace,44,149,6556,0,3.2
2025-06-07,Bluetooth Earbuds,Electronics,Khon Kaen,In-Store,27,149,4023,0,4.7
2025-03-24,iPhone Case,Accessories,Khon Kaen,Online,13,299,3887,0,4.1
2025-03-18,Mouse Pad,Accessories,Chiang Mai,Marketplace,35,149,5215,3,4.9
2025-12-22,Bluetooth Earbuds,Electronics,Khon Kaen,Marketplace,24,199,4776,2,3.2
2025-07-16,Phone Stand,Accessories,Chiang Mai,Online,31,99,3069,2,4.3
2025-10-10,Laptop Bag,Bags,Pattaya,Marketplace,26,299,7774,0,3.1
2025-12-21,Power Bank,Electronics,Phuket,Online,38,890,33820,0,4.3
2025-09-13,Phone Stand,Accessories,Bangkok,In-Store,48,99,4752,3,4.8
2025-10-04,Power Bank,Electronics,Chiang Mai,In-Store,44,349,15356,0,4.1
2025-10-21,Wireless Charger,Electronics,Chiang Mai,In-Store,43,599,25757,4,3.3
2025-09-10,Keyboard Cover,Accessories,Bangkok,In-Store,35,199,6965,0,3.7
2025-05-22,Keyboard Cover,Accessories,Bangkok,Marketplace,17,599,10183,0,4.6
2025-01-30,iPhone Case,Accessories,Pattaya,Online,38,199,7562,1,3.8
2025-04-09,Power Bank,Electronics,Pattaya,In-Store,4,149,596,0,5.0
2025-06-29,Screen Protector,Accessories,Chiang Mai,Marketplace,19,1290,24510,1,3.2
2025-01-19,Laptop Bag,Bags,Khon Kaen,Marketplace,12,99,1188,1,3.1
2025-03-29,Screen Protector,Accessories,Phuket,Online,37,149,5513,3,3.5
2025-02-20,iPhone Case,Accessories,Phuket,Online,43,1590,68370,1,4.7
2025-02-22,USB-C Cable,Accessories,Pattaya,Marketplace,44,599,26356,0,4.6
2025-03-29,Mouse Pad,Accessories,Bangkok,In-Store,25,199,4975,0,3.0
2025-02-08,Mouse Pad,Accessories,Phuket,Online,19,199,3781,0,3.8
2025-10-07,Phone Stand,Accessories,Pattaya,Online,23,149,3427,0,4.6
2025-11-09,Wireless Charger,Electronics,Bangkok,Marketplace,38,1590,60420,3,4.3
2025-02-11,iPhone Case,Accessories,Phuket,In-Store,49,1290,63210,1,3.2
2025-08-30,Wireless Charger,Electronics,Khon Kaen,In-Store,6,299,1794,1,3.9
2025-02-06,Mouse Pad,Accessories,Phuket,Online,44,349,15356,4,3.2
2025-09-05,Bluetooth Earbuds,Electronics,Bangkok,Marketplace,34,599,20366,2,3.4
2025-02-13,Keyboard Cover,Accessories,Bangkok,In-Store,39,599,23361,0,4.0
2025-01-22,iPhone Case,Accessories,Chiang Mai,In-Store,16,199,3184,1,4.3
2025-06-23,Wireless Charger,Electronics,Phuket,In-Store,21,299,6279,1,4.1
2025-06-24,Mouse Pad,Accessories,Pattaya,Marketplace,9,99,891,0,4.6
2025-04-08,Mouse Pad,Accessories,Khon Kaen,Online,47,1290,60630,1,5.0
2025-06-09,Mouse Pad,Accessories,Khon Kaen,Marketplace,4,1590,6360,0,4.0
2025-07-20,Screen Protector,Accessories,Bangkok,Marketplace,11,1290,14190,0,4.1
2025-10-03,Screen Protector,Accessories,Bangkok,Marketplace,49,349,17101,0,4.5
2025-03-22,USB-C Cable,Accessories,Phuket,Online,5,199,995,1,3.6
2025-11-25,USB-C Cable,Accessories,Phuket,In-Store,15,149,2235,0,4.3
2025-03-28,Mouse Pad,Accessories,Chiang Mai,In-Store,4,599,2396,0,4.7
2025-09-03,USB-C Cable,Accessories,Pattaya,Online,1,299,299,1,3.3
2025-01-25,iPhone Case,Accessories,Bangkok,Marketplace,4,599,2396,0,3.7
2025-06-16,iPhone Case,Accessories,Bangkok,In-Store,16,890,14240,1,3.4
2025-07-15,Mouse Pad,Accessories,Phuket,In-Store,43,1590,68370,3,4.0
2025-04-26,Power Bank,Electronics,Chiang Mai,Marketplace,15,890,13350,0,3.8
2025-10-28,Power Bank,Electronics,Bangkok,Online,41,349,14309,4,3.1
2025-04-09,iPhone Case,Accessories,Bangkok,Marketplace,20,149,2980,0,4.9
2025-10-14,Bluetooth Earbuds,Electronics,Bangkok,In-Store,36,299,10764,3,3.9
2025-10-09,iPhone Case,Accessories,Khon Kaen,Online,44,890,39160,4,3.1
2025-06-29,USB-C Cable,Accessories,Bangkok,In-Store,31,1590,49290,3,3.1
2025-04-05,iPhone Case,Accessories,Pattaya,Online,28,199,5572,2,4.4
2025-05-19,Mouse Pad,Accessories,Khon Kaen,Online,8,599,4792,1,4.0
2025-05-06,Laptop Bag,Bags,Khon Kaen,Marketplace,49,199,9751,1,3.6
2025-10-30,Screen Protector,Accessories,Khon Kaen,In-Store,28,199,5572,1,4.2
2025-12-30,Bluetooth Earbuds,Electronics,Chiang Mai,Online,19,299,5681,0,4.3
2025-09-17,Phone Stand,Accessories,Chiang Mai,Online,20,1290,25800,2,3.3
2025-05-28,USB-C Cable,Accessories,Khon Kaen,Online,29,99,2871,2,3.6
2025-09-12,Screen Protector,Accessories,Chiang Mai,Online,19,349,6631,1,5.0
2025-08-10,Wireless Charger,Electronics,Pattaya,Marketplace,27,199,5373,0,4.3
2025-03-10,Keyboard Cover,Accessories,Khon Kaen,In-Store,39,299,11661,3,4.3
2025-07-19,Power Bank,Electronics,Khon Kaen,Online,16,299,4784,0,3.1
2025-10-11,Bluetooth Earbuds,Electronics,Chiang Mai,Online,17,149,2533,1,4.6
2025-02-27,Screen Protector,Accessories,Chiang Mai,In-Store,12,890,10680,1,3.1
2025-08-17,Screen Protector,Accessories,Phuket,Marketplace,3,890,2670,1,4.4
2025-07-14,Power Bank,Electronics,Phuket,In-Store,16,199,3184,1,3.9
2025-01-07,Mouse Pad,Accessories,Phuket,In-Store,18,149,2682,0,3.4
2025-02-16,Power Bank,Electronics,Phuket,Online,48,1590,76320,0,4.2
2025-12-28,iPhone Case,Accessories,Khon Kaen,Marketplace,13,99,1287,1,3.2
2025-10-15,Bluetooth Earbuds,Electronics,Pattaya,Marketplace,6,199,1194,1,3.7
2025-11-24,Phone Stand,Accessories,Khon Kaen,Marketplace,49,149,7301,1,4.1
2025-02-25,Wireless Charger,Electronics,Phuket,Online,11,890,9790,1,4.8
2025-01-07,Wireless Charger,Electronics,Chiang Mai,In-Store,31,349,10819,3,3.4
2025-12-13,iPhone Case,Accessories,Khon Kaen,Marketplace,36,149,5364,3,5.0
2025-05-09,Laptop Bag,Bags,Bangkok,In-Store,30,99,2970,1,4.8
2025-12-04,iPhone Case,Accessories,Chiang Mai,In-Store,23,149,3427,0,3.9
2025-10-11,Power Bank,Electronics,Chiang Mai,In-Store,12,199,2388,0,3.5
2025-10-01,Laptop Bag,Bags,Pattaya,In-Store,38,599,22762,0,4.3
2025-03-24,Mouse Pad,Accessories,Phuket,In-Store,26,1590,41340,0,4.3
2025-12-06,Bluetooth Earbuds,Electronics,Phuket,In-Store,32,349,11168,3,4.4
2025-12-08,USB-C Cable,Accessories,Khon Kaen,In-Store,48,599,28752,0,3.4
2025-03-17,Power Bank,Electronics,Bangkok,In-Store,44,199,8756,2,3.4
2025-07-09,Bluetooth Earbuds,Electronics,Khon Kaen,Online,16,149,2384,0,4.6
2025-07-21,USB-C Cable,Accessories,Pattaya,Online,34,149,5066,0,4.2
2025-06-29,USB-C Cable,Accessories,Khon Kaen,Online,21,1290,27090,2,4.0
2025-03-11,Power Bank,Electronics,Chiang Mai,Marketplace,46,890,40940,3,3.4
2025-07-10,Power Bank,Electronics,Phuket,In-Store,37,149,5513,0,4.5
2025-09-21,iPhone Case,Accessories,Bangkok,In-Store,49,99,4851,2,4.3
2025-11-03,Mouse Pad,Accessories,Pattaya,Online,12,299,3588,0,4.6
2025-05-29,Laptop Bag,Bags,Phuket,Marketplace,37,299,11063,0,4.4
2025-09-19,Wireless Charger,Electronics,Phuket,Marketplace,29,199,5771,2,4.0
2025-11-06,Phone Stand,Accessories,Pattaya,In-Store,23,149,3427,2,3.5
2025-03-11,Laptop Bag,Bags,Phuket,Marketplace,42,149,6258,1,3.2
2025-12-09,iPhone Case,Accessories,Khon Kaen,In-Store,10,890,8900,1,3.5
2025-06-16,iPhone Case,Accessories,Khon Kaen,Online,28,349,9772,0,3.6
2025-04-19,Screen Protector,Accessories,Khon Kaen,Marketplace,27,1590,42930,2,5.0
2025-09-19,Power Bank,Electronics,Chiang Mai,Marketplace,37,199,7363,2,3.7
2025-12-08,USB-C Cable,Accessories,Chiang Mai,Online,11,1590,17490,0,3.7
2025-06-23,Laptop Bag,Bags,Khon Kaen,In-Store,20,890,17800,0,4.8
2025-11-07,Power Bank,Electronics,Chiang Mai,In-Store,21,99,2079,1,3.0
2025-06-27,Screen Protector,Accessories,Khon Kaen,In-Store,34,299,10166,3,4.2
2025-11-29,iPhone Case,Accessories,Phuket,Online,13,1590,20670,0,4.8
2025-11-27,Mouse Pad,Accessories,Bangkok,Online,11,149,1639,1,3.5
2025-07-10,Screen Protector,Accessories,Phuket,Online,2,599,1198,0,3.3
2025-09-27,iPhone Case,Accessories,Pattaya,Online,17,890,15130,1,3.4
2025-04-22,Power Bank,Electronics,Pattaya,In-Store,41,349,14309,1,4.4
2025-06-20,Mouse Pad,Accessories,Bangkok,Online,30,199,5970,0,4.3
2025-11-07,iPhone Case,Accessories,Phuket,In-Store,1,599,599,0,4.6
2025-10-18,Screen Protector,Accessories,Pattaya,In-Store,29,199,5771,0,4.7
2025-04-22,Phone Stand,Accessories,Chiang Mai,Online,12,349,4188,0,4.3
2025-03-22,Screen Protector,Accessories,Bangkok,In-Store,3,149,447,1,4.3
2025-12-17,Wireless Charger,Electronics,Phuket,In-Store,35,1590,55650,3,3.1
2025-01-07,USB-C Cable,Accessories,Pattaya,In-Store,16,1590,25440,0,4.9
2025-07-21,USB-C Cable,Accessories,Pattaya,Marketplace,49,1590,77910,2,4.9
2025-02-26,Keyboard Cover,Accessories,Chiang Mai,Online,24,299,7176,2,4.0
2025-02-08,Wireless Charger,Electronics,Khon Kaen,Online,18,199,3582,0,3.6
2025-01-02,Wireless Charger,Electronics,Pattaya,In-Store,40,349,13960,1,3.0
2025-05-27,Phone Stand,Accessories,Phuket,Marketplace,48,199,9552,0,3.4
2025-03-28,Wireless Charger,Electronics,Phuket,Marketplace,34,1290,43860,3,3.4
2025-07-20,Laptop Bag,Bags,Pattaya,Online,1,149,149,1,3.5
2025-03-02,iPhone Case,Accessories,Bangkok,In-Store,7,1290,9030,1,3.1
2025-12-03,Power Bank,Electronics,Khon Kaen,Online,45,99,4455,3,3.9
2025-09-23,Screen Protector,Accessories,Chiang Mai,Online,47,149,7003,4,4.2
2025-05-08,Keyboard Cover,Accessories,Bangkok,Online,31,199,6169,1,3.1
2025-05-13,Mouse Pad,Accessories,Chiang Mai,In-Store,34,599,20366,3,4.5
2025-10-21,iPhone Case,Accessories,Pattaya,Marketplace,15,299,4485,0,3.8
2025-07-28,Screen Protector,Accessories,Chiang Mai,In-Store,33,349,11517,1,3.2
2025-04-01,Wireless Charger,Electronics,Bangkok,Online,1,1590,1590,0,4.1
2025-06-10,Laptop Bag,Bags,Phuket,Online,19,1590,30210,0,4.9
2025-06-21,Phone Stand,Accessories,Bangkok,Online,33,1590,52470,0,3.6
2025-08-23,Phone Stand,Accessories,Khon Kaen,Marketplace,30,149,4470,3,4.1
2025-07-01,iPhone Case,Accessories,Pattaya,In-Store,38,349,13262,0,4.2
2025-02-09,Screen Protector,Accessories,Phuket,Marketplace,21,99,2079,0,4.3
2025-06-11,Screen Protector,Accessories,Pattaya,Online,50,149,7450,1,4.0
2025-02-20,USB-C Cable,Accessories,Bangkok,Online,20,349,6980,2,4.3
2025-10-04,Laptop Bag,Bags,Bangkok,In-Store,21,349,7329,0,4.3
2025-02-04,USB-C Cable,Accessories,Pattaya,In-Store,44,149,6556,4,3.2
2025-12-18,USB-C Cable,Accessories,Bangkok,In-Store,39,599,23361,1,4.0
2025-09-05,Screen Protector,Accessories,Phuket,Marketplace,36,149,5364,2,3.5
2025-09-02,Laptop Bag,Bags,Bangkok,In-Store,8,299,2392,1,3.5
2025-05-20,Bluetooth Earbuds,Electronics,Phuket,Marketplace,26,299,7774,1,3.8
2025-07-31,Keyboard Cover,Accessories,Khon Kaen,Marketplace,30,1590,47700,3,4.9
2025-05-22,Mouse Pad,Accessories,Khon Kaen,Online,9,890,8010,0,4.1
2025-01-10,Screen Protector,Accessories,Pattaya,Online,23,199,4577,0,4.1
2025-12-12,Wireless Charger,Electronics,Khon Kaen,Marketplace,38,99,3762,0,4.1
2025-08-19,iPhone Case,Accessories,Khon Kaen,Online,35,599,20965,1,4.6
2025-12-10,Screen Protector,Accessories,Phuket,Marketplace,27,99,2673,2,4.6
2025-07-17,USB-C Cable,Accessories,Khon Kaen,Marketplace,5,599,2995,1,4.0
2025-07-31,Wireless Charger,Electronics,Pattaya,Marketplace,28,349,9772,2,3.8
2025-10-09,Laptop Bag,Bags,Pattaya,In-Store,8,1290,10320,1,3.3
2025-02-05,Wireless Charger,Electronics,Phuket,Online,28,299,8372,2,4.9
2025-10-11,Screen Protector,Accessories,Pattaya,In-Store,38,1590,60420,3,3.4
2025-03-16,Mouse Pad,Accessories,Pattaya,Online,20,299,5980,1,3.1
2025-01-15,Screen Protector,Accessories,Chiang Mai,In-Store,27,199,5373,0,4.6
2025-07-18,USB-C Cable,Accessories,Khon Kaen,In-Store,42,1590,66780,4,3.7
2025-12-26,Power Bank,Electronics,Chiang Mai,Online,32,1590,50880,0,4.0
2025-06-23,Wireless Charger,Electronics,Chiang Mai,Marketplace,6,199,1194,0,3.2
2025-12-09,iPhone Case,Accessories,Khon Kaen,Marketplace,28,890,24920,1,3.7
2025-11-12,iPhone Case,Accessories,Khon Kaen,Marketplace,13,199,2587,1,3.3
2025-06-30,Bluetooth Earbuds,Electronics,Pattaya,Online,42,149,6258,4,4.4
2025-05-14,Phone Stand,Accessories,Pattaya,In-Store,16,349,5584,1,4.1
2025-06-25,Bluetooth Earbuds,Electronics,Pattaya,Online,48,1290,61920,3,3.0
2025-10-01,Keyboard Cover,Accessories,Pattaya,Online,15,349,5235,1,4.7
2025-04-25,Mouse Pad,Accessories,Pattaya,In-Store,45,149,6705,4,4.6
2025-01-27,iPhone Case,Accessories,Pattaya,Online,12,890,10680,0,4.6
2025-06-06,Bluetooth Earbuds,Electronics,Phuket,In-Store,21,349,7329,2,4.5
2025-08-18,Keyboard Cover,Accessories,Phuket,In-Store,20,349,6980,2,3.8
2025-10-13,Screen Protector,Accessories,Khon Kaen,Marketplace,44,349,15356,3,4.4
2025-10-03,Keyboard Cover,Accessories,Bangkok,Online,23,890,20470,0,4.5
2025-12-21,Keyboard Cover,Accessories,Khon Kaen,In-Store,39,890,34710,0,4.1
2025-01-09,USB-C Cable,Accessories,Bangkok,Online,18,349,6282,1,3.5
2025-10-18,Laptop Bag,Bags,Pattaya,Online,31,99,3069,2,3.1
2025-08-29,Keyboard Cover,Accessories,Khon Kaen,Online,39,890,34710,1,4.5
2025-09-19,Bluetooth Earbuds,Electronics,Bangkok,Marketplace,34,149,5066,3,3.2
2025-05-19,iPhone Case,Accessories,Pattaya,Marketplace,44,199,8756,1,3.9
2025-05-02,Bluetooth Earbuds,Electronics,Phuket,In-Store,11,1290,14190,0,4.9
2025-01-04,Keyboard Cover,Accessories,Pattaya,Online,4,299,1196,0,4.1
2025-01-19,USB-C Cable,Accessories,Bangkok,In-Store,20,299,5980,1,3.4
2025-07-14,Laptop Bag,Bags,Pattaya,Marketplace,30,349,10470,3,4.0
2025-03-09,USB-C Cable,Accessories,Khon Kaen,Marketplace,13,299,3887,1,4.4
2025-04-02,USB-C Cable,Accessories,Bangkok,Online,43,299,12857,4,3.0
2025-11-12,Phone Stand,Accessories,Pattaya,In-Store,16,599,9584,1,4.7
2025-05-31,Laptop Bag,Bags,Phuket,Marketplace,26,349,9074,2,4.0
2025-08-10,Wireless Charger,Electronics,Chiang Mai,Online,31,199,6169,1,4.6
2025-07-19,Phone Stand,Accessories,Khon Kaen,In-Store,29,149,4321,2,3.6
2025-01-29,Laptop Bag,Bags,Phuket,Online,46,890,40940,2,3.4
2025-12-06,Screen Protector,Accessories,Chiang Mai,Marketplace,18,199,3582,0,3.7
2025-12-01,Screen Protector,Accessories,Bangkok,In-Store,37,599,22163,3,3.9
2025-07-14,Mouse Pad,Accessories,Khon Kaen,Marketplace,40,599,23960,3,3.3
2025-03-05,Laptop Bag,Bags,Phuket,Online,26,349,9074,1,4.1
2025-10-10,Bluetooth Earbuds,Electronics,Khon Kaen,Online,35,149,5215,3,3.2
2025-01-25,USB-C Cable,Accessories,Pattaya,Marketplace,38,1590,60420,2,4.1
2025-04-26,Wireless Charger,Electronics,Khon Kaen,Online,47,349,16403,3,3.2
2025-04-15,Power Bank,Electronics,Khon Kaen,Online,3,1590,4770,1,4.5
2025-05-25,USB-C Cable,Accessories,Bangkok,In-Store,6,199,1194,1,3.7
2025-09-22,Power Bank,Electronics,Pattaya,In-Store,21,99,2079,1,3.1
2025-04-05,Laptop Bag,Bags,Khon Kaen,Marketplace,26,1590,41340,1,3.5
2025-01-12,Power Bank,Electronics,Phuket,Marketplace,12,149,1788,0,4.4
2025-07-08,iPhone Case,Accessories,Phuket,In-Store,24,349,8376,0,3.0
2025-09-09,Wireless Charger,Electronics,Bangkok,Online,29,299,8671,0,3.0
2025-04-24,Keyboard Cover,Accessories,Khon Kaen,Marketplace,4,349,1396,1,3.0
2025-01-15,Mouse Pad,Accessories,Bangkok,Online,4,149,596,0,4.1
2025-03-20,Bluetooth Earbuds,Electronics,Pattaya,Online,18,299,5382,1,3.8
2025-02-08,USB-C Cable,Accessories,Phuket,In-Store,2,1290,2580,0,3.1
2025-05-17,Laptop Bag,Bags,Phuket,In-Store,24,99,2376,0,4.6
2025-10-14,Screen Protector,Accessories,Chiang Mai,In-Store,34,149,5066,1,4.7
2025-03-12,Mouse Pad,Accessories,Chiang Mai,In-Store,16,299,4784,0,5.0
2025-08-11,Power Bank,Electronics,Chiang Mai,In-Store,22,299,6578,0,3.9
2025-04-30,Keyboard Cover,Accessories,Pattaya,In-Store,48,1290,61920,3,3.6
2025-06-27,Wireless Charger,Electronics,Khon Kaen,Online,34,349,11866,0,4.1
2025-09-10,Keyboard Cover,Accessories,Bangkok,Online,27,890,24030,1,4.8
2025-06-12,Keyboard Cover,Accessories,Phuket,Online,14,1290,18060,0,4.7
2025-10-28,Screen Protector,Accessories,Phuket,Marketplace,34,1290,43860,0,3.6
2025-12-30,iPhone Case,Accessories,Bangkok,Marketplace,35,149,5215,3,4.3
2025-02-01,USB-C Cable,Accessories,Pattaya,In-Store,10,99,990,0,4.3
2025-05-10,Bluetooth Earbuds,Electronics,Pattaya,In-Store,41,890,36490,2,3.6
2025-07-16,Laptop Bag,Bags,Pattaya,Online,28,890,24920,2,4.6
2025-03-10,Power Bank,Electronics,Chiang Mai,Marketplace,9,599,5391,1,4.7
2025-12-17,USB-C Cable,Accessories,Chiang Mai,Online,46,349,16054,0,4.7
2025-12-14,Laptop Bag,Bags,Chiang Mai,Marketplace,47,299,14053,4,3.6
2025-01-07,Bluetooth Earbuds,Electronics,Chiang Mai,Online,34,349,11866,3,5.0
2025-07-21,Screen Protector,Accessories,Phuket,Marketplace,37,599,22163,0,3.2
2025-02-11,Screen Protector,Accessories,Pattaya,Marketplace,5,599,2995,0,3.9
2025-09-30,USB-C Cable,Accessories,Phuket,Marketplace,36,199,7164,1,4.5
2025-06-14,iPhone Case,Accessories,Khon Kaen,Marketplace,19,890,16910,0,4.7
2025-10-15,Mouse Pad,Accessories,Bangkok,Online,38,1290,49020,2,3.9
2025-09-08,Power Bank,Electronics,Pattaya,In-Store,35,890,31150,3,4.4
2025-10-06,Bluetooth Earbuds,Electronics,Chiang Mai,Marketplace,39,1290,50310,2,4.2
2025-04-01,iPhone Case,Accessories,Khon Kaen,Marketplace,41,199,8159,1,3.4
2025-10-22,Phone Stand,Accessories,Chiang Mai,Marketplace,24,199,4776,1,3.4
2025-06-06,iPhone Case,Accessories,Bangkok,Marketplace,6,1590,9540,0,4.0
2025-06-27,Mouse Pad,Accessories,Khon Kaen,Marketplace,42,149,6258,0,4.9
2025-11-29,Phone Stand,Accessories,Pattaya,In-Store,7,1290,9030,1,3.1
2025-01-22,Mouse Pad,Accessories,Bangkok,Online,6,890,5340,0,3.1
2025-11-29,Keyboard Cover,Accessories,Pattaya,Marketplace,11,199,2189,1,3.6
2025-03-22,Laptop Bag,Bags,Chiang Mai,Online,6,99,594,1,4.2
2025-09-18,Phone Stand,Accessories,Chiang Mai,Online,39,349,13611,2,4.8
2025-09-02,Phone Stand,Accessories,Khon Kaen,Online,39,599,23361,1,4.4
2025-09-05,Keyboard Cover,Accessories,Bangkok,Online,35,1590,55650,2,3.3
2025-03-30,Screen Protector,Accessories,Bangkok,Online,34,299,10166,3,3.6
2025-03-22,iPhone Case,Accessories,Bangkok,Marketplace,16,199,3184,0,3.8
2025-08-23,Power Bank,Electronics,Chiang Mai,Marketplace,47,1290,60630,3,4.5
2025-02-02,iPhone Case,Accessories,Chiang Mai,Marketplace,7,149,1043,1,3.7
2025-11-28,Power Bank,Electronics,Bangkok,In-Store,36,1290,46440,0,5.0
2025-08-05,iPhone Case,Accessories,Bangkok,Marketplace,15,599,8985,0,4.7
2025-10-06,Keyboard Cover,Accessories,Bangkok,In-Store,7,890,6230,1,3.6
2025-09-17,Power Bank,Electronics,Bangkok,In-Store,2,1590,3180,0,4.9
2025-04-15,Screen Protector,Accessories,Pattaya,Marketplace,49,1290,63210,3,3.4
2025-01-16,Bluetooth Earbuds,Electronics,Phuket,Online,25,99,2475,1,4.2
2025-06-02,Wireless Charger,Electronics,Bangkok,Online,39,149,5811,0,4.3
2025-07-05,Bluetooth Earbuds,Electronics,Khon Kaen,Online,49,349,17101,1,3.1
2025-06-09,iPhone Case,Accessories,Bangkok,Marketplace,12,599,7188,1,4.2
2025-07-25,Phone Stand,Accessories,Pattaya,Marketplace,42,599,25158,0,4.3
2025-06-06,USB-C Cable,Accessories,Phuket,In-Store,1,149,149,1,4.7
2025-03-23,iPhone Case,Accessories,Phuket,Marketplace,13,1290,16770,1,3.5
2025-07-07,Keyboard Cover,Accessories,Bangkok,In-Store,2,599,1198,1,3.6
2025-08-30,Keyboard Cover,Accessories,Bangkok,Marketplace,9,890,8010,0,3.7
2025-02-25,Wireless Charger,Electronics,Bangkok,Marketplace,38,1290,49020,0,4.8
2025-01-16,Laptop Bag,Bags,Bangkok,In-Store,31,99,3069,0,4.9
2025-10-16,Bluetooth Earbuds,Electronics,Chiang Mai,In-Store,11,599,6589,1,4.3
2025-07-24,USB-C Cable,Accessories,Phuket,In-Store,15,199,2985,0,4.1
2025-09-08,Power Bank,Electronics,Khon Kaen,Marketplace,14,349,4886,0,3.8
2025-04-06,Screen Protector,Accessories,Khon Kaen,In-Store,20,349,6980,1,5.0
2025-07-29,Screen Protector,Accessories,Bangkok,Marketplace,10,349,3490,1,5.0
2025-06-30,Mouse Pad,Accessories,Pattaya,In-Store,35,1290,45150,2,4.2
2025-06-15,Phone Stand,Accessories,Pattaya,Marketplace,36,199,7164,0,4.5
2025-01-01,Laptop Bag,Bags,Pattaya,In-Store,29,149,4321,1,4.7
2025-01-21,Power Bank,Electronics,Bangkok,In-Store,18,149,2682,0,4.8
2025-02-17,Laptop Bag,Bags,Khon Kaen,Marketplace,41,1290,52890,3,4.9
2025-02-03,Screen Protector,Accessories,Chiang Mai,Marketplace,35,199,6965,0,3.6
2025-06-13,Power Bank,Electronics,Bangkok,In-Store,17,599,10183,1,4.5
2025-03-13,Bluetooth Earbuds,Electronics,Khon Kaen,Online,22,199,4378,0,3.4
2025-02-11,Mouse Pad,Accessories,Bangkok,In-Store,43,890,38270,4,3.4
2025-10-03,USB-C Cable,Accessories,Pattaya,Online,40,99,3960,1,4.9
2025-09-23,Screen Protector,Accessories,Bangkok,Marketplace,34,890,30260,1,4.2
2025-09-08,iPhone Case,Accessories,Khon Kaen,In-Store,43,299,12857,4,4.7
2025-08-30,USB-C Cable,Accessories,Phuket,Marketplace,23,890,20470,2,4.7
2025-05-25,Keyboard Cover,Accessories,Bangkok,Marketplace,48,599,28752,2,4.7
2025-01-28,USB-C Cable,Accessories,Bangkok,Online,25,1290,32250,2,3.8
2025-05-30,USB-C Cable,Accessories,Phuket,Marketplace,1,99,99,1,4.5
2025-03-02,Phone Stand,Accessories,Chiang Mai,Marketplace,31,199,6169,1,3.8
2025-11-04,Keyboard Cover,Accessories,Khon Kaen,In-Store,11,599,6589,0,4.5
2025-02-14,Keyboard Cover,Accessories,Khon Kaen,Online,31,199,6169,0,4.2
2025-01-16,Screen Protector,Accessories,Pattaya,In-Store,7,890,6230,1,3.6
2025-03-27,iPhone Case,Accessories,Khon Kaen,Online,50,299,14950,5,3.2
2025-10-18,Screen Protector,Accessories,Chiang Mai,Marketplace,40,149,5960,3,3.8
2025-03-23,Keyboard Cover,Accessories,Pattaya,Online,19,890,16910,1,4.4
2025-07-05,USB-C Cable,Accessories,Phuket,Marketplace,15,99,1485,0,3.8
2025-05-23,Screen Protector,Accessories,Chiang Mai,Online,14,349,4886,1,4.2
2025-10-22,USB-C Cable,Accessories,Chiang Mai,Online,2,599,1198,0,4.2
2025-06-26,USB-C Cable,Accessories,Khon Kaen,Marketplace,3,349,1047,0,3.8
2025-11-18,Screen Protector,Accessories,Chiang Mai,In-Store,6,299,1794,0,3.3
2025-07-17,Keyboard Cover,Accessories,Phuket,In-Store,31,99,3069,1,3.9
2025-07-07,Screen Protector,Accessories,Pattaya,Marketplace,25,199,4975,1,3.7
2025-11-14,iPhone Case,Accessories,Phuket,Marketplace,38,890,33820,3,3.6
2025-02-07,Phone Stand,Accessories,Pattaya,Online,6,349,2094,1,3.2
2025-09-21,USB-C Cable,Accessories,Pattaya,Marketplace,15,349,5235,1,3.2
2025-01-15,iPhone Case,Accessories,Pattaya,Online,38,299,11362,0,4.8
2025-10-26,Phone Stand,Accessories,Phuket,In-Store,16,299,4784,1,4.0
2025-06-20,Phone Stand,Accessories,Chiang Mai,In-Store,1,599,599,1,3.4
2025-08-08,Power Bank,Electronics,Bangkok,In-Store,34,299,10166,2,4.2
2025-05-17,Screen Protector,Accessories,Bangkok,In-Store,33,149,4917,3,3.3
2025-11-06,Laptop Bag,Bags,Phuket,Marketplace,14,1590,22260,0,3.5
2025-12-03,Laptop Bag,Bags,Khon Kaen,In-Store,36,1590,57240,1,4.1
2025-04-08,Laptop Bag,Bags,Pattaya,Marketplace,14,99,1386,0,4.5
2025-11-22,Phone Stand,Accessories,Khon Kaen,In-Store,12,599,7188,0,3.4
2025-01-04,iPhone Case,Accessories,Bangkok,Marketplace,48,890,42720,1,4.1
2025-07-16,Power Bank,Electronics,Phuket,Marketplace,20,99,1980,2,3.7
2025-06-09,Laptop Bag,Bags,Chiang Mai,Online,23,99,2277,2,4.0
2025-02-16,Screen Protector,Accessories,Bangkok,Online,1,349,349,0,3.3
2025-06-13,Mouse Pad,Accessories,Phuket,In-Store,3,1590,4770,1,3.4
2025-08-27,Keyboard Cover,Accessories,Phuket,In-Store,32,1590,50880,2,3.1
2025-03-27,Wireless Charger,Electronics,Chiang Mai,In-Store,26,99,2574,2,4.8
2025-11-19,Mouse Pad,Accessories,Phuket,Online,45,199,8955,2,4.3
2025-10-20,Mouse Pad,Accessories,Pattaya,Online,19,1290,24510,1,3.2
2025-08-15,Wireless Charger,Electronics,Chiang Mai,In-Store,29,149,4321,0,3.2
2025-04-16,Phone Stand,Accessories,Pattaya,Marketplace,40,99,3960,2,4.1
2025-05-10,Wireless Charger,Electronics,Bangkok,In-Store,17,1290,21930,0,4.7
2025-04-04,iPhone Case,Accessories,Pattaya,Marketplace,14,299,4186,1,3.5
2025-06-28,iPhone Case,Accessories,Bangkok,Marketplace,35,599,20965,2,3.4
2025-09-06,Laptop Bag,Bags,Bangkok,In-Store,39,149,5811,1,3.9
2025-07-12,Laptop Bag,Bags,Phuket,Online,45,1590,71550,3,3.5
2025-07-17,Phone Stand,Accessories,Khon Kaen,Marketplace,31,349,10819,3,3.3
2025-07-28,Laptop Bag,Bags,Khon Kaen,Marketplace,2,1590,3180,0,4.8
2025-11-27,iPhone Case,Accessories,Chiang Mai,Online,1,149,149,1,3.5
2025-07-10,Mouse Pad,Accessories,Bangkok,Online,13,299,3887,1,3.2
2025-05-28,Laptop Bag,Bags,Pattaya,In-Store,19,149,2831,1,3.0
2025-12-10,Mouse Pad,Accessories,Khon Kaen,In-Store,49,99,4851,3,4.6
2025-08-09,Power Bank,Electronics,Chiang Mai,Marketplace,47,599,28153,3,3.4
2025-07-13,Bluetooth Earbuds,Electronics,Khon Kaen,Online,4,149,596,1,4.7
2025-03-07,Keyboard Cover,Accessories,Pattaya,Online,4,299,1196,0,4.8
2025-11-15,Wireless Charger,Electronics,Pattaya,Online,13,149,1937,1,3.1
2025-10-12,Screen Protector,Accessories,Khon Kaen,In-Store,1,890,890,0,4.7
2025-02-26,USB-C Cable,Accessories,Phuket,In-Store,13,890,11570,0,3.1
2025-11-30,Keyboard Cover,Accessories,Chiang Mai,Marketplace,27,149,4023,2,4.6
2025-08-08,USB-C Cable,Accessories,Khon Kaen,In-Store,8,149,1192,1,3.4
2025-07-12,Mouse Pad,Accessories,Phuket,Online,29,149,4321,2,4.9
2025-04-21,Phone Stand,Accessories,Chiang Mai,Online,25,199,4975,0,4.0
2025-12-10,Phone Stand,Accessories,Bangkok,Marketplace,17,599,10183,0,4.9
2025-11-18,iPhone Case,Accessories,Bangkok,In-Store,33,349,11517,0,3.2
2025-12-28,USB-C Cable,Accessories,Khon Kaen,Marketplace,3,299,897,0,3.0
2025-08-23,USB-C Cable,Accessories,Phuket,Online,28,199,5572,0,3.4
2025-03-26,Mouse Pad,Accessories,Chiang Mai,Marketplace,20,149,2980,0,3.1
2025-04-07,Phone Stand,Accessories,Pattaya,Online,10,1590,15900,0,4.2
2025-09-07,Power Bank,Electronics,Pattaya,Marketplace,32,99,3168,1,3.4
2025-01-17,iPhone Case,Accessories,Pattaya,Marketplace,19,299,5681,1,4.0
2025-10-22,iPhone Case,Accessories,Khon Kaen,Online,24,349,8376,2,3.7
2025-08-02,Screen Protector,Accessories,Bangkok,Marketplace,44,890,39160,1,4.6
2025-05-23,Wireless Charger,Electronics,Chiang Mai,In-Store,20,890,17800,2,4.1
2025-02-19,Bluetooth Earbuds,Electronics,Phuket,Marketplace,29,890,25810,2,4.4
2025-09-29,Wireless Charger,Electronics,Bangkok,Marketplace,23,349,8027,2,3.7
2025-06-15,Bluetooth Earbuds,Electronics,Pattaya,Online,26,299,7774,1,4.8
2025-11-11,Laptop Bag,Bags,Chiang Mai,Marketplace,25,349,8725,0,4.0
2025-05-31,iPhone Case,Accessories,Bangkok,In-Store,19,1590,30210,0,4.9
2025-11-15,Screen Protector,Accessories,Bangkok,Marketplace,22,599,13178,2,4.9
2025-09-10,Wireless Charger,Electronics,Khon Kaen,Marketplace,35,599,20965,3,3.3
2025-01-02,Bluetooth Earbuds,Electronics,Pattaya,Marketplace,4,599,2396,1,4.9
2025-10-05,USB-C Cable,Accessories,Chiang Mai,In-Store,18,1290,23220,1,3.4
2025-09-14,Mouse Pad,Accessories,Khon Kaen,Marketplace,44,1590,69960,1,4.6
2025-01-03,Laptop Bag,Bags,Phuket,Online,23,299,6877,1,4.7
2025-11-09,Wireless Charger,Electronics,Khon Kaen,Marketplace,32,99,3168,1,4.7
2025-04-04,Mouse Pad,Accessories,Bangkok,Online,44,199,8756,1,3.4
2025-11-27,Bluetooth Earbuds,Electronics,Chiang Mai,Marketplace,30,99,2970,2,4.2
2025-10-01,iPhone Case,Accessories,Chiang Mai,In-Store,17,199,3383,0,3.7
2025-07-01,iPhone Case,Accessories,Khon Kaen,In-Store,34,599,20366,3,4.2
2025-10-21,iPhone Case,Accessories,Chiang Mai,Online,18,199,3582,1,4.6
2025-10-11,Mouse Pad,Accessories,Phuket,In-Store,17,1290,21930,1,4.3
2025-03-29,Mouse Pad,Accessories,Khon Kaen,Online,16,149,2384,0,3.3
2025-03-21,iPhone Case,Accessories,Pattaya,Online,26,199,5174,0,3.9
2025-11-25,Mouse Pad,Accessories,Phuket,Marketplace,30,1290,38700,3,3.8
2025-11-01,Bluetooth Earbuds,Electronics,Chiang Mai,In-Store,38,1290,49020,2,4.0
2025-09-29,Mouse Pad,Accessories,Phuket,Marketplace,7,349,2443,0,3.6
2025-04-23,USB-C Cable,Accessories,Chiang Mai,Marketplace,11,1590,17490,1,4.4
2025-10-08,Laptop Bag,Bags,Pattaya,In-Store,33,349,11517,0,3.3
2025-05-02,Phone Stand,Accessories,Pattaya,Online,29,299,8671,1,4.5
2025-10-21,Power Bank,Electronics,Chiang Mai,In-Store,21,890,18690,2,3.2
2025-05-18,USB-C Cable,Accessories,Pattaya,Online,47,599,28153,2,3.6
2025-06-19,Screen Protector,Accessories,Pattaya,In-Store,17,349,5933,0,3.7
2025-08-23,Screen Protector,Accessories,Chiang Mai,In-Store,22,1590,34980,1,3.1
2025-03-30,Screen Protector,Accessories,Bangkok,Online,46,199,9154,3,3.2
2025-08-18,Mouse Pad,Accessories,Pattaya,In-Store,33,1290,42570,3,3.8
2025-09-04,iPhone Case,Accessories,Bangkok,Marketplace,34,149,5066,0,4.4
2025-04-20,Wireless Charger,Electronics,Chiang Mai,Marketplace,37,99,3663,0,3.8
2025-01-31,Bluetooth Earbuds,Electronics,Pattaya,In-Store,43,299,12857,0,3.7
2025-08-15,USB-C Cable,Accessories,Chiang Mai,In-Store,5,599,2995,1,3.3
2025-05-19,Mouse Pad,Accessories,Chiang Mai,Online,46,149,6854,1,4.9
2025-10-27,Power Bank,Electronics,Khon Kaen,Marketplace,15,890,13350,0,4.1
2025-05-04,Mouse Pad,Accessories,Pattaya,Marketplace,29,1590,46110,0,4.0
2025-09-12,Keyboard Cover,Accessories,Bangkok,Online,36,299,10764,3,4.3
2025-10-06,iPhone Case,Accessories,Bangkok,Marketplace,14,1590,22260,0,4.1
2025-04-24,Keyboard Cover,Accessories,Khon Kaen,In-Store,33,199,6567,3,3.7
2025-09-21,Bluetooth Earbuds,Electronics,Khon Kaen,Marketplace,24,199,4776,0,4.4
2025-07-27,Bluetooth Earbuds,Electronics,Khon Kaen,In-Store,6,349,2094,0,4.5
2025-05-15,Power Bank,Electronics,Bangkok,In-Store,39,99,3861,2,4.2
2025-02-04,Power Bank,Electronics,Bangkok,Online,23,149,3427,1,3.5
2025-04-23,USB-C Cable,Accessories,Khon Kaen,In-Store,6,149,894,1,5.0
2025-08-29,Bluetooth Earbuds,Electronics,Bangkok,In-Store,23,890,20470,2,4.4
2025-06-28,Power Bank,Electronics,Chiang Mai,Marketplace,35,99,3465,1,4.1
2025-08-25,Keyboard Cover,Accessories,Bangkok,Online,24,199,4776,1,4.0
2025-09-19,USB-C Cable,Accessories,Pattaya,Online,14,1590,22260,0,3.3
2025-02-21,iPhone Case,Accessories,Pattaya,In-Store,45,1590,71550,4,4.4
2025-12-15,Power Bank,Electronics,Chiang Mai,Marketplace,42,349,14658,0,3.7
2025-04-19,Phone Stand,Accessories,Chiang Mai,Online,48,599,28752,3,3.1
2025-01-03,Laptop Bag,Bags,Phuket,In-Store,49,890,43610,4,3.3
2025-07-05,Screen Protector,Accessories,Pattaya,In-Store,11,149,1639,0,3.1
2025-03-15,Power Bank,Electronics,Chiang Mai,Online,11,199,2189,0,3.4
2025-03-14,Power Bank,Electronics,Pattaya,Marketplace,35,99,3465,2,4.9
2025-08-11,Power Bank,Electronics,Khon Kaen,Marketplace,1,99,99,1,3.4
2025-04-03,Screen Protector,Accessories,Phuket,In-Store,37,299,11063,3,4.3
2025-09-03,Laptop Bag,Bags,Khon Kaen,Online,24,599,14376,0,3.8
2025-05-28,Mouse Pad,Accessories,Khon Kaen,In-Store,12,599,7188,0,4.7
2025-06-03,Keyboard Cover,Accessories,Khon Kaen,Online,15,1290,19350,0,3.6
2025-02-16,Phone Stand,Accessories,Chiang Mai,Online,42,1290,54180,3,3.2
2025-12-04,Phone Stand,Accessories,Chiang Mai,Marketplace,13,349,4537,0,3.6
2025-04-06,iPhone Case,Accessories,Bangkok,Online,43,99,4257,0,3.8
2025-12-17,Mouse Pad,Accessories,Khon Kaen,Marketplace,33,1290,42570,1,4.5
2025-07-14,USB-C Cable,Accessories,Bangkok,Marketplace,25,1290,32250,2,3.1
2025-10-29,Bluetooth Earbuds,Electronics,Bangkok,In-Store,40,890,35600,2,3.7
2025-07-08,USB-C Cable,Accessories,Phuket,Online,10,349,3490,1,3.8
2025-01-21,Phone Stand,Accessories,Chiang Mai,In-Store,17,890,15130,0,3.3
2025-12-15,Screen Protector,Accessories,Phuket,Online,3,599,1797,0,3.2
2025-04-16,Screen Protector,Accessories,Chiang Mai,Online,43,99,4257,4,4.3
2025-09-25,Phone Stand,Accessories,Khon Kaen,In-Store,26,1590,41340,2,5.0
2025-05-19,Bluetooth Earbuds,Electronics,Bangkok,Online,17,149,2533,1,3.3
2025-11-12,Laptop Bag,Bags,Phuket,Marketplace,4,599,2396,0,3.8
2025-12-04,Phone Stand,Accessories,Phuket,In-Store,17,1290,21930,0,4.8
2025-02-04,Mouse Pad,Accessories,Phuket,Online,1,1590,1590,1,4.6
2025-12-11,Wireless Charger,Electronics,Chiang Mai,Marketplace,27,1590,42930,1,4.4
2025-01-15,Wireless Charger,Electronics,Phuket,Online,12,299,3588,0,4.1
2025-05-08,Phone Stand,Accessories,Chiang Mai,In-Store,23,99,2277,0,4.5
2025-06-14,USB-C Cable,Accessories,Bangkok,Marketplace,12,99,1188,0,4.4
2025-11-10,Power Bank,Electronics,Phuket,Marketplace,45,890,40050,2,4.8
2025-08-23,USB-C Cable,Accessories,Chiang Mai,Marketplace,32,890,28480,2,4.3
2025-06-10,Phone Stand,Accessories,Phuket,In-Store,16,599,9584,1,3.4
2025-06-13,Bluetooth Earbuds,Electronics,Pattaya,Marketplace,20,99,1980,0,5.0
2025-04-12,Laptop Bag,Bags,Pattaya,Online,2,1590,3180,0,4.1
2025-09-11,Screen Protector,Accessories,Chiang Mai,Online,41,99,4059,1,4.6
2025-02-02,Keyboard Cover,Accessories,Phuket,In-Store,28,599,16772,1,3.7
2025-11-20,Phone Stand,Accessories,Phuket,In-Store,16,99,1584,1,3.7
2025-11-23,Phone Stand,Accessories,Bangkok,In-Store,8,890,7120,0,4.0
2025-06-17,Screen Protector,Accessories,Bangkok,In-Store,38,99,3762,1,4.8
2025-08-08,Power Bank,Electronics,Bangkok,Online,20,149,2980,2,3.8
2025-05-09,Phone Stand,Accessories,Pattaya,Online,33,349,11517,2,5.0
2025-04-29,Wireless Charger,Electronics,Chiang Mai,In-Store,3,149,447,0,3.6
2025-10-15,iPhone Case,Accessories,Pattaya,In-Store,43,599,25757,2,4.5
2025-01-30,Laptop Bag,Bags,Bangkok,Online,5,1590,7950,0,4.4
2025-08-06,USB-C Cable,Accessories,Khon Kaen,In-Store,25,199,4975,2,3.9
2025-12-30,USB-C Cable,Accessories,Bangkok,In-Store,36,349,12564,2,4.8
2025-07-08,Wireless Charger,Electronics,Khon Kaen,Marketplace,39,1290,50310,3,3.9
2025-03-13,Power Bank,Electronics,Chiang Mai,In-Store,34,349,11866,0,4.5
2025-01-15,Power Bank,Electronics,Chiang Mai,In-Store,27,1590,42930,0,4.5
2025-04-10,Laptop Bag,Bags,Khon Kaen,In-Store,6,890,5340,0,4.8
2025-06-17,Power Bank,Electronics,Bangkok,Marketplace,42,99,4158,3,4.4
2025-07-31,Bluetooth Earbuds,Electronics,Khon Kaen,Marketplace,45,890,40050,1,3.6
2025-11-02,Laptop Bag,Bags,Khon Kaen,In-Store,9,349,3141,1,4.0
2025-02-06,iPhone Case,Accessories,Bangkok,Marketplace,46,299,13754,3,3.7
2025-04-11,Laptop Bag,Bags,Pattaya,In-Store,24,99,2376,1,3.6
2025-04-01,Screen Protector,Accessories,Bangkok,Online,13,199,2587,1,3.6
2025-03-29,Phone Stand,Accessories,Phuket,Marketplace,48,349,16752,2,4.4
2025-05-23,Screen Protector,Accessories,Chiang Mai,In-Store,8,1590,12720,1,3.4
2025-03-08,Bluetooth Earbuds,Electronics,Chiang Mai,Online,43,599,25757,1,4.8
2025-05-02,USB-C Cable,Accessories,Phuket,Online,43,1590,68370,3,3.2
2025-11-26,Bluetooth Earbuds,Electronics,Bangkok,In-Store,35,149,5215,3,3.6
2025-08-25,USB-C Cable,Accessories,Khon Kaen,In-Store,32,149,4768,3,4.3
2025-07-18,USB-C Cable,Accessories,Khon Kaen,In-Store,18,349,6282,0,3.6
2025-09-17,USB-C Cable,Accessories,Phuket,Marketplace,48,1290,61920,4,3.3
2025-12-24,Power Bank,Electronics,Pattaya,Marketplace,23,199,4577,2,4.6
2025-04-15,Screen Protector,Accessories,Chiang Mai,Marketplace,37,149,5513,0,4.4
2025-07-12,Phone Stand,Accessories,Chiang Mai,Online,6,1290,7740,0,4.8
2025-09-09,iPhone Case,Accessories,Bangkok,In-Store,32,1290,41280,3,4.7
2025-01-22,Power Bank,Electronics,Phuket,Online,26,1290,33540,0,3.3
2025-01-20,Laptop Bag,Bags,Chiang Mai,In-Store,41,890,36490,4,4.0
2025-04-10,Keyboard Cover,Accessories,Bangkok,In-Store,26,599,15574,0,3.5
2025-08-09,Phone Stand,Accessories,Khon Kaen,Marketplace,31,599,18569,3,3.8
2025-10-24,Laptop Bag,Bags,Bangkok,Marketplace,8,1290,10320,0,4.1
2025-07-22,Laptop Bag,Bags,Pattaya,Marketplace,10,299,2990,0,4.6
2025-05-04,Laptop Bag,Bags,Pattaya,In-Store,37,1290,47730,3,4.8
2025-03-16,USB-C Cable,Accessories,Phuket,In-Store,47,1590,74730,3,4.2
2025-09-07,Wireless Charger,Electronics,Chiang Mai,Marketplace,47,149,7003,2,3.6
2025-10-05,Keyboard Cover,Accessories,Phuket,Online,10,99,990,0,3.4
2025-09-19,Mouse Pad,Accessories,Khon Kaen,Marketplace,29,349,10121,2,4.6
2025-01-05,Laptop Bag,Bags,Bangkok,In-Store,12,1290,15480,0,3.2
2025-02-10,Screen Protector,Accessories,Phuket,Online,9,1590,14310,1,4.7
2025-03-12,Mouse Pad,Accessories,Pattaya,Marketplace,21,890,18690,1,4.0
2025-07-18,Bluetooth Earbuds,Electronics,Phuket,In-Store,42,299,12558,1,4.0
2025-06-07,Mouse Pad,Accessories,Chiang Mai,In-Store,38,1590,60420,0,3.6
2025-01-28,Keyboard Cover,Accessories,Phuket,In-Store,22,149,3278,0,4.7
2025-10-11,USB-C Cable,Accessories,Khon Kaen,In-Store,26,599,15574,0,3.3
2025-10-30,Keyboard Cover,Accessories,Chiang Mai,Online,7,349,2443,1,4.1
2025-03-04,Phone Stand,Accessories,Bangkok,Marketplace,5,599,2995,1,3.5
2025-12-11,Bluetooth Earbuds,Electronics,Bangkok,In-Store,13,1590,20670,1,3.0
2025-09-15,Power Bank,Electronics,Phuket,In-Store,11,149,1639,1,4.6
2025-04-01,Keyboard Cover,Accessories,Khon Kaen,Online,30,599,17970,1,4.5
2025-02-18,USB-C Cable,Accessories,Chiang Mai,Marketplace,48,99,4752,1,4.5
2025-09-07,Bluetooth Earbuds,Electronics,Khon Kaen,In-Store,35,349,12215,2,3.8
2025-10-20,Keyboard Cover,Accessories,Khon Kaen,In-Store,7,99,693,1,4.8
2025-11-28,Power Bank,Electronics,Pattaya,In-Store,31,199,6169,1,4.2
2025-05-03,Keyboard Cover,Accessories,Phuket,Online,30,890,26700,2,5.0
2025-03-11,iPhone Case,Accessories,Khon Kaen,Marketplace,15,199,2985,0,4.4
2025-03-16,iPhone Case,Accessories,Phuket,In-Store,23,1590,36570,0,3.7
2025-10-29,Mouse Pad,Accessories,Bangkok,Marketplace,3,99,297,1,3.5
2025-05-16,Phone Stand,Accessories,Pattaya,Online,42,299,12558,4,3.2
2025-09-12,Power Bank,Electronics,Phuket,Marketplace,27,1590,42930,2,4.6
2025-09-04,Bluetooth Earbuds,Electronics,Chiang Mai,In-Store,26,1290,33540,0,3.4
2025-06-18,iPhone Case,Accessories,Pattaya,In-Store,24,299,7176,0,4.1
2025-05-25,Keyboard Cover,Accessories,Phuket,In-Store,14,99,1386,0,3.8
2025-05-04,iPhone Case,Accessories,Bangkok,Online,10,299,2990,1,4.4
2025-02-25,Bluetooth Earbuds,Electronics,Pattaya,Online,18,1290,23220,1,3.3
2025-05-04,Wireless Charger,Electronics,Phuket,Marketplace,48,199,9552,4,3.0
2025-03-20,USB-C Cable,Accessories,Phuket,In-Store,8,149,1192,1,4.8
2025-10-24,Keyboard Cover,Accessories,Khon Kaen,Marketplace,32,1590,50880,1,3.8
2025-06-15,iPhone Case,Accessories,Phuket,Online,19,599,11381,1,3.6
2025-05-20,Mouse Pad,Accessories,Phuket,Marketplace,30,890,26700,2,4.1
2025-07-26,Phone Stand,Accessories,Bangkok,Marketplace,33,299,9867,2,4.5
2025-12-26,Laptop Bag,Bags,Khon Kaen,Online,20,1590,31800,0,4.3
2025-10-22,Wireless Charger,Electronics,Phuket,Online,50,890,44500,2,5.0
2025-01-28,Phone Stand,Accessories,Pattaya,In-Store,41,1290,52890,4,4.4
2025-06-16,Wireless Charger,Electronics,Phuket,In-Store,43,199,8557,2,4.0
2025-04-16,Bluetooth Earbuds,Electronics,Pattaya,Marketplace,22,890,19580,0,3.3
2025-05-05,Screen Protector,Accessories,Bangkok,Online,32,149,4768,2,4.0
2025-10-30,Wireless Charger,Electronics,Khon Kaen,Online,47,599,28153,2,3.7
2025-03-21,Screen Protector,Accessories,Bangkok,In-Store,50,1590,79500,5,3.2
2025-08-04,Laptop Bag,Bags,Pattaya,Online,18,890,16020,1,3.5
2025-09-15,Power Bank,Electronics,Chiang Mai,In-Store,44,299,13156,0,3.7
2025-05-12,Power Bank,Electronics,Pattaya,Marketplace,48,299,14352,1,3.2
2025-12-06,Wireless Charger,Electronics,Bangkok,Marketplace,18,890,16020,0,4.9
2025-06-22,Laptop Bag,Bags,Bangkok,Marketplace,38,149,5662,1,4.0
2025-12-09,USB-C Cable,Accessories,Phuket,Online,8,349,2792,0,3.5
2025-11-16,USB-C Cable,Accessories,Pattaya,Marketplace,8,1290,10320,0,4.8
2025-05-28,Screen Protector,Accessories,Phuket,In-Store,25,149,3725,0,4.8
2025-10-27,iPhone Case,Accessories,Khon Kaen,Marketplace,6,349,2094,1,4.5
2025-01-11,Screen Protector,Accessories,Pattaya,Online,33,599,19767,2,5.0
2025-04-15,Laptop Bag,Bags,Chiang Mai,Online,27,349,9423,2,3.7
2025-03-11,Keyboard Cover,Accessories,Khon Kaen,Marketplace,12,99,1188,0,4.2
2025-08-19,Mouse Pad,Accessories,Khon Kaen,In-Store,33,349,11517,3,3.5
2025-08-25,Screen Protector,Accessories,Phuket,Marketplace,37,349,12913,3,3.3
2025-09-19,Mouse Pad,Accessories,Khon Kaen,Online,36,349,12564,1,3.6
2025-11-06,Laptop Bag,Bags,Chiang Mai,In-Store,23,1590,36570,0,4.1
2025-12-08,Screen Protector,Accessories,Khon Kaen,Online,36,890,32040,3,3.2
2025-12-16,iPhone Case,Accessories,Chiang Mai,Marketplace,3,1590,4770,0,3.9
2025-02-24,USB-C Cable,Accessories,Phuket,Marketplace,4,599,2396,1,4.8
2025-12-12,Keyboard Cover,Accessories,Chiang Mai,In-Store,2,299,598,0,3.5
2025-03-25,Bluetooth Earbuds,Electronics,Chiang Mai,Online,11,349,3839,1,4.6
2025-12-08,Keyboard Cover,Accessories,Chiang Mai,Marketplace,32,1590,50880,0,4.8
2025-10-02,Mouse Pad,Accessories,Phuket,In-Store,47,349,16403,4,4.0
2025-07-28,Laptop Bag,Bags,Khon Kaen,In-Store,16,299,4784,0,3.0
2025-02-17,Phone Stand,Accessories,Chiang Mai,Marketplace,16,1290,20640,1,3.8
2025-12-12,iPhone Case,Accessories,Pattaya,In-Store,20,1590,31800,0,3.0
2025-10-17,USB-C Cable,Accessories,Pattaya,Marketplace,3,199,597,0,4.0
2025-04-25,iPhone Case,Accessories,Chiang Mai,Marketplace,45,349,15705,2,4.0
2025-03-30,Laptop Bag,Bags,Phuket,In-Store,25,890,22250,0,3.5
2025-05-23,Keyboard Cover,Accessories,Pattaya,In-Store,3,199,597,1,4.1
2025-03-24,iPhone Case,Accessories,Bangkok,In-Store,44,299,13156,2,3.8
2025-12-26,Laptop Bag,Bags,Khon Kaen,In-Store,49,349,17101,1,4.9
2025-12-16,Mouse Pad,Accessories,Pattaya,Marketplace,27,149,4023,2,3.4
2025-03-13,Screen Protector,Accessories,Khon Kaen,Marketplace,29,1290,37410,1,4.0
2025-03-29,Wireless Charger,Electronics,Phuket,Marketplace,2,1590,3180,1,4.8
2025-02-07,Laptop Bag,Bags,Phuket,Online,48,890,42720,3,3.9
2025-02-04,Laptop Bag,Bags,Pattaya,Marketplace,34,1290,43860,1,4.5
2025-12-30,Phone Stand,Accessories,Chiang Mai,In-Store,25,149,3725,0,4.2
2025-06-22,Keyboard Cover,Accessories,Khon Kaen,In-Store,36,1290,46440,3,3.2
2025-01-16,USB-C Cable,Accessories,Bangkok,In-Store,8,99,792,0,3.4
2025-08-26,iPhone Case,Accessories,Khon Kaen,Online,6,99,594,1,5.0
2025-07-17,USB-C Cable,Accessories,Pattaya,Online,26,599,15574,0,4.2
2025-03-26,Screen Protector,Accessories,Bangkok,Online,50,349,17450,1,4.2
2025-09-29,Bluetooth Earbuds,Electronics,Khon Kaen,Online,28,1590,44520,2,3.7
2025-08-31,Laptop Bag,Bags,Bangkok,Marketplace,5,149,745,1,3.8
2025-03-13,USB-C Cable,Accessories,Bangkok,Marketplace,18,1290,23220,0,4.7
2025-11-26,Keyboard Cover,Accessories,Bangkok,In-Store,46,149,6854,0,4.1
2025-04-20,iPhone Case,Accessories,Bangkok,In-Store,32,299,9568,2,3.6
2025-08-01,Laptop Bag,Bags,Chiang Mai,Online,10,890,8900,1,5.0
2025-02-03,Wireless Charger,Electronics,Chiang Mai,Online,33,1290,42570,1,4.6
2025-08-17,iPhone Case,Accessories,Khon Kaen,Marketplace,45,349,15705,0,4.0
2025-01-15,Wireless Charger,Electronics,Chiang Mai,Online,12,599,7188,0,3.3
2025-03-25,Mouse Pad,Accessories,Chiang Mai,Online,34,1590,54060,1,3.2
2025-08-26,Screen Protector,Accessories,Khon Kaen,In-Store,27,299,8073,0,4.3
2025-08-01,Power Bank,Electronics,Chiang Mai,Online,42,890,37380,4,4.7
2025-05-07,Laptop Bag,Bags,Chiang Mai,In-Store,13,199,2587,0,4.2
2025-04-03,Power Bank,Electronics,Chiang Mai,Marketplace,47,1590,74730,0,3.5
2025-03-04,Mouse Pad,Accessories,Chiang Mai,Online,16,890,14240,0,3.5
2025-07-02,Power Bank,Electronics,Bangkok,Online,44,149,6556,0,3.1
2025-05-02,Wireless Charger,Electronics,Phuket,Online,40,1590,63600,0,3.8
2025-03-20,Power Bank,Electronics,Phuket,In-Store,35,299,10465,1,4.6
2025-10-18,Laptop Bag,Bags,Pattaya,Marketplace,45,349,15705,2,4.4
2025-03-13,Bluetooth Earbuds,Electronics,Phuket,Marketplace,34,599,20366,3,3.8
2025-05-02,Wireless Charger,Electronics,Bangkok,Marketplace,21,99,2079,2,4.1
2025-10-15,Keyboard Cover,Accessories,Pattaya,Online,3,299,897,1,3.4
2025-09-25,Phone Stand,Accessories,Khon Kaen,In-Store,49,199,9751,2,4.5
2025-12-12,iPhone Case,Accessories,Bangkok,Marketplace,26,299,7774,1,4.6
2025-10-09,Mouse Pad,Accessories,Chiang Mai,Marketplace,46,199,9154,2,4.0
2025-07-24,USB-C Cable,Accessories,Chiang Mai,Online,42,299,12558,0,3.7
2025-09-12,Keyboard Cover,Accessories,Chiang Mai,Online,38,349,13262,0,4.6
2025-09-04,Laptop Bag,Bags,Bangkok,In-Store,25,199,4975,1,4.5
2025-07-26,Keyboard Cover,Accessories,Bangkok,Marketplace,7,1590,11130,0,4.6
2025-08-15,Screen Protector,Accessories,Bangkok,Online,13,599,7787,1,3.7
2025-12-11,Phone Stand,Accessories,Bangkok,In-Store,3,199,597,0,4.3
2025-06-25,Bluetooth Earbuds,Electronics,Khon Kaen,Marketplace,5,299,1495,0,3.9
2025-12-30,iPhone Case,Accessories,Pattaya,Marketplace,1,199,199,1,4.9
2025-02-14,Mouse Pad,Accessories,Phuket,In-Store,49,99,4851,3,4.5
2025-12-09,Wireless Charger,Electronics,Phuket,Marketplace,12,599,7188,1,4.7
2025-12-04,Mouse Pad,Accessories,Pattaya,In-Store,12,1590,19080,1,4.9
2025-11-09,Laptop Bag,Bags,Pattaya,In-Store,11,1290,14190,0,4.9
2025-11-26,Wireless Charger,Electronics,Pattaya,In-Store,12,149,1788,1,3.8
2025-07-21,Wireless Charger,Electronics,Pattaya,Marketplace,34,349,11866,2,3.0
2025-05-09,iPhone Case,Accessories,Bangkok,Marketplace,11,599,6589,1,4.0
2025-10-28,Wireless Charger,Electronics,Khon Kaen,Marketplace,30,1290,38700,3,4.6
2025-06-23,Screen Protector,Accessories,Pattaya,In-Store,23,599,13777,0,4.8
2025-08-28,Bluetooth Earbuds,Electronics,Khon Kaen,In-Store,12,149,1788,0,3.6
2025-01-14,Screen Protector,Accessories,Pattaya,In-Store,49,99,4851,3,4.9
2025-12-15,Phone Stand,Accessories,Bangkok,Marketplace,27,299,8073,1,3.6
2025-08-25,Power Bank,Electronics,Chiang Mai,In-Store,22,1590,34980,0,3.5
2025-03-23,USB-C Cable,Accessories,Pattaya,Marketplace,41,99,4059,0,4.6
2025-11-14,Mouse Pad,Accessories,Pattaya,Online,16,99,1584,0,3.9
2025-12-26,Wireless Charger,Electronics,Pattaya,Online,22,599,13178,2,4.9
2025-09-27,Keyboard Cover,Accessories,Pattaya,Online,39,199,7761,3,4.5
2025-06-03,Power Bank,Electronics,Khon Kaen,In-Store,3,1290,3870,0,3.7
2025-03-09,Bluetooth Earbuds,Electronics,Bangkok,Marketplace,33,199,6567,1,4.9
2025-07-03,Phone Stand,Accessories,Pattaya,In-Store,18,1590,28620,1,3.7
2025-07-03,USB-C Cable,Accessories,Pattaya,Marketplace,25,890,22250,0,5.0
2025-12-07,Screen Protector,Accessories,Bangkok,Online,35,349,12215,3,4.1
2025-08-12,Laptop Bag,Bags,Khon Kaen,In-Store,6,299,1794,1,3.2
2025-01-23,Screen Protector,Accessories,Pattaya,Online,2,199,398,1,4.9
2025-11-18,Phone Stand,Accessories,Pattaya,Online,45,149,6705,4,4.6
2025-07-27,Phone Stand,Accessories,Phuket,Online,18,1590,28620,0,4.9
2025-02-22,Laptop Bag,Bags,Khon Kaen,In-Store,36,1590,57240,3,4.1
2025-05-20,Phone Stand,Accessories,Chiang Mai,In-Store,42,599,25158,0,4.5
2025-11-06,Mouse Pad,Accessories,Chiang Mai,Marketplace,1,299,299,0,4.2
2025-09-11,Phone Stand,Accessories,Bangkok,Marketplace,14,890,12460,1,3.1
2025-01-01,Bluetooth Earbuds,Electronics,Chiang Mai,In-Store,48,890,42720,3,4.5
2025-10-03,Mouse Pad,Accessories,Phuket,Online,42,299,12558,4,3.7
2025-02-16,Mouse Pad,Accessories,Phuket,In-Store,50,890,44500,2,3.3
2025-05-06,iPhone Case,Accessories,Phuket,Online,34,1290,43860,0,3.2
2025-02-07,Screen Protector,Accessories,Bangkok,Online,24,1590,38160,0,3.3
2025-12-25,Mouse Pad,Accessories,Phuket,Online,46,890,40940,1,4.3
2025-02-27,Wireless Charger,Electronics,Khon Kaen,In-Store,9,149,1341,0,4.3
2025-01-10,Bluetooth Earbuds,Electronics,Chiang Mai,Online,16,890,14240,1,4.3
2025-08-04,USB-C Cable,Accessories,Bangkok,In-Store,8,1590,12720,0,4.2
2025-09-13,Power Bank,Electronics,Phuket,Online,18,99,1782,1,4.5
2025-09-16,Screen Protector,Accessories,Bangkok,Marketplace,18,1590,28620,0,3.1
2025-12-04,Laptop Bag,Bags,Phuket,Marketplace,18,1590,28620,1,3.5
2025-09-16,Mouse Pad,Accessories,Khon Kaen,Online,2,890,1780,1,4.5
2025-01-16,Keyboard Cover,Accessories,Khon Kaen,In-Store,45,149,6705,2,3.2
2025-12-27,Phone Stand,Accessories,Bangkok,Online,31,349,10819,1,4.0
2025-01-05,iPhone Case,Accessories,Bangkok,Marketplace,31,1290,39990,2,4.7
2025-10-10,iPhone Case,Accessories,Bangkok,In-Store,5,1590,7950,1,4.7
2025-09-28,Keyboard Cover,Accessories,Chiang Mai,In-Store,1,1590,1590,0,4.3
2025-12-09,Laptop Bag,Bags,Pattaya,Marketplace,11,149,1639,1,3.9
2025-10-30,Wireless Charger,Electronics,Bangkok,In-Store,38,349,13262,3,4.8
2025-06-06,Mouse Pad,Accessories,Khon Kaen,Marketplace,8,599,4792,0,3.6
2025-08-12,Screen Protector,Accessories,Pattaya,In-Store,17,99,1683,0,4.2
2025-05-18,Wireless Charger,Electronics,Bangkok,Marketplace,15,149,2235,1,4.2
2025-07-13,Mouse Pad,Accessories,Bangkok,Online,31,890,27590,0,3.6
2025-10-22,Mouse Pad,Accessories,Khon Kaen,In-Store,37,99,3663,0,3.2
2025-09-09,Keyboard Cover,Accessories,Khon Kaen,Marketplace,44,599,26356,2,3.6
2025-01-12,USB-C Cable,Accessories,Bangkok,In-Store,15,349,5235,0,4.5
2025-10-28,Power Bank,Electronics,Bangkok,In-Store,49,890,43610,4,4.1
2025-10-04,Wireless Charger,Electronics,Pattaya,Marketplace,42,599,25158,1,4.4
2025-07-02,USB-C Cable,Accessories,Pattaya,Online,41,1590,65190,1,4.3
2025-01-17,Bluetooth Earbuds,Electronics,Chiang Mai,Marketplace,8,1590,12720,1,3.2
2025-01-19,USB-C Cable,Accessories,Bangkok,Online,31,99,3069,3,5.0
2025-11-30,Laptop Bag,Bags,Bangkok,Marketplace,15,890,13350,0,3.2
2025-06-13,Laptop Bag,Bags,Bangkok,Marketplace,14,99,1386,1,4.0
2025-10-24,iPhone Case,Accessories,Bangkok,In-Store,25,599,14975,1,4.4
2025-01-25,Keyboard Cover,Accessories,Bangkok,In-Store,17,99,1683,0,3.2
2025-08-03,USB-C Cable,Accessories,Chiang Mai,Online,24,149,3576,1,3.4
2025-07-04,Wireless Charger,Electronics,Phuket,Marketplace,35,1290,45150,2,4.5
2025-05-14,Laptop Bag,Bags,Bangkok,Online,33,349,11517,1,4.0
2025-02-22,Power Bank,Electronics,Khon Kaen,Marketplace,19,299,5681,1,3.8
2025-04-21,Phone Stand,Accessories,Chiang Mai,In-Store,15,1290,19350,0,4.0
2025-06-01,Screen Protector,Accessories,Bangkok,In-Store,11,1290,14190,1,4.5
2025-04-07,iPhone Case,Accessories,Bangkok,In-Store,19,599,11381,0,3.4
2025-11-18,Bluetooth Earbuds,Electronics,Khon Kaen,Online,34,349,11866,2,4.6
2025-09-22,Bluetooth Earbuds,Electronics,Bangkok,Online,2,199,398,1,4.3
2025-02-23,Screen Protector,Accessories,Bangkok,Marketplace,8,599,4792,0,3.2
2025-05-08,USB-C Cable,Accessories,Bangkok,Online,12,1290,15480,0,4.7
2025-03-29,USB-C Cable,Accessories,Pattaya,In-Store,3,199,597,1,4.2
2025-06-07,iPhone Case,Accessories,Phuket,Online,22,149,3278,2,3.8
2025-11-14,Screen Protector,Accessories,Phuket,In-Store,4,299,1196,0,3.6
2025-06-25,Power Bank,Electronics,Pattaya,Online,4,890,3560,0,4.1
2025-06-29,Wireless Charger,Electronics,Chiang Mai,Marketplace,49,599,29351,2,4.8
2025-08-14,Screen Protector,Accessories,Chiang Mai,Marketplace,43,890,38270,2,4.6
2025-10-07,iPhone Case,Accessories,Bangkok,In-Store,19,149,2831,1,3.4
2025-07-28,Keyboard Cover,Accessories,Phuket,In-Store,6,99,594,1,3.0
2025-06-06,USB-C Cable,Accessories,Pattaya,In-Store,49,1290,63210,3,3.9
2025-01-03,Bluetooth Earbuds,Electronics,Chiang Mai,Marketplace,44,349,15356,2,4.6
2025-08-08,USB-C Cable,Accessories,Khon Kaen,Online,41,349,14309,1,3.8
2025-03-31,Laptop Bag,Bags,Phuket,Marketplace,24,199,4776,2,4.3
2025-04-26,Power Bank,Electronics,Khon Kaen,In-Store,6,1590,9540,0,3.9
2025-09-28,Mouse Pad,Accessories,Bangkok,In-Store,22,149,3278,1,4.9
2025-05-19,Laptop Bag,Bags,Khon Kaen,Marketplace,49,1290,63210,4,4.6
2025-08-02,Mouse Pad,Accessories,Pattaya,In-Store,40,599,23960,3,3.1
2025-06-08,Wireless Charger,Electronics,Bangkok,Marketplace,7,1590,11130,0,4.5
2025-11-01,USB-C Cable,Accessories,Khon Kaen,In-Store,1,299,299,0,3.1
2025-07-11,Power Bank,Electronics,Pattaya,Online,37,149,5513,2,4.8
2025-05-02,USB-C Cable,Accessories,Phuket,In-Store,40,599,23960,3,3.9
2025-06-03,Bluetooth Earbuds,Electronics,Phuket,Online,49,149,7301,2,3.1
2025-11-08,Phone Stand,Accessories,Khon Kaen,Marketplace,19,99,1881,1,4.2
2025-03-03,Bluetooth Earbuds,Electronics,Chiang Mai,Marketplace,42,299,12558,2,3.9
2025-09-25,Screen Protector,Accessories,Phuket,Marketplace,34,199,6766,0,4.1
2025-04-10,Wireless Charger,Electronics,Pattaya,Online,37,199,7363,0,4.9
2025-07-08,Keyboard Cover,Accessories,Phuket,In-Store,19,299,5681,1,4.3
2025-02-25,Power Bank,Electronics,Pattaya,Marketplace,28,1290,36120,1,4.5
2025-04-05,Bluetooth Earbuds,Electronics,Bangkok,In-Store,25,890,22250,1,4.2
2025-07-07,USB-C Cable,Accessories,Bangkok,Online,7,599,4193,0,4.9
2025-01-25,Bluetooth Earbuds,Electronics,Pattaya,In-Store,49,349,17101,4,3.3
2025-06-02,Laptop Bag,Bags,Khon Kaen,In-Store,9,349,3141,1,4.3
2025-04-07,iPhone Case,Accessories,Chiang Mai,Marketplace,19,99,1881,0,3.2
2025-06-08,Bluetooth Earbuds,Electronics,Bangkok,Marketplace,36,349,12564,0,4.8
2025-12-21,Keyboard Cover,Accessories,Khon Kaen,Marketplace,41,149,6109,2,4.8
2025-03-23,Laptop Bag,Bags,Chiang Mai,Marketplace,3,1590,4770,1,3.8
2025-10-11,iPhone Case,Accessories,Chiang Mai,Online,28,599,16772,1,3.1
2025-11-19,Screen Protector,Accessories,Phuket,Online,36,890,32040,1,3.9
2025-08-08,Keyboard Cover,Accessories,Bangkok,Marketplace,16,1290,20640,0,3.9
2025-12-20,USB-C Cable,Accessories,Pattaya,Online,12,349,4188,0,3.7
2025-06-16,Wireless Charger,Electronics,Phuket,Marketplace,8,890,7120,1,3.5
2025-05-20,Mouse Pad,Accessories,Khon Kaen,In-Store,16,1290,20640,0,4.6
2025-10-15,Power Bank,Electronics,Bangkok,In-Store,47,199,9353,3,3.2
2025-04-20,iPhone Case,Accessories,Bangkok,Marketplace,18,349,6282,1,4.2
2025-05-14,Phone Stand,Accessories,Pattaya,Online,1,1590,1590,0,3.0
2025-07-19,iPhone Case,Accessories,Bangkok,Marketplace,20,199,3980,0,3.8
2025-05-15,iPhone Case,Accessories,Bangkok,In-Store,23,299,6877,1,4.6
2025-12-09,Wireless Charger,Electronics,Pattaya,Marketplace,2,890,1780,0,3.9
2025-09-02,Wireless Charger,Electronics,Pattaya,Online,4,349,1396,0,3.9
2025-09-08,USB-C Cable,Accessories,Chiang Mai,Marketplace,25,1290,32250,1,4.1
2025-04-04,Phone Stand,Accessories,Bangkok,Marketplace,39,890,34710,1,4.8
2025-09-23,Power Bank,Electronics,Pattaya,In-Store,40,1290,51600,0,3.3
2025-03-30,iPhone Case,Accessories,Pattaya,Online,7,99,693,0,4.8
2025-08-06,Screen Protector,Accessories,Khon Kaen,In-Store,48,1590,76320,3,4.7
2025-11-13,USB-C Cable,Accessories,Bangkok,In-Store,34,149,5066,2,3.0
2025-03-06,Screen Protector,Accessories,Chiang Mai,Online,19,149,2831,0,4.1
2025-05-08,Phone Stand,Accessories,Bangkok,In-Store,19,349,6631,0,4.1
2025-12-20,Screen Protector,Accessories,Phuket,In-Store,48,349,16752,3,3.9
2025-10-06,Bluetooth Earbuds,Electronics,Bangkok,Online,2,349,698,0,4.6
2025-08-30,Bluetooth Earbuds,Electronics,Khon Kaen,Online,40,349,13960,3,4.3
2025-10-17,Laptop Bag,Bags,Khon Kaen,In-Store,41,1290,52890,4,3.7
2025-11-20,Bluetooth Earbuds,Electronics,Phuket,Online,40,149,5960,2,3.0
2025-05-10,Keyboard Cover,Accessories,Chiang Mai,Marketplace,49,599,29351,1,3.0
2025-04-12,Bluetooth Earbuds,Electronics,Phuket,Marketplace,26,99,2574,2,3.8
2025-10-20,Keyboard Cover,Accessories,Bangkok,In-Store,14,1590,22260,1,4.8
2025-04-07,Bluetooth Earbuds,Electronics,Chiang Mai,Marketplace,21,299,6279,0,4.8
2025-06-28,iPhone Case,Accessories,Khon Kaen,In-Store,45,599,26955,0,3.2
2025-12-03,Bluetooth Earbuds,Electronics,Pattaya,Marketplace,14,890,12460,0,4.3
2025-02-06,Phone Stand,Accessories,Pattaya,Online,7,99,693,1,4.2
2025-04-27,Bluetooth Earbuds,Electronics,Pattaya,Online,17,1290,21930,0,3.9
2025-06-06,USB-C Cable,Accessories,Pattaya,Online,48,1290,61920,3,4.5
2025-01-14,Power Bank,Electronics,Khon Kaen,Marketplace,12,599,7188,1,4.6
2025-02-19,USB-C Cable,Accessories,Bangkok,Online,28,1590,44520,1,4.1
2025-06-25,Bluetooth Earbuds,Electronics,Chiang Mai,Online,9,1590,14310,0,3.2
2025-05-22,Power Bank,Electronics,Bangkok,In-Store,16,890,14240,0,4.3
2025-04-21,USB-C Cable,Accessories,Chiang Mai,Online,24,199,4776,2,3.5
2025-04-28,Phone Stand,Accessories,Khon Kaen,Marketplace,42,299,12558,3,4.2
2025-09-09,Wireless Charger,Electronics,Khon Kaen,In-Store,4,299,1196,0,4.0
2025-04-12,Bluetooth Earbuds,Electronics,Bangkok,In-Store,1,349,349,1,4.4
2025-04-30,Laptop Bag,Bags,Chiang Mai,In-Store,50,199,9950,1,3.0
2025-04-11,Keyboard Cover,Accessories,Chiang Mai,Marketplace,20,349,6980,1,4.0
2025-11-17,Laptop Bag,Bags,Khon Kaen,In-Store,44,149,6556,2,4.6
2025-11-30,Wireless Charger,Electronics,Chiang Mai,Online,34,149,5066,1,3.1
2025-04-28,Wireless Charger,Electronics,Chiang Mai,In-Store,16,1290,20640,0,3.1
2025-05-20,Power Bank,Electronics,Pattaya,Online,38,299,11362,2,3.2
2025-06-01,Keyboard Cover,Accessories,Phuket,Marketplace,8,149,1192,1,4.1
2025-12-18,Bluetooth Earbuds,Electronics,Phuket,Online,40,299,11960,4,4.3
2025-02-03,Power Bank,Electronics,Bangkok,In-Store,13,890,11570,1,3.2
2025-09-18,Keyboard Cover,Accessories,Phuket,Marketplace,10,890,8900,1,4.7
2025-01-31,Phone Stand,Accessories,Chiang Mai,Marketplace,12,1290,15480,0,4.3
2025-05-29,Wireless Charger,Electronics,Khon Kaen,In-Store,14,199,2786,1,3.4
2025-12-13,Screen Protector,Accessories,Phuket,In-Store,13,890,11570,0,3.0
2025-01-29,Power Bank,Electronics,Chiang Mai,In-Store,24,349,8376,1,4.9
2025-02-13,iPhone Case,Accessories,Chiang Mai,Marketplace,27,599,16173,1,4.3
2025-03-25,Bluetooth Earbuds,Electronics,Chiang Mai,Online,35,1290,45150,1,3.5
2025-03-29,Bluetooth Earbuds,Electronics,Bangkok,Marketplace,47,149,7003,0,3.1
2025-09-01,Mouse Pad,Accessories,Bangkok,In-Store,17,299,5083,0,3.0
2025-09-10,Phone Stand,Accessories,Pattaya,In-Store,50,599,29950,0,3.9
2025-03-17,iPhone Case,Accessories,Khon Kaen,In-Store,27,99,2673,0,4.6
2025-10-06,Keyboard Cover,Accessories,Chiang Mai,Online,1,599,599,1,4.9
2025-08-18,Wireless Charger,Electronics,Chiang Mai,Marketplace,42,349,14658,0,4.0
2025-07-26,Phone Stand,Accessories,Khon Kaen,Online,37,149,5513,2,3.9
2025-03-27,USB-C Cable,Accessories,Khon Kaen,Marketplace,41,99,4059,2,4.3
2025-01-28,Wireless Charger,Electronics,Phuket,Online,42,349,14658,3,3.0
2025-07-08,iPhone Case,Accessories,Phuket,In-Store,36,349,12564,1,3.3
2025-07-10,Power Bank,Electronics,Khon Kaen,Marketplace,6,199,1194,1,3.5
2025-07-27,Laptop Bag,Bags,Chiang Mai,Marketplace,33,299,9867,1,4.7
2025-06-26,Keyboard Cover,Accessories,Bangkok,Marketplace,31,349,10819,3,3.1
2025-05-15,Screen Protector,Accessories,Chiang Mai,Online,48,599,28752,0,3.1
2025-04-01,Power Bank,Electronics,Khon Kaen,Online,27,99,2673,0,3.4
2025-12-18,Bluetooth Earbuds,Electronics,Phuket,In-Store,15,1290,19350,1,4.1
2025-01-19,Bluetooth Earbuds,Electronics,Chiang Mai,Marketplace,30,1290,38700,3,4.3
2025-02-14,Mouse Pad,Accessories,Bangkok,Online,30,199,5970,3,3.8
2025-04-01,Mouse Pad,Accessories,Chiang Mai,In-Store,26,349,9074,0,3.6
2025-07-25,Bluetooth Earbuds,Electronics,Pattaya,Online,20,149,2980,1,3.3
2025-08-17,Laptop Bag,Bags,Chiang Mai,In-Store,14,1590,22260,1,3.5
2025-01-29,Screen Protector,Accessories,Chiang Mai,Marketplace,8,349,2792,1,3.5
2025-01-15,Phone Stand,Accessories,Bangkok,Marketplace,23,299,6877,0,4.9
2025-10-17,USB-C Cable,Accessories,Chiang Mai,In-Store,17,299,5083,1,4.6
2025-01-15,Bluetooth Earbuds,Electronics,Pattaya,In-Store,13,1590,20670,0,4.3
2025-07-01,Wireless Charger,Electronics,Bangkok,Marketplace,26,199,5174,2,3.7
2025-12-15,USB-C Cable,Accessories,Khon Kaen,Online,26,349,9074,0,4.4
2025-04-08,Bluetooth Earbuds,Electronics,Bangkok,In-Store,11,599,6589,0,3.4
2025-03-22,iPhone Case,Accessories,Phuket,In-Store,32,149,4768,0,4.6
2025-02-01,Wireless Charger,Electronics,Phuket,Online,38,599,22762,0,4.9
2025-08-27,Laptop Bag,Bags,Phuket,In-Store,13,599,7787,0,3.5
2025-05-03,Power Bank,Electronics,Khon Kaen,In-Store,37,599,22163,1,4.0
2025-08-16,Mouse Pad,Accessories,Phuket,Online,23,149,3427,2,3.4
2025-04-26,Wireless Charger,Electronics,Phuket,Marketplace,44,349,15356,2,3.3
2025-02-09,Wireless Charger,Electronics,Phuket,Marketplace,24,99,2376,0,4.7
2025-03-16,Power Bank,Electronics,Phuket,In-Store,23,149,3427,0,4.2
2025-10-14,Wireless Charger,Electronics,Bangkok,Marketplace,27,599,16173,2,3.8
2025-03-17,Laptop Bag,Bags,Bangkok,Marketplace,16,99,1584,1,4.7
2025-01-20,Bluetooth Earbuds,Electronics,Phuket,Marketplace,33,890,29370,1,3.7
2025-01-18,Power Bank,Electronics,Pattaya,Marketplace,9,1590,14310,1,3.8
2025-10-22,Wireless Charger,Electronics,Chiang Mai,Marketplace,16,149,2384,0,4.2
2025-02-16,Bluetooth Earbuds,Electronics,Chiang Mai,In-Store,22,199,4378,1,5.0
2025-04-08,Bluetooth Earbuds,Electronics,Chiang Mai,Online,40,149,5960,2,3.3
2025-05-15,Wireless Charger,Electronics,Pattaya,Online,35,890,31150,3,3.6
2025-01-20,iPhone Case,Accessories,Khon Kaen,Marketplace,34,299,10166,0,3.0
2025-10-20,Wireless Charger,Electronics,Khon Kaen,Marketplace,35,299,10465,0,3.0
2025-09-02,iPhone Case,Accessories,Khon Kaen,Marketplace,37,1290,47730,2,3.9
2025-12-09,Screen Protector,Accessories,Phuket,In-Store,28,149,4172,2,4.4
2025-01-03,Screen Protector,Accessories,Phuket,Marketplace,12,149,1788,1,5.0
2025-09-30,Bluetooth Earbuds,Electronics,Bangkok,Online,31,99,3069,1,3.2
2025-07-14,iPhone Case,Accessories,Khon Kaen,In-Store,40,349,13960,0,4.6
2025-05-06,Power Bank,Electronics,Bangkok,Marketplace,20,299,5980,2,3.5
2025-05-15,Bluetooth Earbuds,Electronics,Pattaya,Online,44,599,26356,0,3.4
2025-12-11,Power Bank,Electronics,Pattaya,Online,11,299,3289,1,4.3
2025-05-05,Wireless Charger,Electronics,Khon Kaen,Online,4,99,396,0,3.1
2025-08-08,USB-C Cable,Accessories,Phuket,In-Store,30,890,26700,2,3.5
2025-11-25,Wireless Charger,Electronics,Chiang Mai,Marketplace,7,199,1393,1,4.6
2025-06-23,Phone Stand,Accessories,Khon Kaen,Online,23,149,3427,2,4.2
2025-04-20,Keyboard Cover,Accessories,Pattaya,Online,24,99,2376,0,3.3
2025-11-20,Phone Stand,Accessories,Pattaya,In-Store,32,890,28480,3,3.6
2025-12-07,Laptop Bag,Bags,Pattaya,In-Store,40,349,13960,2,3.1
2025-11-02,Bluetooth Earbuds,Electronics,Pattaya,In-Store,45,599,26955,3,4.0
2025-04-08,Keyboard Cover,Accessories,Pattaya,Marketplace,12,599,7188,1,3.0
2025-05-31,Phone Stand,Accessories,Pattaya,Marketplace,9,199,1791,1,3.1
2025-01-04,Bluetooth Earbuds,Electronics,Pattaya,Online,30,149,4470,2,4.7
2025-08-17,Power Bank,Electronics,Pattaya,In-Store,18,149,2682,0,3.3
2025-09-09,Bluetooth Earbuds,Electronics,Bangkok,Marketplace,31,99,3069,2,5.0
2025-02-01,USB-C Cable,Accessories,Phuket,Marketplace,28,149,4172,1,4.2
2025-07-09,USB-C Cable,Accessories,Phuket,Online,33,299,9867,1,3.0
2025-04-06,Wireless Charger,Electronics,Chiang Mai,Marketplace,27,299,8073,0,4.0
2025-07-27,Keyboard Cover,Accessories,Bangkok,Online,4,299,1196,1,4.1
2025-08-09,Phone Stand,Accessories,Chiang Mai,In-Store,1,1590,1590,1,3.9
2025-06-12,Phone Stand,Accessories,Pattaya,Online,43,199,8557,1,3.7
2025-12-26,Wireless Charger,Electronics,Bangkok,In-Store,32,99,3168,1,4.9
2025-11-09,Laptop Bag,Bags,Phuket,Online,19,99,1881,0,3.1
2025-12-26,Phone Stand,Accessories,Phuket,Marketplace,7,199,1393,0,4.2
2025-09-02,Wireless Charger,Electronics,Phuket,Marketplace,5,1290,6450,1,3.4
2025-02-14,Power Bank,Electronics,Chiang Mai,In-Store,9,1590,14310,1,4.5
2025-10-07,Wireless Charger,Electronics,Bangkok,Marketplace,32,149,4768,2,3.2
2025-07-09,iPhone Case,Accessories,Phuket,In-Store,16,99,1584,1,4.2
2025-10-14,Phone Stand,Accessories,Khon Kaen,Marketplace,1,149,149,0,4.2
2025-09-03,Power Bank,Electronics,Khon Kaen,Marketplace,49,99,4851,0,3.5
2025-08-25,Mouse Pad,Accessories,Pattaya,Marketplace,9,1290,11610,0,3.1
2025-07-28,USB-C Cable,Accessories,Khon Kaen,In-Store,49,599,29351,1,4.3
2025-04-18,iPhone Case,Accessories,Phuket,Online,2,299,598,0,3.7
2025-02-02,USB-C Cable,Accessories,Pattaya,Online,24,349,8376,0,4.3
2025-12-03,iPhone Case,Accessories,Phuket,In-Store,23,349,8027,1,3.7
2025-02-12,Power Bank,Electronics,Pattaya,In-Store,26,1290,33540,2,4.4
2025-07-31,USB-C Cable,Accessories,Pattaya,Online,16,1590,25440,1,3.9
2025-04-23,Screen Protector,Accessories,Bangkok,In-Store,10,890,8900,1,4.5
2025-07-14,Wireless Charger,Electronics,Bangkok,In-Store,39,1590,62010,3,3.2
2025-06-09,Laptop Bag,Bags,Phuket,In-Store,33,149,4917,0,4.8
2025-06-08,USB-C Cable,Accessories,Phuket,In-Store,7,99,693,0,3.9
2025-02-15,Wireless Charger,Electronics,Chiang Mai,Online,40,199,7960,1,4.0
2025-04-04,USB-C Cable,Accessories,Khon Kaen,In-Store,37,349,12913,0,4.7
2025-01-07,Bluetooth Earbuds,Electronics,Pattaya,Online,37,1290,47730,2,4.7
2025-07-14,Bluetooth Earbuds,Electronics,Bangkok,Marketplace,13,890,11570,0,3.2
2025-10-31,Mouse Pad,Accessories,Phuket,Online,48,149,7152,1,4.8
2025-04-03,Keyboard Cover,Accessories,Chiang Mai,Marketplace,26,99,2574,2,3.9
2025-01-20,Wireless Charger,Electronics,Phuket,Online,45,299,13455,2,4.5
2025-04-06,iPhone Case,Accessories,Bangkok,In-Store,15,199,2985,0,4.5
2025-04-22,Wireless Charger,Electronics,Chiang Mai,Marketplace,30,1290,38700,2,3.4
2025-10-27,Bluetooth Earbuds,Electronics,Chiang Mai,Online,17,1590,27030,1,3.7
2025-06-18,Mouse Pad,Accessories,Chiang Mai,Online,29,890,25810,1,3.9
2025-10-23,Bluetooth Earbuds,Electronics,Bangkok,Online,32,199,6368,1,4.7
2025-02-13,Laptop Bag,Bags,Chiang Mai,In-Store,15,1290,19350,1,3.7
2025-04-12,Wireless Charger,Electronics,Phuket,Marketplace,13,1290,16770,1,3.6
2025-01-11,Phone Stand,Accessories,Chiang Mai,Online,23,99,2277,1,4.5
2025-06-26,Mouse Pad,Accessories,Bangkok,Marketplace,12,890,10680,1,4.3
2025-03-16,iPhone Case,Accessories,Bangkok,Marketplace,22,199,4378,0,4.6
2025-10-21,USB-C Cable,Accessories,Pattaya,In-Store,50,349,17450,0,4.1
2025-09-25,Bluetooth Earbuds,Electronics,Pattaya,Marketplace,24,149,3576,0,3.1
2025-11-10,Laptop Bag,Bags,Chiang Mai,Marketplace,40,1590,63600,0,4.8
2025-08-19,Laptop Bag,Bags,Phuket,Online,32,349,11168,1,4.3
2025-06-27,Power Bank,Electronics,Chiang Mai,Marketplace,27,99,2673,0,3.4
2025-02-10,Laptop Bag,Bags,Khon Kaen,In-Store,42,890,37380,0,3.8
2025-12-07,iPhone Case,Accessories,Chiang Mai,Marketplace,25,199,4975,2,3.2
2025-01-03,Power Bank,Electronics,Chiang Mai,In-Store,4,299,1196,0,3.7
2025-02-08,Laptop Bag,Bags,Chiang Mai,In-Store,21,890,18690,2,4.4
2025-03-23,Bluetooth Earbuds,Electronics,Pattaya,In-Store,19,199,3781,0,3.4
2025-05-14,Screen Protector,Accessories,Khon Kaen,Online,16,1590,25440,0,4.3
2025-09-14,iPhone Case,Accessories,Phuket,Marketplace,24,149,3576,1,4.6
2025-06-17,iPhone Case,Accessories,Phuket,In-Store,36,349,12564,3,3.7
2025-08-14,Mouse Pad,Accessories,Phuket,In-Store,8,349,2792,1,3.1
2025-02-25,Keyboard Cover,Accessories,Pattaya,Marketplace,18,1290,23220,1,4.9
2025-06-27,Bluetooth Earbuds,Electronics,Pattaya,Marketplace,4,349,1396,0,3.5
2025-04-02,Keyboard Cover,Accessories,Bangkok,In-Store,40,890,35600,4,3.5
2025-07-19,Bluetooth Earbuds,Electronics,Phuket,In-Store,25,1590,39750,0,3.5
2025-03-21,Bluetooth Earbuds,Electronics,Pattaya,Online,31,599,18569,2,3.7
2025-02-23,Keyboard Cover,Accessories,Chiang Mai,In-Store,34,99,3366,0,4.7
2025-06-26,Phone Stand,Accessories,Khon Kaen,In-Store,18,1590,28620,1,3.4
2025-10-23,Bluetooth Earbuds,Electronics,Khon Kaen,In-Store,1,149,149,1,3.6
2025-09-27,Keyboard Cover,Accessories,Pattaya,Online,15,149,2235,0,3.8
2025-05-23,iPhone Case,Accessories,Phuket,Marketplace,33,149,4917,0,4.9
2025-01-20,iPhone Case,Accessories,Bangkok,Online,25,890,22250,2,4.9
2025-01-24,Mouse Pad,Accessories,Chiang Mai,In-Store,48,349,16752,1,3.5
2025-03-02,Power Bank,Electronics,Chiang Mai,In-Store,39,299,11661,3,3.7
2025-10-31,Laptop Bag,Bags,Pattaya,Online,4,599,2396,0,3.9
2025-11-28,USB-C Cable,Accessories,Khon Kaen,Online,7,890,6230,0,4.9
2025-09-19,Phone Stand,Accessories,Phuket,Marketplace,17,99,1683,0,4.3
2025-10-05,Laptop Bag,Bags,Chiang Mai,In-Store,7,199,1393,1,3.7
2025-06-13,USB-C Cable,Accessories,Phuket,Marketplace,47,349,16403,4,3.1
2025-01-30,Phone Stand,Accessories,Chiang Mai,In-Store,35,149,5215,2,3.6
2025-02-05,Wireless Charger,Electronics,Phuket,Marketplace,39,890,34710,3,3.0
2025-11-02,Phone Stand,Accessories,Phuket,Online,43,349,15007,0,4.2
2025-04-21,iPhone Case,Accessories,Pattaya,Marketplace,36,149,5364,3,3.7
2025-10-05,Power Bank,Electronics,Khon Kaen,Online,2,149,298,0,3.8
2025-09-10,Wireless Charger,Electronics,Khon Kaen,Marketplace,45,1290,58050,2,3.7
2025-12-19,Laptop Bag,Bags,Phuket,Online,6,199,1194,1,3.2
2025-04-19,iPhone Case,Accessories,Bangkok,Marketplace,29,149,4321,2,4.7
2025-08-14,Laptop Bag,Bags,Chiang Mai,In-Store,34,299,10166,1,4.0
2025-12-28,Mouse Pad,Accessories,Pattaya,Online,14,599,8386,1,4.0
2025-05-12,Screen Protector,Accessories,Phuket,Online,31,1590,49290,1,4.5
2025-04-07,Laptop Bag,Bags,Bangkok,In-Store,16,599,9584,0,4.2
2025-02-08,Wireless Charger,Electronics,Chiang Mai,In-Store,1,149,149,1,3.5
2025-09-20,Wireless Charger,Electronics,Chiang Mai,Marketplace,41,99,4059,3,4.4
2025-04-03,Screen Protector,Accessories,Phuket,Online,15,1290,19350,1,3.7
2025-02-25,Mouse Pad,Accessories,Khon Kaen,In-Store,44,599,26356,3,3.9
2025-01-06,Bluetooth Earbuds,Electronics,Phuket,Online,13,299,3887,0,3.2
2025-06-26,Screen Protector,Accessories,Khon Kaen,In-Store,36,299,10764,3,4.2
2025-02-01,Bluetooth Earbuds,Electronics,Pattaya,In-Store,29,1290,37410,2,3.4
2025-11-29,USB-C Cable,Accessories,Chiang Mai,Marketplace,30,199,5970,1,3.9
2025-04-04,Wireless Charger,Electronics,Phuket,Online,32,349,11168,3,4.7
2025-04-15,iPhone Case,Accessories,Phuket,Marketplace,27,1290,34830,2,4.1
2025-02-05,Screen Protector,Accessories,Bangkok,Online,32,890,28480,0,3.4
2025-11-26,Power Bank,Electronics,Pattaya,In-Store,48,890,42720,0,4.6
2025-01-14,iPhone Case,Accessories,Bangkok,In-Store,15,349,5235,1,3.1
2025-08-18,Laptop Bag,Bags,Pattaya,Marketplace,45,149,6705,4,3.1
2025-07-11,Wireless Charger,Electronics,Phuket,In-Store,39,1290,50310,0,3.1
2025-03-09,Screen Protector,Accessories,Khon Kaen,Online,39,199,7761,0,3.3
2025-03-15,Bluetooth Earbuds,Electronics,Khon Kaen,In-Store,39,599,23361,1,3.4
2025-08-05,Mouse Pad,Accessories,Bangkok,Online,22,1590,34980,1,3.1
2025-06-10,iPhone Case,Accessories,Bangkok,Marketplace,34,199,6766,2,4.8
2025-03-25,Wireless Charger,Electronics,Bangkok,Marketplace,31,349,10819,2,4.2
2025-03-20,iPhone Case,Accessories,Khon Kaen,In-Store,22,199,4378,0,3.1
2025-03-28,Screen Protector,Accessories,Pattaya,Online,28,349,9772,0,5.0
2025-08-16,Screen Protector,Accessories,Khon Kaen,Online,31,199,6169,2,3.0
2025-07-06,Power Bank,Electronics,Phuket,Online,28,149,4172,0,3.6
2025-04-15,Mouse Pad,Accessories,Khon Kaen,Online,27,1590,42930,1,3.7
2025-11-21,Mouse Pad,Accessories,Pattaya,Online,46,349,16054,0,4.3
2025-03-30,USB-C Cable,Accessories,Bangkok,In-Store,16,99,1584,0,3.2
2025-05-04,iPhone Case,Accessories,Chiang Mai,Marketplace,3,349,1047,1,3.2
2025-12-01,Laptop Bag,Bags,Chiang Mai,In-Store,18,149,2682,1,4.6
2025-02-21,USB-C Cable,Accessories,Phuket,Marketplace,28,599,16772,0,3.9
2025-03-15,iPhone Case,Accessories,Phuket,Marketplace,41,199,8159,4,4.8
2025-08-24,Wireless Charger,Electronics,Pattaya,Marketplace,7,1290,9030,0,4.6
2025-02-17,Wireless Charger,Electronics,Phuket,Online,10,149,1490,1,3.4
2025-12-18,Laptop Bag,Bags,Chiang Mai,Marketplace,44,890,39160,4,5.0
2025-07-10,Keyboard Cover,Accessories,Phuket,In-Store,14,149,2086,1,4.1
2025-02-27,Phone Stand,Accessories,Bangkok,Online,37,299,11063,0,3.3
2025-04-12,Phone Stand,Accessories,Chiang Mai,In-Store,46,199,9154,3,3.1
2025-02-03,Power Bank,Electronics,Pattaya,Marketplace,23,890,20470,2,3.3
2025-11-18,Laptop Bag,Bags,Phuket,In-Store,29,599,17371,0,4.8
2025-03-01,Laptop Bag,Bags,Pattaya,In-Store,2,149,298,0,3.1
2025-04-14,Bluetooth Earbuds,Electronics,Pattaya,Online,25,199,4975,2,4.3
2025-10-05,Phone Stand,Accessories,Phuket,Online,47,599,28153,2,4.4
2025-10-28,USB-C Cable,Accessories,Pattaya,Online,9,599,5391,1,4.6
2025-07-03,Laptop Bag,Bags,Pattaya,Marketplace,22,349,7678,0,4.3
2025-07-04,Screen Protector,Accessories,Chiang Mai,Marketplace,47,99,4653,2,4.7
2025-11-03,Mouse Pad,Accessories,Khon Kaen,Online,39,599,23361,1,4.1
